-- MySQL dump 10.13  Distrib 9.2.0, for macos15.2 (arm64)
--
-- Host: shuttle.proxy.rlwy.net    Database: railway
-- ------------------------------------------------------
-- Server version	9.3.0

/*!40101 SET @OLD_CHARACTER_SET_CLIENT=@@CHARACTER_SET_CLIENT */;
/*!40101 SET @OLD_CHARACTER_SET_RESULTS=@@CHARACTER_SET_RESULTS */;
/*!40101 SET @OLD_COLLATION_CONNECTION=@@COLLATION_CONNECTION */;
/*!50503 SET NAMES utf8mb4 */;
/*!40103 SET @OLD_TIME_ZONE=@@TIME_ZONE */;
/*!40103 SET TIME_ZONE='+00:00' */;
/*!40014 SET @OLD_UNIQUE_CHECKS=@@UNIQUE_CHECKS, UNIQUE_CHECKS=0 */;
/*!40014 SET @OLD_FOREIGN_KEY_CHECKS=@@FOREIGN_KEY_CHECKS, FOREIGN_KEY_CHECKS=0 */;
/*!40101 SET @OLD_SQL_MODE=@@SQL_MODE, SQL_MODE='NO_AUTO_VALUE_ON_ZERO' */;
/*!40111 SET @OLD_SQL_NOTES=@@SQL_NOTES, SQL_NOTES=0 */;

--
-- Table structure for table `auth_group`
--

DROP TABLE IF EXISTS `auth_group`;
/*!40101 SET @saved_cs_client     = @@character_set_client */;
/*!50503 SET character_set_client = utf8mb4 */;
CREATE TABLE `auth_group` (
  `id` int NOT NULL AUTO_INCREMENT,
  `name` varchar(150) NOT NULL,
  PRIMARY KEY (`id`),
  UNIQUE KEY `name` (`name`)
) ENGINE=InnoDB DEFAULT CHARSET=utf8mb4 COLLATE=utf8mb4_0900_ai_ci;
/*!40101 SET character_set_client = @saved_cs_client */;

--
-- Dumping data for table `auth_group`
--

LOCK TABLES `auth_group` WRITE;
/*!40000 ALTER TABLE `auth_group` DISABLE KEYS */;
/*!40000 ALTER TABLE `auth_group` ENABLE KEYS */;
UNLOCK TABLES;

--
-- Table structure for table `auth_group_permissions`
--

DROP TABLE IF EXISTS `auth_group_permissions`;
/*!40101 SET @saved_cs_client     = @@character_set_client */;
/*!50503 SET character_set_client = utf8mb4 */;
CREATE TABLE `auth_group_permissions` (
  `id` bigint NOT NULL AUTO_INCREMENT,
  `group_id` int NOT NULL,
  `permission_id` int NOT NULL,
  PRIMARY KEY (`id`),
  UNIQUE KEY `auth_group_permissions_group_id_permission_id_0cd325b0_uniq` (`group_id`,`permission_id`),
  KEY `auth_group_permissio_permission_id_84c5c92e_fk_auth_perm` (`permission_id`),
  CONSTRAINT `auth_group_permissio_permission_id_84c5c92e_fk_auth_perm` FOREIGN KEY (`permission_id`) REFERENCES `auth_permission` (`id`),
  CONSTRAINT `auth_group_permissions_group_id_b120cbf9_fk_auth_group_id` FOREIGN KEY (`group_id`) REFERENCES `auth_group` (`id`)
) ENGINE=InnoDB DEFAULT CHARSET=utf8mb4 COLLATE=utf8mb4_0900_ai_ci;
/*!40101 SET character_set_client = @saved_cs_client */;

--
-- Dumping data for table `auth_group_permissions`
--

LOCK TABLES `auth_group_permissions` WRITE;
/*!40000 ALTER TABLE `auth_group_permissions` DISABLE KEYS */;
/*!40000 ALTER TABLE `auth_group_permissions` ENABLE KEYS */;
UNLOCK TABLES;

--
-- Table structure for table `auth_permission`
--

DROP TABLE IF EXISTS `auth_permission`;
/*!40101 SET @saved_cs_client     = @@character_set_client */;
/*!50503 SET character_set_client = utf8mb4 */;
CREATE TABLE `auth_permission` (
  `id` int NOT NULL AUTO_INCREMENT,
  `name` varchar(255) NOT NULL,
  `content_type_id` int NOT NULL,
  `codename` varchar(100) NOT NULL,
  PRIMARY KEY (`id`),
  UNIQUE KEY `auth_permission_content_type_id_codename_01ab375a_uniq` (`content_type_id`,`codename`),
  CONSTRAINT `auth_permission_content_type_id_2f476e4b_fk_django_co` FOREIGN KEY (`content_type_id`) REFERENCES `django_content_type` (`id`)
) ENGINE=InnoDB AUTO_INCREMENT=61 DEFAULT CHARSET=utf8mb4 COLLATE=utf8mb4_0900_ai_ci;
/*!40101 SET character_set_client = @saved_cs_client */;

--
-- Dumping data for table `auth_permission`
--

LOCK TABLES `auth_permission` WRITE;
/*!40000 ALTER TABLE `auth_permission` DISABLE KEYS */;
INSERT INTO `auth_permission` VALUES (1,'Can add log entry',1,'add_logentry'),(2,'Can change log entry',1,'change_logentry'),(3,'Can delete log entry',1,'delete_logentry'),(4,'Can view log entry',1,'view_logentry'),(5,'Can add permission',2,'add_permission'),(6,'Can change permission',2,'change_permission'),(7,'Can delete permission',2,'delete_permission'),(8,'Can view permission',2,'view_permission'),(9,'Can add group',3,'add_group'),(10,'Can change group',3,'change_group'),(11,'Can delete group',3,'delete_group'),(12,'Can view group',3,'view_group'),(13,'Can add content type',4,'add_contenttype'),(14,'Can change content type',4,'change_contenttype'),(15,'Can delete content type',4,'delete_contenttype'),(16,'Can view content type',4,'view_contenttype'),(17,'Can add session',5,'add_session'),(18,'Can change session',5,'change_session'),(19,'Can delete session',5,'delete_session'),(20,'Can view session',5,'view_session'),(21,'Can add user',6,'add_author'),(22,'Can change user',6,'change_author'),(23,'Can delete user',6,'delete_author'),(24,'Can view user',6,'view_author'),(25,'Can add asset',7,'add_asset'),(26,'Can change asset',7,'change_asset'),(27,'Can delete asset',7,'delete_asset'),(28,'Can view asset',7,'view_asset'),(29,'Can add keyword',8,'add_keyword'),(30,'Can change keyword',8,'change_keyword'),(31,'Can delete keyword',8,'delete_keyword'),(32,'Can view keyword',8,'view_keyword'),(33,'Can add status tag',9,'add_statustag'),(34,'Can change status tag',9,'change_statustag'),(35,'Can delete status tag',9,'delete_statustag'),(36,'Can view status tag',9,'view_statustag'),(37,'Can add sublayer',10,'add_sublayer'),(38,'Can change sublayer',10,'change_sublayer'),(39,'Can delete sublayer',10,'delete_sublayer'),(40,'Can view sublayer',10,'view_sublayer'),(41,'Can add commit',11,'add_commit'),(42,'Can change commit',11,'change_commit'),(43,'Can delete commit',11,'delete_commit'),(44,'Can view commit',11,'view_commit'),(45,'Can add profile',12,'add_profile'),(46,'Can change profile',12,'change_profile'),(47,'Can delete profile',12,'delete_profile'),(48,'Can view profile',12,'view_profile'),(49,'Can add request',13,'add_request'),(50,'Can change request',13,'change_request'),(51,'Can delete request',13,'delete_request'),(52,'Can view request',13,'view_request'),(53,'Can add response',14,'add_response'),(54,'Can change response',14,'change_response'),(55,'Can delete response',14,'delete_response'),(56,'Can view response',14,'view_response'),(57,'Can add sql query',15,'add_sqlquery'),(58,'Can change sql query',15,'change_sqlquery'),(59,'Can delete sql query',15,'delete_sqlquery'),(60,'Can view sql query',15,'view_sqlquery');
/*!40000 ALTER TABLE `auth_permission` ENABLE KEYS */;
UNLOCK TABLES;

--
-- Table structure for table `django_admin_log`
--

DROP TABLE IF EXISTS `django_admin_log`;
/*!40101 SET @saved_cs_client     = @@character_set_client */;
/*!50503 SET character_set_client = utf8mb4 */;
CREATE TABLE `django_admin_log` (
  `id` int NOT NULL AUTO_INCREMENT,
  `action_time` datetime(6) NOT NULL,
  `object_id` longtext,
  `object_repr` varchar(200) NOT NULL,
  `action_flag` smallint unsigned NOT NULL,
  `change_message` longtext NOT NULL,
  `content_type_id` int DEFAULT NULL,
  `user_id` bigint NOT NULL,
  PRIMARY KEY (`id`),
  KEY `django_admin_log_content_type_id_c4bce8eb_fk_django_co` (`content_type_id`),
  KEY `django_admin_log_user_id_c564eba6_fk_library_author_id` (`user_id`),
  CONSTRAINT `django_admin_log_content_type_id_c4bce8eb_fk_django_co` FOREIGN KEY (`content_type_id`) REFERENCES `django_content_type` (`id`),
  CONSTRAINT `django_admin_log_user_id_c564eba6_fk_library_author_id` FOREIGN KEY (`user_id`) REFERENCES `library_author` (`id`),
  CONSTRAINT `django_admin_log_chk_1` CHECK ((`action_flag` >= 0))
) ENGINE=InnoDB DEFAULT CHARSET=utf8mb4 COLLATE=utf8mb4_0900_ai_ci;
/*!40101 SET character_set_client = @saved_cs_client */;

--
-- Dumping data for table `django_admin_log`
--

LOCK TABLES `django_admin_log` WRITE;
/*!40000 ALTER TABLE `django_admin_log` DISABLE KEYS */;
/*!40000 ALTER TABLE `django_admin_log` ENABLE KEYS */;
UNLOCK TABLES;

--
-- Table structure for table `django_content_type`
--

DROP TABLE IF EXISTS `django_content_type`;
/*!40101 SET @saved_cs_client     = @@character_set_client */;
/*!50503 SET character_set_client = utf8mb4 */;
CREATE TABLE `django_content_type` (
  `id` int NOT NULL AUTO_INCREMENT,
  `app_label` varchar(100) NOT NULL,
  `model` varchar(100) NOT NULL,
  PRIMARY KEY (`id`),
  UNIQUE KEY `django_content_type_app_label_model_76bd3d3b_uniq` (`app_label`,`model`)
) ENGINE=InnoDB AUTO_INCREMENT=16 DEFAULT CHARSET=utf8mb4 COLLATE=utf8mb4_0900_ai_ci;
/*!40101 SET character_set_client = @saved_cs_client */;

--
-- Dumping data for table `django_content_type`
--

LOCK TABLES `django_content_type` WRITE;
/*!40000 ALTER TABLE `django_content_type` DISABLE KEYS */;
INSERT INTO `django_content_type` VALUES (1,'admin','logentry'),(3,'auth','group'),(2,'auth','permission'),(4,'contenttypes','contenttype'),(7,'library','asset'),(6,'library','author'),(11,'library','commit'),(8,'library','keyword'),(9,'library','statustag'),(10,'library','sublayer'),(5,'sessions','session'),(12,'silk','profile'),(13,'silk','request'),(14,'silk','response'),(15,'silk','sqlquery');
/*!40000 ALTER TABLE `django_content_type` ENABLE KEYS */;
UNLOCK TABLES;

--
-- Table structure for table `django_migrations`
--

DROP TABLE IF EXISTS `django_migrations`;
/*!40101 SET @saved_cs_client     = @@character_set_client */;
/*!50503 SET character_set_client = utf8mb4 */;
CREATE TABLE `django_migrations` (
  `id` bigint NOT NULL AUTO_INCREMENT,
  `app` varchar(255) NOT NULL,
  `name` varchar(255) NOT NULL,
  `applied` datetime(6) NOT NULL,
  PRIMARY KEY (`id`)
) ENGINE=InnoDB AUTO_INCREMENT=33 DEFAULT CHARSET=utf8mb4 COLLATE=utf8mb4_0900_ai_ci;
/*!40101 SET character_set_client = @saved_cs_client */;

--
-- Dumping data for table `django_migrations`
--

LOCK TABLES `django_migrations` WRITE;
/*!40000 ALTER TABLE `django_migrations` DISABLE KEYS */;
INSERT INTO `django_migrations` VALUES (1,'contenttypes','0001_initial','2025-04-21 06:41:22.263441'),(2,'contenttypes','0002_remove_content_type_name','2025-04-21 06:41:22.417218'),(3,'auth','0001_initial','2025-04-21 06:41:24.166545'),(4,'auth','0002_alter_permission_name_max_length','2025-04-21 06:41:24.610423'),(5,'auth','0003_alter_user_email_max_length','2025-04-21 06:41:24.655501'),(6,'auth','0004_alter_user_username_opts','2025-04-21 06:41:24.701837'),(7,'auth','0005_alter_user_last_login_null','2025-04-21 06:41:24.746670'),(8,'auth','0006_require_contenttypes_0002','2025-04-21 06:41:24.819439'),(9,'auth','0007_alter_validators_add_error_messages','2025-04-21 06:41:24.910400'),(10,'auth','0008_alter_user_username_max_length','2025-04-21 06:41:24.984821'),(11,'auth','0009_alter_user_last_name_max_length','2025-04-21 06:41:25.052204'),(12,'auth','0010_alter_group_name_max_length','2025-04-21 06:41:25.151490'),(13,'auth','0011_update_proxy_permissions','2025-04-21 06:41:25.230110'),(14,'auth','0012_alter_user_first_name_max_length','2025-04-21 06:41:25.280705'),(15,'library','0001_initial','2025-04-21 06:41:33.543738'),(16,'admin','0001_initial','2025-04-21 06:41:33.917235'),(17,'admin','0002_logentry_remove_auto_add','2025-04-21 06:41:34.023252'),(18,'admin','0003_logentry_add_action_flag_choices','2025-04-21 06:41:34.151215'),(19,'sessions','0001_initial','2025-04-21 06:41:34.522360'),(20,'silk','0001_initial','2025-04-21 06:41:36.116487'),(21,'silk','0002_auto_update_uuid4_id_field','2025-04-21 06:41:36.209197'),(22,'silk','0003_request_prof_file','2025-04-21 06:41:36.446164'),(23,'silk','0004_request_prof_file_storage','2025-04-21 06:41:36.518411'),(24,'silk','0005_increase_request_prof_file_length','2025-04-21 06:41:36.785472'),(25,'silk','0006_fix_request_prof_file_blank','2025-04-21 06:41:37.243255'),(26,'silk','0007_sqlquery_identifier','2025-04-21 06:41:37.356207'),(27,'silk','0008_sqlquery_analysis','2025-04-21 06:41:37.445541'),(28,'library','0002_sublayer_checkedoutby','2025-04-21 21:50:34.633735'),(29,'library','0003_sublayer_s3_versionid','2025-04-24 01:14:10.940844'),(30,'library','0004_remove_sublayer_previousverion_remove_sublayer_s3id','2025-04-27 14:44:09.875887'),(31,'library','0005_sublayer_previousversion','2025-04-27 14:44:10.805287'),(32,'library','0006_alter_commit_timestamp_alter_commit_version_and_more','2025-04-27 18:34:58.449994');
/*!40000 ALTER TABLE `django_migrations` ENABLE KEYS */;
UNLOCK TABLES;

--
-- Table structure for table `django_session`
--

DROP TABLE IF EXISTS `django_session`;
/*!40101 SET @saved_cs_client     = @@character_set_client */;
/*!50503 SET character_set_client = utf8mb4 */;
CREATE TABLE `django_session` (
  `session_key` varchar(40) NOT NULL,
  `session_data` longtext NOT NULL,
  `expire_date` datetime(6) NOT NULL,
  PRIMARY KEY (`session_key`),
  KEY `django_session_expire_date_a5c62663` (`expire_date`)
) ENGINE=InnoDB DEFAULT CHARSET=utf8mb4 COLLATE=utf8mb4_0900_ai_ci;
/*!40101 SET character_set_client = @saved_cs_client */;

--
-- Dumping data for table `django_session`
--

LOCK TABLES `django_session` WRITE;
/*!40000 ALTER TABLE `django_session` DISABLE KEYS */;
/*!40000 ALTER TABLE `django_session` ENABLE KEYS */;
UNLOCK TABLES;

--
-- Table structure for table `library_asset`
--

DROP TABLE IF EXISTS `library_asset`;
/*!40101 SET @saved_cs_client     = @@character_set_client */;
/*!50503 SET character_set_client = utf8mb4 */;
CREATE TABLE `library_asset` (
  `id` char(32) NOT NULL,
  `assetName` varchar(200) NOT NULL,
  `hasTexture` tinyint(1) NOT NULL,
  `thumbnailKey` varchar(200) DEFAULT NULL,
  `checkedOutBy_id` bigint DEFAULT NULL,
  PRIMARY KEY (`id`),
  KEY `library_asset_checkedOutBy_id_e6d5bb94_fk_library_author_id` (`checkedOutBy_id`),
  CONSTRAINT `library_asset_checkedOutBy_id_e6d5bb94_fk_library_author_id` FOREIGN KEY (`checkedOutBy_id`) REFERENCES `library_author` (`id`)
) ENGINE=InnoDB DEFAULT CHARSET=utf8mb4 COLLATE=utf8mb4_0900_ai_ci;
/*!40101 SET character_set_client = @saved_cs_client */;

--
-- Dumping data for table `library_asset`
--

LOCK TABLES `library_asset` WRITE;
/*!40000 ALTER TABLE `library_asset` DISABLE KEYS */;
INSERT INTO `library_asset` VALUES ('082f328bf76a4d48be255c620a8cd280','bookStack',0,'cis-7000-usd-assets-versioned/Assets/bookStack/contrib/.thumbs',NULL),('2c7ef29f88474ded95eb449ebb264ead','sushi',0,'cis-7000-usd-assets-versioned/Assets/sushi/contrib/.thumbs',NULL),('2df25bd14a5542aab9eaa23f1c3ccd1e','parkBench',0,'cis-7000-usd-assets-versioned/Assets/parkBench/contrib/.thumbs',NULL),('31c39c346b394a1f90cf0a00f1c4a6ef','wineGlass',0,'cis-7000-usd-assets-versioned/Assets/wineGlass/contrib/.thumbs',NULL),('39338164bc7f4fcaa1a14bc30beae3fe','yellowDuck',0,'cis-7000-usd-assets-versioned/Assets/yellowDuck/contrib/.thumbs',NULL),('3d283193f6b54cf0a233a5b83ed95819','flatTeapot',0,'cis-7000-usd-assets-versioned/Assets/flatTeapot/contrib/.thumbs',NULL),('3dcf8a1dac8242a59f83c50df682fb69','paniniPress',0,'cis-7000-usd-assets-versioned/Assets/paniniPress/contrib/.thumbs',NULL),('4be817e19e11426ebeede52145732e77','yugiohClockArc',0,'cis-7000-usd-assets-versioned/Assets/yugiohClockArc/contrib/.thumbs',NULL),('579fe0bad3f84b7babc143ab2952234e','cafeTable',0,'cis-7000-usd-assets-versioned/Assets/cafeTable/contrib/.thumbs',NULL),('5bac6ed09efe4816b7c427ffb08c599d','mug',0,'cis-7000-usd-assets-versioned/Assets/mug/contrib/.thumbs',NULL),('6188a79945fa415f906a1c6463a497eb','carrot',0,'cis-7000-usd-assets-versioned/Assets/carrot/contrib/.thumbs',NULL),('63cd5d6f9e9243fd9a6276093c547cf7','skateboard',0,'cis-7000-usd-assets-versioned/Assets/skateboard/contrib/.thumbs',NULL),('66b74b32abd8459cbe41f434285a7691','kitchenaid',0,'cis-7000-usd-assets-versioned/Assets/kitchenaid/contrib/.thumbs',NULL),('6f6441599cc045ae91530ecd6cc5a81e','campfire',0,'cis-7000-usd-assets-versioned/Assets/campfire/contrib/.thumbs',NULL),('a0d5c1f281f046cd9ff2287dfed6cd63','pickleBarrels',0,'cis-7000-usd-assets-versioned/Assets/pickleBarrels/contrib/.thumbs',NULL),('b6234f0922c94798ba12257342157faa','oldTelevision',0,'cis-7000-usd-assets-versioned/Assets/oldTelevision/contrib/.thumbs',NULL),('b7d69121f36340adbdb7bed776c42a8d','woodenChair',0,'cis-7000-usd-assets-versioned/Assets/woodenChair/contrib/.thumbs',NULL),('c0e55d851ea64aa4aeec27c29594a555','sittingMoomin',0,'cis-7000-usd-assets-versioned/Assets/sittingMoomin/contrib/.thumbs',NULL),('c4449799e71a4ce88999ea44a86e067b','vintageLamp',0,'cis-7000-usd-assets-versioned/Assets/vintageLamp/contrib/.thumbs',NULL),('db17d0c2030049769e1ba2ea54d86114','penTablet',0,'cis-7000-usd-assets-versioned/Assets/penTablet/contrib/.thumbs',NULL),('f08cf286cf1b4110bdb5c6d03dfad92a','cartoonFish',0,'cis-7000-usd-assets-versioned/Assets/cartoonFish/contrib/.thumbs',NULL),('f175fbe4933944a69d06e86c906622d6','beegCrab',0,'cis-7000-usd-assets-versioned/Assets/beegCrab/contrib/.thumbs',NULL),('f5e189a845fb4ed3930a81263a21bf99','teapot',0,'cis-7000-usd-assets-versioned/Assets/teapot/contrib/.thumbs',NULL);
/*!40000 ALTER TABLE `library_asset` ENABLE KEYS */;
UNLOCK TABLES;

--
-- Table structure for table `library_asset_keywordsList`
--

DROP TABLE IF EXISTS `library_asset_keywordsList`;
/*!40101 SET @saved_cs_client     = @@character_set_client */;
/*!50503 SET character_set_client = utf8mb4 */;
CREATE TABLE `library_asset_keywordsList` (
  `id` bigint NOT NULL AUTO_INCREMENT,
  `asset_id` char(32) NOT NULL,
  `keyword_id` bigint NOT NULL,
  PRIMARY KEY (`id`),
  UNIQUE KEY `library_asset_keywordsList_asset_id_keyword_id_2a064302_uniq` (`asset_id`,`keyword_id`),
  KEY `library_asset_keywor_keyword_id_946423c7_fk_library_k` (`keyword_id`),
  CONSTRAINT `library_asset_keywor_keyword_id_946423c7_fk_library_k` FOREIGN KEY (`keyword_id`) REFERENCES `library_keyword` (`id`),
  CONSTRAINT `library_asset_keywordsList_asset_id_3a4ca979_fk_library_asset_id` FOREIGN KEY (`asset_id`) REFERENCES `library_asset` (`id`)
) ENGINE=InnoDB AUTO_INCREMENT=140 DEFAULT CHARSET=utf8mb4 COLLATE=utf8mb4_0900_ai_ci;
/*!40101 SET character_set_client = @saved_cs_client */;

--
-- Dumping data for table `library_asset_keywordsList`
--

LOCK TABLES `library_asset_keywordsList` WRITE;
/*!40000 ALTER TABLE `library_asset_keywordsList` DISABLE KEYS */;
INSERT INTO `library_asset_keywordsList` VALUES (11,'082f328bf76a4d48be255c620a8cd280',6),(12,'082f328bf76a4d48be255c620a8cd280',7),(13,'082f328bf76a4d48be255c620a8cd280',8),(14,'082f328bf76a4d48be255c620a8cd280',9),(15,'082f328bf76a4d48be255c620a8cd280',10),(16,'082f328bf76a4d48be255c620a8cd280',11),(17,'082f328bf76a4d48be255c620a8cd280',12),(18,'082f328bf76a4d48be255c620a8cd280',13),(19,'082f328bf76a4d48be255c620a8cd280',14),(20,'082f328bf76a4d48be255c620a8cd280',15),(124,'2c7ef29f88474ded95eb449ebb264ead',29),(125,'2c7ef29f88474ded95eb449ebb264ead',90),(122,'2c7ef29f88474ded95eb449ebb264ead',96),(123,'2c7ef29f88474ded95eb449ebb264ead',97),(126,'2c7ef29f88474ded95eb449ebb264ead',98),(127,'2c7ef29f88474ded95eb449ebb264ead',99),(47,'2df25bd14a5542aab9eaa23f1c3ccd1e',18),(42,'2df25bd14a5542aab9eaa23f1c3ccd1e',34),(43,'2df25bd14a5542aab9eaa23f1c3ccd1e',35),(44,'2df25bd14a5542aab9eaa23f1c3ccd1e',36),(45,'2df25bd14a5542aab9eaa23f1c3ccd1e',37),(46,'2df25bd14a5542aab9eaa23f1c3ccd1e',38),(136,'31c39c346b394a1f90cf0a00f1c4a6ef',62),(132,'31c39c346b394a1f90cf0a00f1c4a6ef',102),(133,'31c39c346b394a1f90cf0a00f1c4a6ef',103),(134,'31c39c346b394a1f90cf0a00f1c4a6ef',104),(135,'31c39c346b394a1f90cf0a00f1c4a6ef',105),(87,'39338164bc7f4fcaa1a14bc30beae3fe',30),(85,'39338164bc7f4fcaa1a14bc30beae3fe',69),(86,'39338164bc7f4fcaa1a14bc30beae3fe',70),(88,'39338164bc7f4fcaa1a14bc30beae3fe',71),(89,'39338164bc7f4fcaa1a14bc30beae3fe',72),(90,'39338164bc7f4fcaa1a14bc30beae3fe',73),(128,'3d283193f6b54cf0a233a5b83ed95819',58),(131,'3d283193f6b54cf0a233a5b83ed95819',62),(129,'3d283193f6b54cf0a233a5b83ed95819',100),(130,'3d283193f6b54cf0a233a5b83ed95819',101),(112,'3dcf8a1dac8242a59f83c50df682fb69',62),(111,'3dcf8a1dac8242a59f83c50df682fb69',75),(116,'3dcf8a1dac8242a59f83c50df682fb69',83),(113,'3dcf8a1dac8242a59f83c50df682fb69',89),(114,'3dcf8a1dac8242a59f83c50df682fb69',90),(115,'3dcf8a1dac8242a59f83c50df682fb69',91),(95,'4be817e19e11426ebeede52145732e77',49),(91,'4be817e19e11426ebeede52145732e77',74),(92,'4be817e19e11426ebeede52145732e77',75),(93,'4be817e19e11426ebeede52145732e77',76),(94,'4be817e19e11426ebeede52145732e77',77),(21,'579fe0bad3f84b7babc143ab2952234e',16),(22,'579fe0bad3f84b7babc143ab2952234e',17),(23,'579fe0bad3f84b7babc143ab2952234e',18),(104,'5bac6ed09efe4816b7c427ffb08c599d',84),(105,'5bac6ed09efe4816b7c427ffb08c599d',85),(97,'6188a79945fa415f906a1c6463a497eb',78),(98,'6188a79945fa415f906a1c6463a497eb',79),(61,'63cd5d6f9e9243fd9a6276093c547cf7',50),(62,'63cd5d6f9e9243fd9a6276093c547cf7',51),(63,'63cd5d6f9e9243fd9a6276093c547cf7',52),(64,'63cd5d6f9e9243fd9a6276093c547cf7',53),(65,'63cd5d6f9e9243fd9a6276093c547cf7',54),(66,'63cd5d6f9e9243fd9a6276093c547cf7',55),(67,'63cd5d6f9e9243fd9a6276093c547cf7',56),(68,'63cd5d6f9e9243fd9a6276093c547cf7',57),(102,'66b74b32abd8459cbe41f434285a7691',62),(99,'66b74b32abd8459cbe41f434285a7691',80),(100,'66b74b32abd8459cbe41f434285a7691',81),(101,'66b74b32abd8459cbe41f434285a7691',82),(103,'66b74b32abd8459cbe41f434285a7691',83),(24,'6f6441599cc045ae91530ecd6cc5a81e',19),(25,'6f6441599cc045ae91530ecd6cc5a81e',20),(26,'6f6441599cc045ae91530ecd6cc5a81e',21),(27,'6f6441599cc045ae91530ecd6cc5a81e',22),(28,'6f6441599cc045ae91530ecd6cc5a81e',23),(29,'6f6441599cc045ae91530ecd6cc5a81e',24),(30,'6f6441599cc045ae91530ecd6cc5a81e',25),(31,'6f6441599cc045ae91530ecd6cc5a81e',26),(32,'6f6441599cc045ae91530ecd6cc5a81e',27),(33,'6f6441599cc045ae91530ecd6cc5a81e',28),(53,'a0d5c1f281f046cd9ff2287dfed6cd63',13),(48,'a0d5c1f281f046cd9ff2287dfed6cd63',39),(49,'a0d5c1f281f046cd9ff2287dfed6cd63',40),(50,'a0d5c1f281f046cd9ff2287dfed6cd63',41),(51,'a0d5c1f281f046cd9ff2287dfed6cd63',42),(52,'a0d5c1f281f046cd9ff2287dfed6cd63',43),(54,'a0d5c1f281f046cd9ff2287dfed6cd63',44),(55,'a0d5c1f281f046cd9ff2287dfed6cd63',45),(56,'a0d5c1f281f046cd9ff2287dfed6cd63',46),(109,'b6234f0922c94798ba12257342157faa',18),(110,'b6234f0922c94798ba12257342157faa',83),(106,'b6234f0922c94798ba12257342157faa',86),(107,'b6234f0922c94798ba12257342157faa',87),(108,'b6234f0922c94798ba12257342157faa',88),(139,'b7d69121f36340adbdb7bed776c42a8d',18),(138,'b7d69121f36340adbdb7bed776c42a8d',38),(137,'b7d69121f36340adbdb7bed776c42a8d',106),(58,'c0e55d851ea64aa4aeec27c29594a555',4),(57,'c0e55d851ea64aa4aeec27c29594a555',47),(59,'c0e55d851ea64aa4aeec27c29594a555',48),(60,'c0e55d851ea64aa4aeec27c29594a555',49),(84,'c4449799e71a4ce88999ea44a86e067b',18),(78,'c4449799e71a4ce88999ea44a86e067b',63),(79,'c4449799e71a4ce88999ea44a86e067b',64),(80,'c4449799e71a4ce88999ea44a86e067b',65),(81,'c4449799e71a4ce88999ea44a86e067b',66),(82,'c4449799e71a4ce88999ea44a86e067b',67),(83,'c4449799e71a4ce88999ea44a86e067b',68),(121,'db17d0c2030049769e1ba2ea54d86114',83),(117,'db17d0c2030049769e1ba2ea54d86114',92),(118,'db17d0c2030049769e1ba2ea54d86114',93),(119,'db17d0c2030049769e1ba2ea54d86114',94),(120,'db17d0c2030049769e1ba2ea54d86114',95),(39,'f08cf286cf1b4110bdb5c6d03dfad92a',2),(37,'f08cf286cf1b4110bdb5c6d03dfad92a',4),(38,'f08cf286cf1b4110bdb5c6d03dfad92a',5),(34,'f08cf286cf1b4110bdb5c6d03dfad92a',29),(35,'f08cf286cf1b4110bdb5c6d03dfad92a',30),(36,'f08cf286cf1b4110bdb5c6d03dfad92a',31),(40,'f08cf286cf1b4110bdb5c6d03dfad92a',32),(41,'f08cf286cf1b4110bdb5c6d03dfad92a',33),(6,'f175fbe4933944a69d06e86c906622d6',1),(7,'f175fbe4933944a69d06e86c906622d6',2),(8,'f175fbe4933944a69d06e86c906622d6',3),(9,'f175fbe4933944a69d06e86c906622d6',4),(10,'f175fbe4933944a69d06e86c906622d6',5),(74,'f5e189a845fb4ed3930a81263a21bf99',10),(76,'f5e189a845fb4ed3930a81263a21bf99',11),(75,'f5e189a845fb4ed3930a81263a21bf99',13),(77,'f5e189a845fb4ed3930a81263a21bf99',18),(69,'f5e189a845fb4ed3930a81263a21bf99',58),(70,'f5e189a845fb4ed3930a81263a21bf99',59),(71,'f5e189a845fb4ed3930a81263a21bf99',60),(72,'f5e189a845fb4ed3930a81263a21bf99',61),(73,'f5e189a845fb4ed3930a81263a21bf99',62);
/*!40000 ALTER TABLE `library_asset_keywordsList` ENABLE KEYS */;
UNLOCK TABLES;

--
-- Table structure for table `library_author`
--

DROP TABLE IF EXISTS `library_author`;
/*!40101 SET @saved_cs_client     = @@character_set_client */;
/*!50503 SET character_set_client = utf8mb4 */;
CREATE TABLE `library_author` (
  `id` bigint NOT NULL AUTO_INCREMENT,
  `password` varchar(128) NOT NULL,
  `last_login` datetime(6) DEFAULT NULL,
  `is_superuser` tinyint(1) NOT NULL,
  `username` varchar(150) NOT NULL,
  `first_name` varchar(150) NOT NULL,
  `last_name` varchar(150) NOT NULL,
  `is_staff` tinyint(1) NOT NULL,
  `is_active` tinyint(1) NOT NULL,
  `date_joined` datetime(6) NOT NULL,
  `firstName` varchar(200) NOT NULL,
  `lastName` varchar(200) NOT NULL,
  `email` varchar(200) NOT NULL,
  PRIMARY KEY (`id`),
  UNIQUE KEY `username` (`username`)
) ENGINE=InnoDB AUTO_INCREMENT=41 DEFAULT CHARSET=utf8mb4 COLLATE=utf8mb4_0900_ai_ci;
/*!40101 SET character_set_client = @saved_cs_client */;

--
-- Dumping data for table `library_author`
--

LOCK TABLES `library_author` WRITE;
/*!40000 ALTER TABLE `library_author` DISABLE KEYS */;
INSERT INTO `library_author` VALUES (14,'pbkdf2_sha256$600000$MIaP1bODw2dY6iN66KHaMq$OYPeYyneq/sfZaZwJJ5tKRQEC+t2O/xAfMSgryom9y0=',NULL,0,'willcai','','',0,1,'2025-04-21 06:44:28.574397','Will','Cai',''),(15,'pbkdf2_sha256$600000$krpgE0ZozfVhFz3MJHTgQE$zKS+mz2VHFzwPmr5Ad9nL4fMfljsGz0wPpNsW4vQPF8=',NULL,0,'eschou','','',0,1,'2025-04-21 06:44:28.791809','Elyssa','Chou',''),(16,'pbkdf2_sha256$600000$4JEINZO8cqUNN5OSUXWaIb$HTaSwP9JwsIFFSPfHRQbmCanXq4vLJjBqf3eJ3ElODE=',NULL,0,'fernc','','',0,1,'2025-04-21 06:44:28.954423','Caroline','Fernandes',''),(17,'pbkdf2_sha256$600000$7q3M9A5cbwr6a7tlWLzyxf$m7qfBpAB/BdygxPzAJZgb4dj2UzLrXj1EIZkcBOgwD0=',NULL,0,'geant','','',0,1,'2025-04-21 06:44:29.118424','Anthony','Ge',''),(18,'pbkdf2_sha256$600000$TGsMhqUYcKnmPrTe9RUGEy$C1pmbMEF01cP1I1fp9SgMAZq+yICyy1aa5kvNfATnWs=',NULL,0,'jyguan','','',0,1,'2025-04-21 06:44:29.297589','Jackie','Guan',''),(19,'pbkdf2_sha256$600000$LNgzwoQCNLlyeHDZdO3PC1$s7NXPhNHrxnOgpddvnmyKXyD4ifrfbHZIsNpjIzMazQ=',NULL,0,'aajiang','','',0,1,'2025-04-21 06:44:29.457955','Aaron','Jiang',''),(20,'pbkdf2_sha256$600000$HYJW9qFE4jwaevDebKVujN$vwWnafrlhycBeuX2vI8bIWJxI1pGzfXMdE1OVM7q6YE=',NULL,0,'raclin','','',0,1,'2025-04-21 06:44:29.619083','Rachel','Lin',''),(21,'pbkdf2_sha256$600000$cHkASTc47jayEIGi9hXyih$sSFu14nWSxc9u5onYKFL0ymyI6lLzvnIdA+YeagJrOY=',NULL,0,'liuamy05','','',0,1,'2025-04-21 06:44:29.800666','Amy','Liu',''),(22,'pbkdf2_sha256$600000$EN5yC61pZaoTDpPbm0p6Z9$cRK0EDcwr3M5iOVPQt/LQABlXXt9aAZCh/Eu5O2ECYE=',NULL,0,'claran','','',0,1,'2025-04-21 06:44:30.011940','Clara','Nolan',''),(23,'pbkdf2_sha256$600000$K8bV4wxnO8iLrxQ6tblAWm$+aPOAShFhlro2MvQlcPK5cC4z9h83VmC1mWid6BypUU=',NULL,0,'soominp','','',0,1,'2025-04-21 06:44:30.229995','Jacky','Park',''),(24,'pbkdf2_sha256$600000$mHPZIGkRq4qnW8d8E2WOgo$Oe3L8BeaBTFB3rlLEbfvaB01CuKgnOYYUMnD0Q7GCrQ=',NULL,0,'chuu','','',0,1,'2025-04-21 06:44:30.436531','Christina','Qiu',''),(25,'pbkdf2_sha256$600000$mfnmBoJdr349uKjHA2tUuj$SwIliRoisyxo6UGteuH27DQ/EOy1Hth/pCe1DUMS6yU=',NULL,0,'czw','','',0,1,'2025-04-21 06:44:30.622202','Charles','Wang',''),(26,'pbkdf2_sha256$600000$Jc2TekXh5GIleiVysBI8zF$lQvYYim9vIG9rR3iDNLGnM7cA9HOkMbdE6fz2nCoQaM=',NULL,0,'cxndy','','',0,1,'2025-04-21 06:44:30.863785','Cindy','Xu',''),(27,'pbkdf2_sha256$600000$3rQFljX60Gxk8G9DDSYcn6$bS4pD86i2hGBd6dIOdpmkK2aYeq6R7g0EhV5+wqH9SY=',NULL,0,'echou','','',0,1,'2025-04-21 06:44:37.510138','','',''),(28,'pbkdf2_sha256$600000$EGhpuA83tLgsJVEZmWQjBo$C9EYHGra3ti9+ovl9Bq1ER959vY2a0GFtKnyfJzsfLo=',NULL,0,'xizou','','',0,1,'2025-04-21 06:49:37.590701','','',''),(29,'pbkdf2_sha256$600000$ClAwCs51I66S8zElMmyYgL$/3JLcKq66vEIJIFhPfKI0oY8SeMqQ5QdKGUgF1S4u0w=',NULL,0,'jofisch','','',0,1,'2025-04-21 06:49:37.984883','','',''),(30,'pbkdf2_sha256$600000$BgmlXhSPXjoqfJcqHTVZ5o$U0FNcHgtswGH/IFlJ18J9LEg4WMA9zxS7NqiviD7izU=',NULL,0,'tlshaw','','',0,1,'2025-04-21 06:49:41.213741','','',''),(31,'pbkdf2_sha256$600000$0cMJRCCfSR2nGPxZHHmlVJ$hFwVwoktNbjpbyr/0/wunyQ7mwnGgMBtqqhjKr7SkDE=',NULL,0,'unknown','','',0,1,'2025-04-21 06:49:43.844851','','',''),(32,'pbkdf2_sha256$600000$KEuzdn6sBuHL9d7DvOC4sh$Ae5pETxkikbYMxS7EeypLiId8r750GbXJawByInb6n8=',NULL,0,'chengca','','',0,1,'2025-04-21 06:49:48.058698','','',''),(33,'pbkdf2_sha256$600000$wOir16JE9sg8dfVLPLuG0d$L5755Umf1uR+RTqvTl8dV3GY0gqSoM0SJLSoTpLZh78=',NULL,0,'hwang27','','',0,1,'2025-04-21 06:49:48.451384','','',''),(34,'pbkdf2_sha256$600000$0EAP7Q2OPMo6MQVjgjKHG9$AWnRKAm7fqy7I6oHu5WVG+l3JumtX4pDYM5vfIZ3M/c=',NULL,0,'dmeegoda','','',0,1,'2025-04-21 06:49:54.625973','','',''),(35,'pbkdf2_sha256$600000$SwfXjZ5R0YB0xjY1YfW1nQ$YlBR/cw6F3Ebwfy4QEGhODYTj6Ck1KLlSZyIswqp4jY=',NULL,0,'lijacque','','',0,1,'2025-04-21 06:49:54.978134','','',''),(36,'pbkdf2_sha256$600000$a9vsvpVwB5dNGkav7Iw9gI$VzXLoHsvuki+YKQh7el/+mmTIMiPqAgI2pOZcSYHDWs=',NULL,0,'annieqiu','','',0,1,'2025-04-21 06:49:58.960495','','',''),(37,'pbkdf2_sha256$600000$N7WhEDw0tkA8VrG3OR5lf5$S7tCmbgOueGD+UmYk6wjpXjMS41iNIWQIh0AhR0nhnw=',NULL,0,'zhulinda','','',0,1,'2025-04-21 06:49:59.534908','','',''),(38,'pbkdf2_sha256$600000$CGNEGE2Y5mUkzALRX2oRRb$5ctjjhDUPCbeU4BAe1t1fo+SM2XEdJu8U0+txnoJjhM=',NULL,0,'debbylin','','',0,1,'2025-04-21 06:50:02.375890','','',''),(39,'pbkdf2_sha256$600000$yi401LYm26qXtQZ0QG8dpG$thpQhlxZNWDt/erJv181VaLJrYyDA11uue65rihn/bM=',NULL,0,'lyifa','','',0,1,'2025-04-21 06:50:04.310508','','',''),(40,'pbkdf2_sha256$600000$L03DtVj360tk9ydbV1g0DT$skwfkPTM1aA9Q/rWV7DUzby8BFHawxlsVdWcNERlDzM=',NULL,0,'ckyra','','',0,1,'2025-04-21 06:50:04.589882','','','');
/*!40000 ALTER TABLE `library_author` ENABLE KEYS */;
UNLOCK TABLES;

--
-- Table structure for table `library_author_groups`
--

DROP TABLE IF EXISTS `library_author_groups`;
/*!40101 SET @saved_cs_client     = @@character_set_client */;
/*!50503 SET character_set_client = utf8mb4 */;
CREATE TABLE `library_author_groups` (
  `id` bigint NOT NULL AUTO_INCREMENT,
  `author_id` bigint NOT NULL,
  `group_id` int NOT NULL,
  PRIMARY KEY (`id`),
  UNIQUE KEY `library_author_groups_author_id_group_id_a5d38461_uniq` (`author_id`,`group_id`),
  KEY `library_author_groups_group_id_6d034c61_fk_auth_group_id` (`group_id`),
  CONSTRAINT `library_author_groups_author_id_f54c3d02_fk_library_author_id` FOREIGN KEY (`author_id`) REFERENCES `library_author` (`id`),
  CONSTRAINT `library_author_groups_group_id_6d034c61_fk_auth_group_id` FOREIGN KEY (`group_id`) REFERENCES `auth_group` (`id`)
) ENGINE=InnoDB DEFAULT CHARSET=utf8mb4 COLLATE=utf8mb4_0900_ai_ci;
/*!40101 SET character_set_client = @saved_cs_client */;

--
-- Dumping data for table `library_author_groups`
--

LOCK TABLES `library_author_groups` WRITE;
/*!40000 ALTER TABLE `library_author_groups` DISABLE KEYS */;
/*!40000 ALTER TABLE `library_author_groups` ENABLE KEYS */;
UNLOCK TABLES;

--
-- Table structure for table `library_author_user_permissions`
--

DROP TABLE IF EXISTS `library_author_user_permissions`;
/*!40101 SET @saved_cs_client     = @@character_set_client */;
/*!50503 SET character_set_client = utf8mb4 */;
CREATE TABLE `library_author_user_permissions` (
  `id` bigint NOT NULL AUTO_INCREMENT,
  `author_id` bigint NOT NULL,
  `permission_id` int NOT NULL,
  PRIMARY KEY (`id`),
  UNIQUE KEY `library_author_user_perm_author_id_permission_id_878e589f_uniq` (`author_id`,`permission_id`),
  KEY `library_author_user__permission_id_8a1a11f9_fk_auth_perm` (`permission_id`),
  CONSTRAINT `library_author_user__author_id_8c1463cb_fk_library_a` FOREIGN KEY (`author_id`) REFERENCES `library_author` (`id`),
  CONSTRAINT `library_author_user__permission_id_8a1a11f9_fk_auth_perm` FOREIGN KEY (`permission_id`) REFERENCES `auth_permission` (`id`)
) ENGINE=InnoDB DEFAULT CHARSET=utf8mb4 COLLATE=utf8mb4_0900_ai_ci;
/*!40101 SET character_set_client = @saved_cs_client */;

--
-- Dumping data for table `library_author_user_permissions`
--

LOCK TABLES `library_author_user_permissions` WRITE;
/*!40000 ALTER TABLE `library_author_user_permissions` DISABLE KEYS */;
/*!40000 ALTER TABLE `library_author_user_permissions` ENABLE KEYS */;
UNLOCK TABLES;

--
-- Table structure for table `library_commit`
--

DROP TABLE IF EXISTS `library_commit`;
/*!40101 SET @saved_cs_client     = @@character_set_client */;
/*!50503 SET character_set_client = utf8mb4 */;
CREATE TABLE `library_commit` (
  `id` char(32) NOT NULL,
  `version` varchar(32) NOT NULL,
  `timestamp` datetime(6) NOT NULL,
  `note` longtext NOT NULL,
  `asset_id` char(32) NOT NULL,
  `author_id` bigint DEFAULT NULL,
  PRIMARY KEY (`id`),
  KEY `library_commit_asset_id_413107ba_fk_library_asset_id` (`asset_id`),
  KEY `library_commit_author_id_176d6481_fk_library_author_id` (`author_id`),
  KEY `library_commit_timestamp_7bc2a52e` (`timestamp`),
  KEY `library_commit_version_b51ce0c6` (`version`),
  CONSTRAINT `library_commit_asset_id_413107ba_fk_library_asset_id` FOREIGN KEY (`asset_id`) REFERENCES `library_asset` (`id`),
  CONSTRAINT `library_commit_author_id_176d6481_fk_library_author_id` FOREIGN KEY (`author_id`) REFERENCES `library_author` (`id`)
) ENGINE=InnoDB DEFAULT CHARSET=utf8mb4 COLLATE=utf8mb4_0900_ai_ci;
/*!40101 SET character_set_client = @saved_cs_client */;

--
-- Dumping data for table `library_commit`
--

LOCK TABLES `library_commit` WRITE;
/*!40000 ALTER TABLE `library_commit` DISABLE KEYS */;
INSERT INTO `library_commit` VALUES ('001ac9a1904d46e2b29a4a75780fa815','02.00.00','2024-02-12 00:00:00.000000','Week 3 update: schema version update, add LODs','66b74b32abd8459cbe41f434285a7691',30),('01ae6f63a86c45c194975b6f7c862c5b','03.00.00','2025-02-14 02:59:00.000000','Converted LODs to a variant set','a0d5c1f281f046cd9ff2287dfed6cd63',18),('03fd79c412ca4c8f99fa080e96ed9431','05.00.00','2025-04-27 14:54:29.000000','Standardize assets to final project USD structure.','31c39c346b394a1f90cf0a00f1c4a6ef',29),('08230acecd3545ea9623ae75b96792fd','04.00.00','2025-04-27 14:54:30.000000','Standardize assets to final project USD structure.','4be817e19e11426ebeede52145732e77',21),('082bcc45f4364815a58bc12565677a33','01.00.00','2024-11-13 21:49:00.000000','Initial creation','2df25bd14a5542aab9eaa23f1c3ccd1e',25),('08b28d92ef3c4444b7674d702b991163','05.00.00','2025-04-27 14:54:31.000000','Standardize assets to final project USD structure.','6188a79945fa415f906a1c6463a497eb',28),('0c5066e5a6a74b9cbc9c9b3900f0318d','05.00.00','2024-04-08 00:00:00.000000','Week 10 update: USDA things','66b74b32abd8459cbe41f434285a7691',30),('0f6600dea1a64039b21aa8f6d45abcb0','01.00.00','2024-02-29 20:06:49.000000','Initial creation','c0e55d851ea64aa4aeec27c29594a555',22),('10a5599fb94d45559d1c6090a85fc04c','04.00.00','2025-04-27 14:54:29.000000','Standardize assets to final project USD structure.','082f328bf76a4d48be255c620a8cd280',27),('10dbcf5b85f447abbc93d59c333a4a1c','01.00.00','2024-02-12 00:00:00.000000','created initial mesh and LODs','db17d0c2030049769e1ba2ea54d86114',31),('1b5b4fb2d7d54b798f3aba0c4bf2564b','05.00.00','2025-04-27 14:54:29.000000','Standardize assets to final project USD structure.','2c7ef29f88474ded95eb449ebb264ead',34),('1b8523fac92e47548db29d8d903c715c','01.00.00','2024-02-12 00:00:00.000000','initial upload','b7d69121f36340adbdb7bed776c42a8d',39),('200d0851a1e341ff98f608b3b6f5c964','03.00.00','2025-02-18 02:20:00.000000','Converted LODs to a varient set','63cd5d6f9e9243fd9a6276093c547cf7',14),('27a42826d23648c2950813057e8aef3b','02.00.00','2024-02-19 00:00:00.000000','combined LODs into one asset with variant set','db17d0c2030049769e1ba2ea54d86114',31),('2fe069c0521e49f8b49a7e81c53e819d','02.00.00','2025-02-13 22:05:22.000000','Added LODs','63cd5d6f9e9243fd9a6276093c547cf7',26),('314883862b0f4134bf3518d58c6eccf8','01.00.00','2024-11-04 03:19:00.000000','Initial creation','579fe0bad3f84b7babc143ab2952234e',14),('341cbadd5c3b4cde9da4795157532b4c','03.00.00','2025-02-16 07:04:00.000000','Converted LODs to a variant set','39338164bc7f4fcaa1a14bc30beae3fe',20),('37379d25def04ecda689e94fb9edf58b','01.00.00','2024-02-12 00:00:00.000000','Create initial assets and LODs.','3d283193f6b54cf0a233a5b83ed95819',36),('39bd8cd533fd4770b1396fcbc2740c23','02.00.00','2025-02-09 15:30:00.000000','Added LODs','f5e189a845fb4ed3930a81263a21bf99',20),('3ac753cfd6a945ac9f316bf8fea01d19','01.00.00','2024-02-12 00:00:00.000000','','6188a79945fa415f906a1c6463a497eb',28),('3b45de18fe874e6eabe5cbe65471e5b9','01.00.00','2025-02-04 03:14:32.000000','Initial creation','f08cf286cf1b4110bdb5c6d03dfad92a',23),('3fa24a147e844ce098a09e0d1a20b910','02.00.00','2024-02-19 00:00:00.000000','combined LODs into one asset with variant set','31c39c346b394a1f90cf0a00f1c4a6ef',38),('4044890db4294e7496e592430109106f','04.00.00','2025-04-27 14:54:32.000000','Standardize assets to final project USD structure.','f175fbe4933944a69d06e86c906622d6',17),('417e84b4ea95486cb7c332c505fda838','04.00.00','2024-04-08 00:00:00.000000','adjusting format to fit standard','5bac6ed09efe4816b7c427ffb08c599d',31),('41a8a30353b648ccab73c1ca06d3be53','03.00.00','2024-02-25 00:00:00.000000','updated metadata','b6234f0922c94798ba12257342157faa',31),('4617d527ce664539ac4d04b98f39c775','02.00.00','2024-02-19 00:00:00.000000','created variants set and added default prim. Added transformation adjustments for each LOD.','3dcf8a1dac8242a59f83c50df682fb69',33),('4b97c3e445a149bca609e5510426ad95','01.00.00','2024-05-23 04:48:00.000000','Inital creation','a0d5c1f281f046cd9ff2287dfed6cd63',19),('50cebaaabab640fe81bb36d925a3ff32','02.00.00','2025-02-11 01:48:00.000000','Added LODs','39338164bc7f4fcaa1a14bc30beae3fe',24),('53e87e970024471aa5f9d59df80cd3ad','03.00.00','2025-02-16 05:22:06.000000','Converted LODs to a variant set','2df25bd14a5542aab9eaa23f1c3ccd1e',21),('540024a960e340678bbc400097b28d3f','03.00.00','2025-02-19 04:59:00.000000','Converted LODs to a variant set','082f328bf76a4d48be255c620a8cd280',22),('582095eb65d6427eab78e83312c6193d','02.00.00','2025-01-30 21:20:00.000000','Added LODs','6f6441599cc045ae91530ecd6cc5a81e',18),('58d67426fe6e409b92cae3f1b9cd6114','01.00.00','2024-02-12 00:00:00.000000','initial object','2c7ef29f88474ded95eb449ebb264ead',34),('59571c714f894bed9cb0897d9305e4b8','03.00.00','2024-02-26 00:00:00.000000','Corrected transformations and recreate LOD0.usda','3d283193f6b54cf0a233a5b83ed95819',36),('59c4ddbbf461431e997d5cd9d1b25956','02.00.00','2025-02-12 00:50:32.000000','Added LODs','c0e55d851ea64aa4aeec27c29594a555',22),('5b4d4b670fd34c7894b0e73b3e3aaab5','03.00.00','2024-02-25 00:00:00.000000','updated metadata','db17d0c2030049769e1ba2ea54d86114',31),('5e7a162ff3324b7da8b1b01b65b36bec','04.00.00','2024-04-08 00:00:00.000000','updated asset structure','db17d0c2030049769e1ba2ea54d86114',31),('5f0f81aacddf40ef9c96d968e4c3ace8','04.00.00','2025-04-27 14:54:30.000000','Standardize assets to final project USD structure.','3d283193f6b54cf0a233a5b83ed95819',36),('5fd4844cd9604823ac0d1ac5fa61ff9a','04.00.00','2024-04-08 00:00:00.000000','updated asset structure','b6234f0922c94798ba12257342157faa',31),('630802fb36a24f8194e58c83631b74ed','04.00.00','2024-04-08 00:00:00.000000','adjusting format to fit standard','6188a79945fa415f906a1c6463a497eb',28),('6a95cdd486874ff69815c584776f892f','02.00.00','2025-02-10 21:59:44.000000','Added LODs','2df25bd14a5542aab9eaa23f1c3ccd1e',25),('6fdb70b726224a8a9778394fafaed9c0','04.00.00','2025-04-27 14:54:30.000000','Standardize assets to final project USD structure.','579fe0bad3f84b7babc143ab2952234e',14),('73159c4f081b4195a5398a1c80375646','04.00.00','2024-02-26 00:00:00.000000','Week 5 update: schema version update','66b74b32abd8459cbe41f434285a7691',30),('73d77d8066b048fdaa5cb53f8299add0','01.00.00','2024-11-21 17:00:00.000000','Initial creation','6f6441599cc045ae91530ecd6cc5a81e',18),('75271bd9cfb64de19ea2b87dacd46a07','04.00.00','2025-04-27 14:54:31.000000','Standardize assets to final project USD structure.','63cd5d6f9e9243fd9a6276093c547cf7',26),('7768e01ecfb94601ba27e213c841d797','03.00.00','2024-02-25 00:00:00.000000','updated metadata','31c39c346b394a1f90cf0a00f1c4a6ef',29),('7831dae0482b42a69a1d0a70e2b24fc4','02.00.00','2025-02-07 22:08:00.000000','Added LODs','082f328bf76a4d48be255c620a8cd280',27),('7bcaf7366a0f47c9b617cce7a5454d58','02.00.00','2024-02-19 00:00:00.000000','added variants','5bac6ed09efe4816b7c427ffb08c599d',31),('7c5e07f6fcad4550a221d488db23e390','01.00.00','2024-10-14 20:08:00.000000','Initial creation','082f328bf76a4d48be255c620a8cd280',27),('7c65c53193494d16b3c18e83046be704','04.00.00','2024-04-08 00:00:00.000000','adjusting format to support assembly','3dcf8a1dac8242a59f83c50df682fb69',32),('8060401cf94c49519913103af6664ff5','01.00.00','2024-01-30 00:00:00.000000','initial upload','3dcf8a1dac8242a59f83c50df682fb69',32),('80e187d5ae2d48a1aa5969713728ff52','05.00.00','2025-04-27 14:54:32.000000','Standardize assets to final project USD structure.','b6234f0922c94798ba12257342157faa',31),('83adfd4a64da4bb6be2754ef9d8487bf','04.00.00','2025-02-17 18:26:00.000000','Converted LODs to a variant set','c4449799e71a4ce88999ea44a86e067b',26),('86b6a2c304a6440fadbe9ecdde9f23df','02.00.00','2024-02-15 00:00:00.000000','created variants set, added default prim and put all prims under one xform to LODs','b7d69121f36340adbdb7bed776c42a8d',40),('888dbd6f89d74ff5920c2b3a0c54e8b5','02.00.00','2024-02-19 00:00:00.000000','added variants','6188a79945fa415f906a1c6463a497eb',29),('8914b448f1e94d2c9a5b65bb44c2bf2d','04.00.00','2025-04-27 14:54:31.000000','Standardize assets to final project USD structure.','6f6441599cc045ae91530ecd6cc5a81e',18),('8930071d64ee4deeb824d7d97f5d6aa7','05.00.00','2025-04-27 14:54:30.000000','Standardize assets to final project USD structure.','3dcf8a1dac8242a59f83c50df682fb69',32),('8b599b89cae0451d8f02f0f8b4c04cd8','02.00.00','2024-02-19 00:00:00.000000','combined LODs into one asset with variant set','b6234f0922c94798ba12257342157faa',31),('8e437cd562b34e0f9c216fb2a1a884c9','04.00.00','2025-04-27 14:54:29.000000','Standardize assets to final project USD structure.','2df25bd14a5542aab9eaa23f1c3ccd1e',25),('8f25fb20b7b64e5ebd2116b1a6649971','01.00.00','2025-01-30 18:06:00.000000','Initial creation','c4449799e71a4ce88999ea44a86e067b',16),('9438cca5aaa14472a653f34fd65ef7ef','02.00.00','2025-02-12 05:00:26.000000','Added LODs','4be817e19e11426ebeede52145732e77',21),('94412349ce034ae6a57bccaf02cb4cbc','03.00.00','2025-02-14 23:46:00.000000','Converted LODs to a variant set','579fe0bad3f84b7babc143ab2952234e',16),('97356a97e3724964855d050a3b32d7a0','02.00.00','2024-02-19 00:00:00.000000','created variant sets','2c7ef29f88474ded95eb449ebb264ead',35),('98c25c753c994c2dabf62ffcf6854893','03.00.00','2025-02-13 05:28:00.000000','Converted LODs to a variant set','6f6441599cc045ae91530ecd6cc5a81e',19),('9cc050f8df3d47f18321860443d5efb7','04.00.00','2025-04-27 14:54:29.000000','Standardize assets to final project USD structure.','39338164bc7f4fcaa1a14bc30beae3fe',24),('a060ae11f20f47c295c978b3d20d68e4','03.00.00','2024-02-27 00:00:00.000000','fixed scales for the LODs','3dcf8a1dac8242a59f83c50df682fb69',32),('a23502cb6fbe41eda402306bfcadde39','02.00.00','2025-02-10 00:14:28.000000','Added LODs','f08cf286cf1b4110bdb5c6d03dfad92a',23),('a5af7751dfb646dc9c2602c30580905f','01.00.00','2025-02-04 01:00:22.000000','Initial creation','63cd5d6f9e9243fd9a6276093c547cf7',26),('a6828e73d2294bca80df36bec85b5ef6','04.00.00','2024-04-08 00:00:00.000000','add sublayers to woodenChair.usda','b7d69121f36340adbdb7bed776c42a8d',39),('a972cae8b64a446ca20f69fd50512a68','04.00.00','2024-03-04 00:00:00.000000','fixed up asset structures for week 10 (allowing sublayers and lods per model variant)','2c7ef29f88474ded95eb449ebb264ead',34),('abc488e0720a4157b80eb82c929b3d35','02.00.00','2024-02-19 00:00:00.000000','Created LOD variants and Rescaled original model','3d283193f6b54cf0a233a5b83ed95819',37),('ad8b2e590a2b4e1fbd36a23d047d6b94','05.00.00','2025-04-27 14:54:31.000000','Standardize assets to final project USD structure.','5bac6ed09efe4816b7c427ffb08c599d',31),('b48040f447fe41b6adc06c86635ed3fe','01.00.00','2024-12-03 19:55:13.000000','Initial version','4be817e19e11426ebeede52145732e77',21),('b488a096c70f4a95815f4b4a3271d55b','04.00.00','2025-04-27 14:54:32.000000','Standardize assets to final project USD structure.','f5e189a845fb4ed3930a81263a21bf99',20),('b5a01439c6984206b0c2897031285d34','01.00.00','2025-02-04 01:48:00.000000','Initial creation','39338164bc7f4fcaa1a14bc30beae3fe',24),('bcfa5267c1734f649512f2031f81bbf0','03.00.00','2024-03-13 00:00:00.000000','adjusting format to fit standard','6188a79945fa415f906a1c6463a497eb',28),('c08c25fe57b34be086211a48d294f9b9','01.00.00','2024-02-05 00:00:00.000000','Initial version','66b74b32abd8459cbe41f434285a7691',30),('c117258181e947a39b1d50fe1cb2dc23','06.00.00','2025-04-27 14:54:31.000000','Standardize assets to final project USD structure.','66b74b32abd8459cbe41f434285a7691',30),('c2c0ceed288e40eb980113aabe074af1','03.00.00','2025-02-18 03:41:03.000000','Converted LODs to a variant set','f08cf286cf1b4110bdb5c6d03dfad92a',17),('c2f5bd419843464787b73a296ae12a59','02.00.00','2025-02-10 20:17:02.000000','Added LODs','f175fbe4933944a69d06e86c906622d6',17),('c49d0149a34343ce921bedd142316fa1','03.00.00','2025-02-16 05:18:00.000000','Fixed scale for LOD1&2','c4449799e71a4ce88999ea44a86e067b',16),('c4e7357fbf214c10b07d5a94a44f1877','03.00.00','2024-03-13 00:00:00.000000','adjusting format to fit standard','5bac6ed09efe4816b7c427ffb08c599d',31),('c86cc8d1b0704012a3e4798a753bf207','03.00.00','2024-02-19 00:00:00.000000','Week 4 update: schema version update, add main usda','66b74b32abd8459cbe41f434285a7691',30),('cb8888970a0a4eac9f59e0b929081b0d','02.00.00','2025-02-04 00:30:00.000000','Added LODs','579fe0bad3f84b7babc143ab2952234e',14),('ce792b65f0f84479a8f121ec5b17d96e','04.00.00','2025-04-27 14:54:31.000000','Standardize assets to final project USD structure.','a0d5c1f281f046cd9ff2287dfed6cd63',19),('cfe66c6547fc4a93842ec2d974a7036d','02.00.00','2025-02-09 04:48:00.000000','Added LODs','a0d5c1f281f046cd9ff2287dfed6cd63',19),('d2a22ce87fe6488fa658c43968ad51e9','03.00.00','2024-02-15 00:00:01.000000','set the scale of LOD1, LOD2 to match LOD0; cleaned up the file','b7d69121f36340adbdb7bed776c42a8d',39),('d3caf093a9a8400d83b804fa2690a943','03.00.00','2025-02-16 21:05:27.000000','Converted LODs to a variant set','4be817e19e11426ebeede52145732e77',25),('d4c53fb62da540a59d8284085da38014','03.00.00','2025-02-13 16:23:00.000000','Converted LODs to a variant set','c0e55d851ea64aa4aeec27c29594a555',15),('d765ee03386a45178d376fea3994bd90','04.00.00','2025-04-27 14:54:32.000000','Standardize assets to final project USD structure.','c0e55d851ea64aa4aeec27c29594a555',22),('da2ecce389dc444ab58cb5350c95d22d','01.00.00','2024-02-12 00:00:00.000000','created initial mesh and LODs','31c39c346b394a1f90cf0a00f1c4a6ef',29),('df59caf90ed04c79961930eaa2bf113a','01.00.00','2025-02-04 07:02:00.000000','Initial creation','f5e189a845fb4ed3930a81263a21bf99',20),('e0399415f1214f3cbe28bae4deeeb20d','03.00.00','2025-02-18 03:34:00.000000','Converted LODs to a variant set','f175fbe4933944a69d06e86c906622d6',23),('e452ba046c2a4988844b254459c2b802','05.00.00','2025-04-27 14:54:32.000000','Standardize assets to final project USD structure.','b7d69121f36340adbdb7bed776c42a8d',39),('e8907ca713ac487997030771f58abe33','04.00.00','2025-04-27 14:54:32.000000','Standardize assets to final project USD structure.','f08cf286cf1b4110bdb5c6d03dfad92a',23),('eb8fa9e26c974a1e96fc7194896c8541','05.00.00','2025-04-27 14:54:32.000000','Standardize assets to final project USD structure.','db17d0c2030049769e1ba2ea54d86114',31),('ef0ae0716eb64cbe8eb71251e4a6a90a','02.00.00','2025-02-04 21:21:00.000000','Added LODs','c4449799e71a4ce88999ea44a86e067b',16),('f21393a2fd504424a55482e89e812ffb','01.00.00','2024-02-12 00:00:00.000000','','5bac6ed09efe4816b7c427ffb08c599d',31),('f4b79e645eef40ecacd49a6db56d92e2','01.00.00','2024-02-12 00:00:00.000000','created initial mesh and LODs','b6234f0922c94798ba12257342157faa',31),('f7f93acbba5b40d6962e1968fb33ef2d','01.00.00','2024-04-22 02:17:05.000000','Initial creation','f175fbe4933944a69d06e86c906622d6',17),('f9df075641ee449399cd5fbdfa3ce8fd','03.00.00','2024-02-26 00:00:00.000000','fixed up asset standards for week 5 (to version 1.3)','2c7ef29f88474ded95eb449ebb264ead',34),('fb9768650b0149d7a05d8cc593982f01','04.00.00','2024-04-08 00:00:00.000000','updated asset structure','31c39c346b394a1f90cf0a00f1c4a6ef',29),('fc33efcd3fbd46d198eed2843f3d4d9a','03.00.00','2025-02-17 13:08:00.000000','Converted LODs to a variant set','f5e189a845fb4ed3930a81263a21bf99',24),('fe884b51ef2649f2b8b87e0e83923fa3','05.00.00','2025-04-27 14:54:32.000000','Standardize assets to final project USD structure.','c4449799e71a4ce88999ea44a86e067b',16);
/*!40000 ALTER TABLE `library_commit` ENABLE KEYS */;
UNLOCK TABLES;

--
-- Table structure for table `library_commit_sublayers`
--

DROP TABLE IF EXISTS `library_commit_sublayers`;
/*!40101 SET @saved_cs_client     = @@character_set_client */;
/*!50503 SET character_set_client = utf8mb4 */;
CREATE TABLE `library_commit_sublayers` (
  `id` bigint NOT NULL AUTO_INCREMENT,
  `commit_id` char(32) NOT NULL,
  `sublayer_id` char(32) NOT NULL,
  PRIMARY KEY (`id`),
  UNIQUE KEY `library_commit_sublayers_commit_id_sublayer_id_57f9d764_uniq` (`commit_id`,`sublayer_id`),
  KEY `library_commit_subla_sublayer_id_02949159_fk_library_s` (`sublayer_id`),
  CONSTRAINT `library_commit_subla_sublayer_id_02949159_fk_library_s` FOREIGN KEY (`sublayer_id`) REFERENCES `library_sublayer` (`id`),
  CONSTRAINT `library_commit_sublayers_commit_id_d1af5701_fk_library_commit_id` FOREIGN KEY (`commit_id`) REFERENCES `library_commit` (`id`)
) ENGINE=InnoDB AUTO_INCREMENT=937 DEFAULT CHARSET=utf8mb4 COLLATE=utf8mb4_0900_ai_ci;
/*!40101 SET character_set_client = @saved_cs_client */;

--
-- Dumping data for table `library_commit_sublayers`
--

LOCK TABLES `library_commit_sublayers` WRITE;
/*!40000 ALTER TABLE `library_commit_sublayers` DISABLE KEYS */;
INSERT INTO `library_commit_sublayers` VALUES (523,'01ae6f63a86c45c194975b6f7c862c5b','3ef6d71844a24f91b7454ea86c5afd3e'),(517,'01ae6f63a86c45c194975b6f7c862c5b','40b59a8213fa4a98a4665f0aa324ef35'),(521,'01ae6f63a86c45c194975b6f7c862c5b','972f53e4f0f1482ab656694a4596acde'),(519,'01ae6f63a86c45c194975b6f7c862c5b','9b03dfdd1120450391bdda6166c526ce'),(518,'01ae6f63a86c45c194975b6f7c862c5b','9fab9d40bca3497184b96660b84a9e5b'),(520,'01ae6f63a86c45c194975b6f7c862c5b','b243827be81243e18ac90c07dfc06fdc'),(522,'01ae6f63a86c45c194975b6f7c862c5b','b94f49c7574341619dd5e1ba2adbab7f'),(743,'03fd79c412ca4c8f99fa080e96ed9431','16c21e481acd4ad393db97b2f5aae91d'),(742,'03fd79c412ca4c8f99fa080e96ed9431','4025102dcb894c6f9acf326d1eae4b92'),(740,'03fd79c412ca4c8f99fa080e96ed9431','443407e33eb64c4cb7f11c0807d0dfff'),(734,'03fd79c412ca4c8f99fa080e96ed9431','5ca846a3677d4b2aaebf4a38cdf86634'),(736,'03fd79c412ca4c8f99fa080e96ed9431','7c2f5164a40542f68fca1687595c325a'),(741,'03fd79c412ca4c8f99fa080e96ed9431','88e1ec3e6562472b966a743f3ed41457'),(735,'03fd79c412ca4c8f99fa080e96ed9431','a98c3f91de5144768d4bc59ab3e9ab46'),(738,'03fd79c412ca4c8f99fa080e96ed9431','b8b3cb6e4e1e4f26a1780b69299f265b'),(737,'03fd79c412ca4c8f99fa080e96ed9431','d95f938025274163ab6043b215c25b6c'),(739,'03fd79c412ca4c8f99fa080e96ed9431','f38bb7aee72f41a9871dafd164bb5f4c'),(782,'08230acecd3545ea9623ae75b96792fd','39ebc668c8db4fe08f183abd6cdb697d'),(775,'08230acecd3545ea9623ae75b96792fd','4666e87cc16948749b755ac3d1d991ee'),(774,'08230acecd3545ea9623ae75b96792fd','8d15c2c51f14448cb61ed5f36c163b7a'),(780,'08230acecd3545ea9623ae75b96792fd','9d5eacbb3e04497d9d52df5a4756ee78'),(783,'08230acecd3545ea9623ae75b96792fd','a8225c3f3f0b440ba45b9d83f1995cd2'),(777,'08230acecd3545ea9623ae75b96792fd','b0db1fc0323f471bae9f50df0daf0ca0'),(781,'08230acecd3545ea9623ae75b96792fd','c30276a1a06f405ab2d9d89d7a7e7249'),(778,'08230acecd3545ea9623ae75b96792fd','eafb2bd22ca7456d8994e0f2320daf02'),(779,'08230acecd3545ea9623ae75b96792fd','ec682351cd1d486dbd7f4962a7ba9a21'),(776,'08230acecd3545ea9623ae75b96792fd','ee6af650b7674010bd8163aec0c365c5'),(277,'082bcc45f4364815a58bc12565677a33','e875aaafec874e149484dd7a2e58ebad'),(276,'082bcc45f4364815a58bc12565677a33','efa1f79f98914b9aa9cf923f5688444f'),(808,'08b28d92ef3c4444b7674d702b991163','15b99bd50fc849f088ea634b394691a5'),(804,'08b28d92ef3c4444b7674d702b991163','3613fc0c419549e5834ee331db511ce9'),(806,'08b28d92ef3c4444b7674d702b991163','3a029cbfbbf14efc94c3a1cb5e1b9412'),(807,'08b28d92ef3c4444b7674d702b991163','3c3f19f802be44678ff29fa8f1383a21'),(810,'08b28d92ef3c4444b7674d702b991163','8e5908f64a8041cf83f3c3b0b317a136'),(809,'08b28d92ef3c4444b7674d702b991163','9b2b1c5f4b2543cea59533e9a103aaf9'),(805,'08b28d92ef3c4444b7674d702b991163','9f133b2a743547d893dddd9dcaaa8f38'),(811,'08b28d92ef3c4444b7674d702b991163','9f232321c17f45498f23d5da70dbd962'),(813,'08b28d92ef3c4444b7674d702b991163','bcc3c848efd248e88196d5a04d878309'),(812,'08b28d92ef3c4444b7674d702b991163','e71e0cdc8c7c4f3bb1f411e035b9fe80'),(478,'0c5066e5a6a74b9cbc9c9b3900f0318d','5f6ba0decd1648d786e2c0f3412a9147'),(473,'0c5066e5a6a74b9cbc9c9b3900f0318d','68c0bfa7259c42cb835aeef2873d0584'),(477,'0c5066e5a6a74b9cbc9c9b3900f0318d','96fb386c5696425496f3ceb03f99d1f0'),(475,'0c5066e5a6a74b9cbc9c9b3900f0318d','a2c21a1ccc76405d8dc29c8696c941b7'),(476,'0c5066e5a6a74b9cbc9c9b3900f0318d','a8e39336e66d4a4bba2905a1fd1205b1'),(479,'0c5066e5a6a74b9cbc9c9b3900f0318d','e5cc85133b7b49f397bef5e7d8e6f588'),(474,'0c5066e5a6a74b9cbc9c9b3900f0318d','ff21cfde082f43758f1efe816b5e6020'),(588,'0f6600dea1a64039b21aa8f6d45abcb0','347e8495f19344ff9c5e5d835bc9ba2e'),(589,'0f6600dea1a64039b21aa8f6d45abcb0','ea78421d7b294325a2a40c75695b06ca'),(708,'10a5599fb94d45559d1c6090a85fc04c','1e300aef29244c009f4a7a420d39cbed'),(706,'10a5599fb94d45559d1c6090a85fc04c','2ee3c49cb8724e6a8f49f7ce92855dcd'),(710,'10a5599fb94d45559d1c6090a85fc04c','8b4faa4abc1b4a7c83accb08a3784815'),(713,'10a5599fb94d45559d1c6090a85fc04c','c1c17d7217ab413599eda9ed6728fd22'),(711,'10a5599fb94d45559d1c6090a85fc04c','cedadbd88628477f9b336f02a317778d'),(707,'10a5599fb94d45559d1c6090a85fc04c','d3079ac13dd349c59ffec6dc88ad3075'),(704,'10a5599fb94d45559d1c6090a85fc04c','e63a4765ed6f4e0a936172d17101dd7e'),(705,'10a5599fb94d45559d1c6090a85fc04c','ec9c6a0594304635a028980dd6eb9745'),(712,'10a5599fb94d45559d1c6090a85fc04c','ef3770bdb9bc4e29b21e142a1424f995'),(709,'10a5599fb94d45559d1c6090a85fc04c','f2b18a7e57ce4302b513e0de4d0cf209'),(723,'1b5b4fb2d7d54b798f3aba0c4bf2564b','144a69c97af7498fa7ecf527dc510a3d'),(720,'1b5b4fb2d7d54b798f3aba0c4bf2564b','1c559b960a344fd696982fc13842df1e'),(714,'1b5b4fb2d7d54b798f3aba0c4bf2564b','338b0af6b46a454381a1e14f78a52443'),(717,'1b5b4fb2d7d54b798f3aba0c4bf2564b','3dada67323124499b22a752b58f8e117'),(715,'1b5b4fb2d7d54b798f3aba0c4bf2564b','4442e0d763e245b1a9d87c0ac69312ad'),(718,'1b5b4fb2d7d54b798f3aba0c4bf2564b','5036103a272d4605b9cd7784a4eaa51b'),(719,'1b5b4fb2d7d54b798f3aba0c4bf2564b','5743be84a7c74363813960c893a32267'),(722,'1b5b4fb2d7d54b798f3aba0c4bf2564b','6d235eeedaa2460c8dac7669a5f06edd'),(721,'1b5b4fb2d7d54b798f3aba0c4bf2564b','8dc1122614244420b56179879887edb1'),(716,'1b5b4fb2d7d54b798f3aba0c4bf2564b','caaa7da37b3b4782875f81cbf8b6f44c'),(455,'200d0851a1e341ff98f608b3b6f5c964','6024d7153bfb4145985d27ba0e425959'),(453,'200d0851a1e341ff98f608b3b6f5c964','6b9f2399eac94d038ff87ae68cdd097e'),(450,'200d0851a1e341ff98f608b3b6f5c964','6d19d7789aed4ce888d9c6e799d7f3eb'),(452,'200d0851a1e341ff98f608b3b6f5c964','7b9d93d0ff3b49c1b247ce2f192648c2'),(451,'200d0851a1e341ff98f608b3b6f5c964','a7b1966e7a5e4bc9bcc69897e7526156'),(454,'200d0851a1e341ff98f608b3b6f5c964','c2b5cfd2f7ce483a81778e9a751da5f3'),(449,'200d0851a1e341ff98f608b3b6f5c964','c6b52d0ad6d34f9cb79de17704474f69'),(456,'2fe069c0521e49f8b49a7e81c53e819d','40bca4232e294ddfb10800ab91a6a934'),(461,'2fe069c0521e49f8b49a7e81c53e819d','5579d8d7d9b041b0a2fcd55e3c437a83'),(457,'2fe069c0521e49f8b49a7e81c53e819d','8111364485c6419ea730a211f63aa372'),(459,'2fe069c0521e49f8b49a7e81c53e819d','a1c1f24a781343bf8832a3c66efd7a6d'),(460,'2fe069c0521e49f8b49a7e81c53e819d','a250ba3527054f21952d6e1fb842899c'),(458,'2fe069c0521e49f8b49a7e81c53e819d','e0758d051bad453286bb0e8631b2ef05'),(402,'314883862b0f4134bf3518d58c6eccf8','403056f991b7432585eade02945d479c'),(403,'314883862b0f4134bf3518d58c6eccf8','543316c6499c49f4b86a6e1141a9fbb3'),(308,'341cbadd5c3b4cde9da4795157532b4c','147f265349d54887b69fa90a3b6d9092'),(305,'341cbadd5c3b4cde9da4795157532b4c','8682c633abb44f20ab5361ae5b2b03c1'),(306,'341cbadd5c3b4cde9da4795157532b4c','9a4ce3fe3fd74b22bfbb43ece5b1842d'),(311,'341cbadd5c3b4cde9da4795157532b4c','b12bdf2291174477aff8ac9ee5af58f5'),(310,'341cbadd5c3b4cde9da4795157532b4c','f288b5f24de4418ba51a0231578e08e4'),(309,'341cbadd5c3b4cde9da4795157532b4c','f55c2b5e468246ea8463c4d24e4fb528'),(307,'341cbadd5c3b4cde9da4795157532b4c','f682e6aa37ad4a30b8ec13716bcbb927'),(698,'39bd8cd533fd4770b1396fcbc2740c23','405e468c09cb4d22bf51b236430080cc'),(700,'39bd8cd533fd4770b1396fcbc2740c23','70b415ac62d54711bdeff7f65a6de7af'),(699,'39bd8cd533fd4770b1396fcbc2740c23','8118bb0a4d454b29ba10ad309ce039c6'),(701,'39bd8cd533fd4770b1396fcbc2740c23','82c107b0a928432d986841c4163543cf'),(697,'39bd8cd533fd4770b1396fcbc2740c23','abfbe12036544555b5afe7479480f316'),(696,'39bd8cd533fd4770b1396fcbc2740c23','da66dbc1cd8e4ac0b85fd2a96b487645'),(655,'3b45de18fe874e6eabe5cbe65471e5b9','79d05ef40e53422aafb23322a00fc804'),(654,'3b45de18fe874e6eabe5cbe65471e5b9','fa18326764e946fea777e4a2a67bc549'),(926,'4044890db4294e7496e592430109106f','24cebd8487334d4fa5f4e0266fc46398'),(918,'4044890db4294e7496e592430109106f','2880dd4a09dc40219d8b3e2e15acdef0'),(924,'4044890db4294e7496e592430109106f','80cde3c1b2da4ca7a485ee1f04faf1fc'),(923,'4044890db4294e7496e592430109106f','8e45973c25e3481580af66a572795448'),(917,'4044890db4294e7496e592430109106f','95ac592eeaee4c82b0782eb732aa078b'),(922,'4044890db4294e7496e592430109106f','95f979fcc51c4c368f5f790e8e61b3ba'),(919,'4044890db4294e7496e592430109106f','a4931144a23941759e99d04950cec301'),(920,'4044890db4294e7496e592430109106f','b4a013659e3949f0b3f02acff9639a79'),(925,'4044890db4294e7496e592430109106f','ed575d7777f347769d5f1cfc64532bac'),(921,'4044890db4294e7496e592430109106f','fb94db9b7d66424a92ae2ff63e1a0cb7'),(419,'417e84b4ea95486cb7c332c505fda838','0cd6e274afd54daaae98dda4a24d045b'),(421,'417e84b4ea95486cb7c332c505fda838','1edd3b9caf294d0985d217808af802c6'),(414,'417e84b4ea95486cb7c332c505fda838','4474d3ba0b2e49c7a59fd757c1a82f1d'),(416,'417e84b4ea95486cb7c332c505fda838','47d182d5c42446668b7a57f7c7d1532a'),(417,'417e84b4ea95486cb7c332c505fda838','75ca0da1c74b49efab40cf7b3d586cd8'),(420,'417e84b4ea95486cb7c332c505fda838','8b14d904f6874753a2cb6cfae3a7c076'),(415,'417e84b4ea95486cb7c332c505fda838','abb67c1a44b14b3b9be6bfb715a9d009'),(418,'417e84b4ea95486cb7c332c505fda838','ad911d80843946ba8707120412889c74'),(413,'417e84b4ea95486cb7c332c505fda838','c31fda68b3714547b50ebdece410f516'),(314,'50cebaaabab640fe81bb36d925a3ff32','39f918fd62f146a1b5abec8b065451f7'),(316,'50cebaaabab640fe81bb36d925a3ff32','64e216bda94c4e4dad2c7bd79afb81b4'),(312,'50cebaaabab640fe81bb36d925a3ff32','6f4c871d5e2d434e99738a64f8b3daa8'),(315,'50cebaaabab640fe81bb36d925a3ff32','9bc631313a4e48ee9a5ef582d3f18efd'),(313,'50cebaaabab640fe81bb36d925a3ff32','b8732ca7b8294bc3a5729b454fd96a18'),(317,'50cebaaabab640fe81bb36d925a3ff32','e3f453bee0e84edc8a9fd5aba678abc2'),(263,'53e87e970024471aa5f9d59df80cd3ad','09dd651b7f924e409f97c83a5d19afda'),(269,'53e87e970024471aa5f9d59df80cd3ad','2ae08945a97c47a28e703509bffde43f'),(264,'53e87e970024471aa5f9d59df80cd3ad','3e630e9bff074b48a2b462c219ffa537'),(267,'53e87e970024471aa5f9d59df80cd3ad','ae02874c62cd49f6a654fb4ebc5d8852'),(266,'53e87e970024471aa5f9d59df80cd3ad','b8c5a47fa97c4d78ac4851664cfa681b'),(265,'53e87e970024471aa5f9d59df80cd3ad','e09038341f53406fbe41dedd8e6874d8'),(268,'53e87e970024471aa5f9d59df80cd3ad','e6103071725c4141bfe640313a04268d'),(223,'540024a960e340678bbc400097b28d3f','2778b9698a79438fa9655aa40dc519cc'),(226,'540024a960e340678bbc400097b28d3f','2fcec4c7ec05480396b8fc88771e1e94'),(224,'540024a960e340678bbc400097b28d3f','32fb1f96603745c78bd868709312320a'),(225,'540024a960e340678bbc400097b28d3f','48537b32f9824f899cbe6a5b8e2c1f5d'),(221,'540024a960e340678bbc400097b28d3f','516bdc476552457daf5abd884b6daca7'),(222,'540024a960e340678bbc400097b28d3f','a7e36dcf6eb14d9f931992d257732108'),(227,'540024a960e340678bbc400097b28d3f','f08eff053ca043fb96887f69a3ce6b05'),(504,'582095eb65d6427eab78e83312c6193d','02b79267f9f8416f97ed1c4b7ae3eff6'),(505,'582095eb65d6427eab78e83312c6193d','0aa6e5e500364eb3ab46a7883b64f47e'),(500,'582095eb65d6427eab78e83312c6193d','217259ccc5e243efb5b79a67ea5c7c20'),(503,'582095eb65d6427eab78e83312c6193d','35794d2463544822ad091498b3a37db0'),(502,'582095eb65d6427eab78e83312c6193d','88ce57c27a8a402c91ca1ff7bbfb5907'),(501,'582095eb65d6427eab78e83312c6193d','d95d9bcfe51346cd8d74fc653e4bc045'),(333,'59571c714f894bed9cb0897d9305e4b8','60226c8f10564fa99411cf6e8e55182d'),(337,'59571c714f894bed9cb0897d9305e4b8','7006246dafdd4d2faeb9a6065e56c2e5'),(335,'59571c714f894bed9cb0897d9305e4b8','75fca4590d5f4d9d9c93f24fb8f8f6d0'),(329,'59571c714f894bed9cb0897d9305e4b8','8759083bf3b344e88ac1e5072482985b'),(334,'59571c714f894bed9cb0897d9305e4b8','99f361b53fa64d649d6664310cdecfa9'),(336,'59571c714f894bed9cb0897d9305e4b8','a92269f1a7a84dc28fd5293e946ac0dc'),(330,'59571c714f894bed9cb0897d9305e4b8','c383ddae633c4c47b1d08df676b4049b'),(331,'59571c714f894bed9cb0897d9305e4b8','d4000c61497441c6bf8c977dd0d7c121'),(332,'59571c714f894bed9cb0897d9305e4b8','d98eeec6bc4644c5a1bdecc990e75e2b'),(582,'59c4ddbbf461431e997d5cd9d1b25956','2798bd6b65834b00a1bebfdcc98288d2'),(584,'59c4ddbbf461431e997d5cd9d1b25956','3e272770efae460393c3b588d8fc4666'),(583,'59c4ddbbf461431e997d5cd9d1b25956','8365539bf6f5449b92c3e4f8afa39366'),(585,'59c4ddbbf461431e997d5cd9d1b25956','a573d19a3dba4c659081e42debf2817f'),(587,'59c4ddbbf461431e997d5cd9d1b25956','cbddd40d113f445fb156d4bc2b0cd84c'),(586,'59c4ddbbf461431e997d5cd9d1b25956','f00554b692884d969c5350100c950009'),(630,'5e7a162ff3324b7da8b1b01b65b36bec','3ec5b83c4d0e47edbc06c5a94e0e9031'),(628,'5e7a162ff3324b7da8b1b01b65b36bec','5773876e9c2745f5990750514f451e4b'),(625,'5e7a162ff3324b7da8b1b01b65b36bec','9bc1704cf5c24e0097adc9bd1ca98019'),(627,'5e7a162ff3324b7da8b1b01b65b36bec','b833bcc8ef1b42d39f55e254ab993cbd'),(623,'5e7a162ff3324b7da8b1b01b65b36bec','d4f983f4c1544d8cacf867719cd16589'),(624,'5e7a162ff3324b7da8b1b01b65b36bec','d6759ae40b554ebebdba68b2665b9419'),(629,'5e7a162ff3324b7da8b1b01b65b36bec','eaa5f6fa94fe4eadbaa173a8615314c5'),(631,'5e7a162ff3324b7da8b1b01b65b36bec','f49d2e43251441b3b6276972d8504425'),(626,'5e7a162ff3324b7da8b1b01b65b36bec','ff51fd7c19a34f42a8786dfd9af5bc4f'),(756,'5f0f81aacddf40ef9c96d968e4c3ace8','17c47250003d4649a550318f4a01ecb1'),(762,'5f0f81aacddf40ef9c96d968e4c3ace8','470f94aabd12454b88826d204e20ef29'),(758,'5f0f81aacddf40ef9c96d968e4c3ace8','4ddf1425dded4f9a9e8940ba1b05fa3f'),(760,'5f0f81aacddf40ef9c96d968e4c3ace8','9b4a21f2bf604e699afd17563bb2a23c'),(761,'5f0f81aacddf40ef9c96d968e4c3ace8','9c19f3099c58409091bd1d47b2b5bb86'),(757,'5f0f81aacddf40ef9c96d968e4c3ace8','9c97f55e7ba64940bd1765fcb1bd0037'),(754,'5f0f81aacddf40ef9c96d968e4c3ace8','b47d5735a72d48d789e480733b5e5978'),(755,'5f0f81aacddf40ef9c96d968e4c3ace8','b902751b41c94f548bd17b3e8d588190'),(763,'5f0f81aacddf40ef9c96d968e4c3ace8','c81fb058f0ad4058b85e786275ddbc62'),(759,'5f0f81aacddf40ef9c96d968e4c3ace8','cd4d8c845b284771a6e7e3a0f52dd168'),(539,'5fd4844cd9604823ac0d1ac5fa61ff9a','04a9b863a2a9415a81f9af8496a1dd0f'),(542,'5fd4844cd9604823ac0d1ac5fa61ff9a','1918ef6e12d1425ca0ee245f240f92a5'),(541,'5fd4844cd9604823ac0d1ac5fa61ff9a','34b9f8ebebeb447fac5fe1ac6f58c185'),(546,'5fd4844cd9604823ac0d1ac5fa61ff9a','41287c8a04ef488495b4b9be243ac4e8'),(540,'5fd4844cd9604823ac0d1ac5fa61ff9a','42f0f3b661464e45a77dfca83910d570'),(545,'5fd4844cd9604823ac0d1ac5fa61ff9a','7ec888888f4c451885a15e33a9e0d9f6'),(543,'5fd4844cd9604823ac0d1ac5fa61ff9a','8e3d8134253846a2963d2a537f2366da'),(547,'5fd4844cd9604823ac0d1ac5fa61ff9a','8fc151b6e9f84884b67d5bf7ed067c74'),(544,'5fd4844cd9604823ac0d1ac5fa61ff9a','e615adae1f8e4273a2ab9516896269a1'),(435,'630802fb36a24f8194e58c83631b74ed','044c7bf3b2d24e5a96d72658e8a1451b'),(436,'630802fb36a24f8194e58c83631b74ed','18d99b4b317f4dd7ac683732d822140d'),(432,'630802fb36a24f8194e58c83631b74ed','1e4a31e3763d4d4eb8f0f9b1cdc6f4ce'),(433,'630802fb36a24f8194e58c83631b74ed','3bded8793d9b41d1b3ea004dd9848e30'),(439,'630802fb36a24f8194e58c83631b74ed','44264b1451d846b4aa9491aba509b145'),(431,'630802fb36a24f8194e58c83631b74ed','87ddf876384b4c74ab1aca32bc8a657e'),(434,'630802fb36a24f8194e58c83631b74ed','b978b8fdc7a34ba6ab2f2df17ade014c'),(437,'630802fb36a24f8194e58c83631b74ed','d04f21d0bd12441cb6b301301169823c'),(438,'630802fb36a24f8194e58c83631b74ed','d5231acd907b455fbe8964c714d07005'),(273,'6a95cdd486874ff69815c584776f892f','534b95762c4745b6afbda3a342b9ff5c'),(272,'6a95cdd486874ff69815c584776f892f','709d771ae9274ccdb62fe3869861d55c'),(270,'6a95cdd486874ff69815c584776f892f','81a0f30e1d7b4fba81d61fe5b3a01fad'),(275,'6a95cdd486874ff69815c584776f892f','8b5ea39ba3e34e49853aa894df0ade45'),(271,'6a95cdd486874ff69815c584776f892f','afbb3dcc89d54ee58c77ed855b90d34c'),(274,'6a95cdd486874ff69815c584776f892f','fe44e87b1b41426282362ee7db1f0319'),(788,'6fdb70b726224a8a9778394fafaed9c0','5601ec73389f466dbe741ded28b253ed'),(789,'6fdb70b726224a8a9778394fafaed9c0','81337c5a3a0e4a738b6181b167c117f5'),(793,'6fdb70b726224a8a9778394fafaed9c0','82aa28c4b2e24da1a25e995f6df92f92'),(786,'6fdb70b726224a8a9778394fafaed9c0','85ce0e3be20348dfb28b6a91ee857a04'),(791,'6fdb70b726224a8a9778394fafaed9c0','ad4f4af1ada04a80ab5fa94ce78885e8'),(785,'6fdb70b726224a8a9778394fafaed9c0','c2abb2f2dcc2458583324c47daa2a6a6'),(790,'6fdb70b726224a8a9778394fafaed9c0','c390c4cc2bb94f1aae2adaa19d6083eb'),(787,'6fdb70b726224a8a9778394fafaed9c0','c873a3def2e443098cd57910a0656c49'),(784,'6fdb70b726224a8a9778394fafaed9c0','ea0c16df7d57432b8ea506c0a2501ecb'),(792,'6fdb70b726224a8a9778394fafaed9c0','fd886ed9beec4c308334b5c07e2ac639'),(507,'73d77d8066b048fdaa5cb53f8299add0','8c29b09dc94f4f319766f2dadc38905f'),(506,'73d77d8066b048fdaa5cb53f8299add0','9aef1b1557164a6399c813c88ff311f7'),(819,'75271bd9cfb64de19ea2b87dacd46a07','03714a629e754fe0ae8864d6c30dbf28'),(814,'75271bd9cfb64de19ea2b87dacd46a07','3ff062a50af747d598b7a2d4897eb1e5'),(820,'75271bd9cfb64de19ea2b87dacd46a07','56c7edbd65064b55aea9c9ed19a794ab'),(817,'75271bd9cfb64de19ea2b87dacd46a07','6394795361df45be941d60f0ad220d7a'),(815,'75271bd9cfb64de19ea2b87dacd46a07','70e39cf40baa4a2d9f2e0f8f2a898439'),(818,'75271bd9cfb64de19ea2b87dacd46a07','92e3dff8cfb144efabc66a4b1217ed88'),(823,'75271bd9cfb64de19ea2b87dacd46a07','b308e80dc75d4ef396f77a629f0b64ab'),(821,'75271bd9cfb64de19ea2b87dacd46a07','b6e67dfa35f44269b1a760b8b828ccf3'),(816,'75271bd9cfb64de19ea2b87dacd46a07','ba58fe42e7d6472babc2654f594846fa'),(822,'75271bd9cfb64de19ea2b87dacd46a07','e7371595f5d04257bdfbe3f8fdd3a91c'),(231,'7831dae0482b42a69a1d0a70e2b24fc4','07740dcdcc6045b9be2bff5536051bc7'),(232,'7831dae0482b42a69a1d0a70e2b24fc4','18853089b8624e6cacfad5196d62e0ae'),(233,'7831dae0482b42a69a1d0a70e2b24fc4','1976b15fe31a495cbd52e020ded276f2'),(228,'7831dae0482b42a69a1d0a70e2b24fc4','6ee93f2383b94a99853d65c9387508ba'),(229,'7831dae0482b42a69a1d0a70e2b24fc4','cefda1c46fb147348a12d326507e8c6c'),(230,'7831dae0482b42a69a1d0a70e2b24fc4','f89e4d0d1d594f3f84986799fa362bc4'),(235,'7c5e07f6fcad4550a221d488db23e390','1c82399215254ea09dd7cc704874f531'),(234,'7c5e07f6fcad4550a221d488db23e390','38e6b85ce5034999ab8e0382457af21a'),(349,'7c65c53193494d16b3c18e83046be704','196d0687229b414eb9e61aea2ee1b189'),(351,'7c65c53193494d16b3c18e83046be704','3c841015c8f9440889bee2410f9d6cbb'),(347,'7c65c53193494d16b3c18e83046be704','5299ec675647431181b24fd4d490b300'),(354,'7c65c53193494d16b3c18e83046be704','5da457f5ccdd4dbe92c9438a8513c5ad'),(348,'7c65c53193494d16b3c18e83046be704','612831e6397f46ed99c20390ebe6dbbd'),(352,'7c65c53193494d16b3c18e83046be704','7f1cc6683c054558a5e49a44738e87cc'),(355,'7c65c53193494d16b3c18e83046be704','b7dfb8cd9c0d428e8abaab0b7fdd7c59'),(350,'7c65c53193494d16b3c18e83046be704','c1f0257d79af48529a1720516a5e03a7'),(353,'7c65c53193494d16b3c18e83046be704','d85ea5535dc74f54a00b97099eab0d59'),(860,'80e187d5ae2d48a1aa5969713728ff52','1f03c01f3dcf44e1be3189794b47d1b6'),(859,'80e187d5ae2d48a1aa5969713728ff52','2bb3563d79af48a98bfaaea8ca777a34'),(867,'80e187d5ae2d48a1aa5969713728ff52','35afceb6bcbd479b890224a15c7397f5'),(861,'80e187d5ae2d48a1aa5969713728ff52','38a6121bd3444d7ab5759be1c702b08a'),(866,'80e187d5ae2d48a1aa5969713728ff52','744f01e6b30246b2927c572815c34f49'),(864,'80e187d5ae2d48a1aa5969713728ff52','78f7b23515064cebb2b0216090015b9a'),(863,'80e187d5ae2d48a1aa5969713728ff52','a0ab0bf077ea4e418a6b69693e7b42dd'),(862,'80e187d5ae2d48a1aa5969713728ff52','aec8de5801ca46b5b3651726756acbd6'),(865,'80e187d5ae2d48a1aa5969713728ff52','b12cebdedc4341aca9f14c83978d2126'),(858,'80e187d5ae2d48a1aa5969713728ff52','ef3595c308144eeeaf8155763abde9f8'),(600,'83adfd4a64da4bb6be2754ef9d8487bf','1fa61f7c5e8348c3aea7eba11b84f287'),(603,'83adfd4a64da4bb6be2754ef9d8487bf','814cb1717e29440bbbb53e09db836074'),(604,'83adfd4a64da4bb6be2754ef9d8487bf','8d18e310648549f28c156e958e95bb7c'),(601,'83adfd4a64da4bb6be2754ef9d8487bf','9e009bbc7f8841c89a28b63d12e0b9a2'),(602,'83adfd4a64da4bb6be2754ef9d8487bf','a477f64dd9cf462facad64627d1b44e9'),(605,'83adfd4a64da4bb6be2754ef9d8487bf','bada50695b4a4cfaaff6b647eec26e93'),(599,'83adfd4a64da4bb6be2754ef9d8487bf','f459c5f83b154a51907e26ed4a1141d8'),(846,'8914b448f1e94d2c9a5b65bb44c2bf2d','0facb9393f9a4e35bb75c5f46d7d7a8c'),(845,'8914b448f1e94d2c9a5b65bb44c2bf2d','1fbf243d2d92454b91504f384227f0b8'),(837,'8914b448f1e94d2c9a5b65bb44c2bf2d','2b4a2e3ea0e648888aa410d0b80eb75d'),(836,'8914b448f1e94d2c9a5b65bb44c2bf2d','2b94961ec244444185023357a7263f8b'),(843,'8914b448f1e94d2c9a5b65bb44c2bf2d','65c80d35ddf64fc4a2de5a1b75836859'),(842,'8914b448f1e94d2c9a5b65bb44c2bf2d','709f534f9ff44e23958cdd7667aaa9be'),(840,'8914b448f1e94d2c9a5b65bb44c2bf2d','87ebb0d8eb734c959a2114e3e2ffe3a6'),(838,'8914b448f1e94d2c9a5b65bb44c2bf2d','93559e2e32264ee58bc471b8617533db'),(841,'8914b448f1e94d2c9a5b65bb44c2bf2d','a9e1449b8fe34b3894579d389a6c51a6'),(844,'8914b448f1e94d2c9a5b65bb44c2bf2d','b795c6ae29dc4fcfa87445baee6e33ef'),(834,'8914b448f1e94d2c9a5b65bb44c2bf2d','d6bf37be1aad4d9cbcb99866101492c5'),(839,'8914b448f1e94d2c9a5b65bb44c2bf2d','f11847db15de4ae69fe1d1067c836240'),(835,'8914b448f1e94d2c9a5b65bb44c2bf2d','f1b8bfb6ae894763b0c9627a5dee83e8'),(847,'8914b448f1e94d2c9a5b65bb44c2bf2d','f351626e2e2940e0bc11adf3c83d61bc'),(772,'8930071d64ee4deeb824d7d97f5d6aa7','48f9163070714abd9938849849fd04ba'),(771,'8930071d64ee4deeb824d7d97f5d6aa7','68cda689d76e4ee391de9bc542e03322'),(768,'8930071d64ee4deeb824d7d97f5d6aa7','6b1989f5c4b14d42b1a8f68d1265447e'),(769,'8930071d64ee4deeb824d7d97f5d6aa7','6ed0247a1a23490f8cf00783d67c885a'),(770,'8930071d64ee4deeb824d7d97f5d6aa7','922def5bc28942e395953b6c7e0db4d6'),(767,'8930071d64ee4deeb824d7d97f5d6aa7','94781e93d5714e7ab5c9868e5c7b80b1'),(766,'8930071d64ee4deeb824d7d97f5d6aa7','94f331ff49824cb4904ff2cc879bd73d'),(764,'8930071d64ee4deeb824d7d97f5d6aa7','95bc6b1a696b42b6a31e203a0c418467'),(765,'8930071d64ee4deeb824d7d97f5d6aa7','9b5e48c171ec49d4875043c1355abb99'),(773,'8930071d64ee4deeb824d7d97f5d6aa7','b8179e4eefc640e894e016e0873bbd65'),(725,'8e437cd562b34e0f9c216fb2a1a884c9','21c09de93c1644249496f07bb8200bf8'),(733,'8e437cd562b34e0f9c216fb2a1a884c9','2a5561669adf4c62a53a0405586d4840'),(731,'8e437cd562b34e0f9c216fb2a1a884c9','3ac0e9158802486e9bc3c3241f7eb095'),(727,'8e437cd562b34e0f9c216fb2a1a884c9','7eb8b48fabea43949f5cab187ff8c668'),(729,'8e437cd562b34e0f9c216fb2a1a884c9','89468d67c48b4b858bffbea9372472e4'),(728,'8e437cd562b34e0f9c216fb2a1a884c9','895aa3517fcc4e3abee525da715a9d97'),(726,'8e437cd562b34e0f9c216fb2a1a884c9','ba80cc6365384378a0d0fba7cd4146f4'),(724,'8e437cd562b34e0f9c216fb2a1a884c9','c0843bc1787644ada77758de0f26ef46'),(730,'8e437cd562b34e0f9c216fb2a1a884c9','cb9721a2df764657ac377466f1203b84'),(732,'8e437cd562b34e0f9c216fb2a1a884c9','fe3c3e86f78445dc87243f48f1a2a99a'),(375,'9438cca5aaa14472a653f34fd65ef7ef','1c51bc2952dd454aa7acf713e17f3df6'),(373,'9438cca5aaa14472a653f34fd65ef7ef','59103345dbb042f19c22f97da9eaaa69'),(377,'9438cca5aaa14472a653f34fd65ef7ef','810d7114013a45feb7c31bd065202ffe'),(372,'9438cca5aaa14472a653f34fd65ef7ef','99b2844abae140c5b585f0ea745b01f3'),(376,'9438cca5aaa14472a653f34fd65ef7ef','a3b5ec74d25f4efbb6e27e27ea045dec'),(374,'9438cca5aaa14472a653f34fd65ef7ef','bbd54b73a16340f8b546a7dae2adfd3a'),(391,'94412349ce034ae6a57bccaf02cb4cbc','3031485bd2e546738de71e36a3034264'),(392,'94412349ce034ae6a57bccaf02cb4cbc','37cd37d101954b78b479980da1300e1b'),(389,'94412349ce034ae6a57bccaf02cb4cbc','3cc8c2efa3254543bb9683b90f7635b3'),(393,'94412349ce034ae6a57bccaf02cb4cbc','5602ecc3eaf64cb2962435586d84e6e9'),(394,'94412349ce034ae6a57bccaf02cb4cbc','8b54f4825ac941fe92e732317a54ffbd'),(395,'94412349ce034ae6a57bccaf02cb4cbc','8ed167ad89b14a4d889cc2c82b601547'),(390,'94412349ce034ae6a57bccaf02cb4cbc','fdcefd4625a94361b10c0726c9d68059'),(498,'98c25c753c994c2dabf62ffcf6854893','0a677efd0e794db5b52cc06c22e1b6e3'),(497,'98c25c753c994c2dabf62ffcf6854893','2368663c60cb42a49df27ff49c527a64'),(496,'98c25c753c994c2dabf62ffcf6854893','520edcf527a6414bb6ece38cfd10bcbd'),(495,'98c25c753c994c2dabf62ffcf6854893','cbf7b4ad47914ec18725b5f537bcdd8b'),(493,'98c25c753c994c2dabf62ffcf6854893','d1baaa7ef4d3495087fec9bc4acff40c'),(494,'98c25c753c994c2dabf62ffcf6854893','e7b518d92dfb491c9f0dc2505f02a768'),(499,'98c25c753c994c2dabf62ffcf6854893','ee8c2c296c9d4bd7b37632509b0922ba'),(746,'9cc050f8df3d47f18321860443d5efb7','07334c51a3df4e36b7cb39a48c4dc6f3'),(745,'9cc050f8df3d47f18321860443d5efb7','251b88a71b3e4294bea213769efdfd33'),(751,'9cc050f8df3d47f18321860443d5efb7','37ea8ba54e004e4882dfc1254c7e4de5'),(744,'9cc050f8df3d47f18321860443d5efb7','3cadbf0bebcb47cfb568386a015f7c96'),(750,'9cc050f8df3d47f18321860443d5efb7','59c8ec0797fd41e890bca79cac6f8558'),(753,'9cc050f8df3d47f18321860443d5efb7','8c33c61d3f964f8db9c80b83f280ff2a'),(749,'9cc050f8df3d47f18321860443d5efb7','9e624709e1694ff8823fe6e80f0f55e7'),(747,'9cc050f8df3d47f18321860443d5efb7','a8d1fef8a0a849c1a95370581c106e15'),(748,'9cc050f8df3d47f18321860443d5efb7','e7fc73d8e937423ca488daa1b7b43b13'),(752,'9cc050f8df3d47f18321860443d5efb7','f03a775e84a6475591703dc5c19ff311'),(648,'a23502cb6fbe41eda402306bfcadde39','51d304a88a954cbeac4ec3cbdd13867c'),(651,'a23502cb6fbe41eda402306bfcadde39','991541c758e4436faf2c2944e58131d2'),(652,'a23502cb6fbe41eda402306bfcadde39','b232c428c4fc476fa1b5e50334751f32'),(649,'a23502cb6fbe41eda402306bfcadde39','b9c0119c51724d54905e84a37fe4ee17'),(653,'a23502cb6fbe41eda402306bfcadde39','e2649814552c47b280d1ff0d03b06c93'),(650,'a23502cb6fbe41eda402306bfcadde39','f5876d2148b343abb7debb064f8a2331'),(463,'a5af7751dfb646dc9c2602c30580905f','31949ff56cd84ed08bc36fda80fa6c07'),(462,'a5af7751dfb646dc9c2602c30580905f','a8872dd8e4ea476eb2c626dcf19b166f'),(563,'a6828e73d2294bca80df36bec85b5ef6','199ff1d5f0164f2682e2acb5fff17c1d'),(558,'a6828e73d2294bca80df36bec85b5ef6','1d724c39e4704147b8576a5c7f5bdfc2'),(560,'a6828e73d2294bca80df36bec85b5ef6','22c57368c3b54d89a64b5f47e07161d6'),(565,'a6828e73d2294bca80df36bec85b5ef6','3225012ff11f49b9815161768efc01a5'),(559,'a6828e73d2294bca80df36bec85b5ef6','32c37c9962c44814a7041566293e0558'),(557,'a6828e73d2294bca80df36bec85b5ef6','37bb7cbace6a4d6dbcdda75600557ba5'),(562,'a6828e73d2294bca80df36bec85b5ef6','68ac7428b1c145a0a924ec2417c61f75'),(561,'a6828e73d2294bca80df36bec85b5ef6','7aded2453d7a4d9db35a04deb9baec85'),(564,'a6828e73d2294bca80df36bec85b5ef6','c88497f23d87470e9b1d3ae3535afdb2'),(245,'a972cae8b64a446ca20f69fd50512a68','22bd359023be4ea9a1430b002e7754c2'),(247,'a972cae8b64a446ca20f69fd50512a68','3d15c0a7c70b4b6aa7715eb83436210b'),(246,'a972cae8b64a446ca20f69fd50512a68','51101d1af8c3434b928aa4cec7149d54'),(250,'a972cae8b64a446ca20f69fd50512a68','51f4a02e7d50436f87a2b37e467a2024'),(252,'a972cae8b64a446ca20f69fd50512a68','75a35af5505c43508e455438e13bf716'),(249,'a972cae8b64a446ca20f69fd50512a68','a3af27b4562a40c49f449a917b6c3426'),(248,'a972cae8b64a446ca20f69fd50512a68','a62b3985d1224dc1b0e7f6f5d38415bb'),(251,'a972cae8b64a446ca20f69fd50512a68','a7f530c25d6442c9a4ba131794e667fd'),(253,'a972cae8b64a446ca20f69fd50512a68','f6fc431c912542a889e2562652393058'),(798,'ad8b2e590a2b4e1fbd36a23d047d6b94','06e2765e503048e285e9526856ffa577'),(801,'ad8b2e590a2b4e1fbd36a23d047d6b94','3baaa8f68f6c4bbab1e0277cd9b2b34e'),(803,'ad8b2e590a2b4e1fbd36a23d047d6b94','558d4c6a9fe04f379e1de81eda4be4ac'),(797,'ad8b2e590a2b4e1fbd36a23d047d6b94','569f7856e53748899e79bdbf026dbd6a'),(796,'ad8b2e590a2b4e1fbd36a23d047d6b94','72df0eb8d4f74e49b414d5d277b15a21'),(794,'ad8b2e590a2b4e1fbd36a23d047d6b94','8da572a38a8e4fa4b21a5a2138fb05df'),(795,'ad8b2e590a2b4e1fbd36a23d047d6b94','9bc523569661429d9b98b5b8e92ef5f7'),(799,'ad8b2e590a2b4e1fbd36a23d047d6b94','b5450756291c43c5b86b609720f8ef32'),(800,'ad8b2e590a2b4e1fbd36a23d047d6b94','dd2270910972423998e272729d27c2ea'),(802,'ad8b2e590a2b4e1fbd36a23d047d6b94','e077a06a0f76426681bbb4cf75b9a50b'),(379,'b48040f447fe41b6adc06c86635ed3fe','33d1336a8487400f9b970df309effd06'),(378,'b48040f447fe41b6adc06c86635ed3fe','fa7c142f4c3c4a3c97c407202eb0bbc9'),(931,'b488a096c70f4a95815f4b4a3271d55b','13cc3cd59f064aa8a12d7fda153738df'),(932,'b488a096c70f4a95815f4b4a3271d55b','3520886754df41a6b6fb36b7e3c252c7'),(930,'b488a096c70f4a95815f4b4a3271d55b','3eeb31b6a06c45cf9dadd85a9757653b'),(929,'b488a096c70f4a95815f4b4a3271d55b','64803182d08b48378714a0cece4c41af'),(933,'b488a096c70f4a95815f4b4a3271d55b','918adab6951d49a1b6aa2e8b7559e1d8'),(934,'b488a096c70f4a95815f4b4a3271d55b','a2d1223d1d694535bc2ca74ceecc9d7b'),(927,'b488a096c70f4a95815f4b4a3271d55b','b71daac7f2d04d1da7a0e1b4f6fed2c7'),(935,'b488a096c70f4a95815f4b4a3271d55b','d7c7b08bc5a14412baa4adb322752bad'),(936,'b488a096c70f4a95815f4b4a3271d55b','ef3ec2d02bdb433eb561af585800616d'),(928,'b488a096c70f4a95815f4b4a3271d55b','f84088e39af8454b857649f65673ae69'),(319,'b5a01439c6984206b0c2897031285d34','2788ad36be4b446f9d691186e25102b8'),(318,'b5a01439c6984206b0c2897031285d34','b312152a58f04327ae151412301a7698'),(825,'c117258181e947a39b1d50fe1cb2dc23','71ed1f12d82d49b88a7d466edacc9126'),(829,'c117258181e947a39b1d50fe1cb2dc23','7bcc3f20bad140c08e7240bb3d4b37cd'),(831,'c117258181e947a39b1d50fe1cb2dc23','82d7675c6c654d0fb2aeee6f5adf4eda'),(828,'c117258181e947a39b1d50fe1cb2dc23','8bbc9a62b87e498f931ffd92f4be35f9'),(824,'c117258181e947a39b1d50fe1cb2dc23','8d7f2cb2dec14f1a808b5e39bc87c20d'),(832,'c117258181e947a39b1d50fe1cb2dc23','a784756dc31541969ee08fa21f5d99a0'),(830,'c117258181e947a39b1d50fe1cb2dc23','aa06138237e0498f9364321abf181150'),(827,'c117258181e947a39b1d50fe1cb2dc23','bbac91ba2be340ab8fcd033fdb067cb4'),(826,'c117258181e947a39b1d50fe1cb2dc23','e67c3689d9d14b11b19dcfd880204951'),(833,'c117258181e947a39b1d50fe1cb2dc23','f28d9d926ded4b7ea52c1b8a4b981c0e'),(647,'c2c0ceed288e40eb980113aabe074af1','13ea4842bc334abf95ade297a8db0d3b'),(643,'c2c0ceed288e40eb980113aabe074af1','1cdfedc78bb84ecda24f29eab7d5b23b'),(642,'c2c0ceed288e40eb980113aabe074af1','296cf870285c4d2c828ee139741cb7ba'),(646,'c2c0ceed288e40eb980113aabe074af1','4fff2eff72184cb39cb83550eb38d1a8'),(644,'c2c0ceed288e40eb980113aabe074af1','a3e4c3599a454b4192f00511f1f7e943'),(645,'c2c0ceed288e40eb980113aabe074af1','ca855549957f4c6e9a1c7dc3921844ee'),(641,'c2c0ceed288e40eb980113aabe074af1','e74d5ffb4ae849508b759b5c19f71303'),(677,'c2f5bd419843464787b73a296ae12a59','1c3c3f96ccae4899b0497ee761449d86'),(673,'c2f5bd419843464787b73a296ae12a59','6ff9aacc648645aca3a61d02714821e2'),(675,'c2f5bd419843464787b73a296ae12a59','71787486ea5248b49e090e43e427afa8'),(674,'c2f5bd419843464787b73a296ae12a59','76cd88acaf9f45e783c9a87a94b4c34f'),(672,'c2f5bd419843464787b73a296ae12a59','87745686fbad47cb848372c1466a4123'),(676,'c2f5bd419843464787b73a296ae12a59','b512fd1f0469499c9bc54423568c443f'),(606,'c49d0149a34343ce921bedd142316fa1','15278124bcfa430e95a4bb7fc35d59e8'),(608,'c49d0149a34343ce921bedd142316fa1','15db36ab63a74d94841877fae2dc537d'),(611,'c49d0149a34343ce921bedd142316fa1','2da82147ec47426f99c7e2c7273a1651'),(609,'c49d0149a34343ce921bedd142316fa1','50697d31c3b94afaaacd0ffc7f22506a'),(607,'c49d0149a34343ce921bedd142316fa1','af5c7dbaa46d479cacd60d222e0e14f0'),(610,'c49d0149a34343ce921bedd142316fa1','fbc3ffec12884eb9803960c37842f2c9'),(396,'cb8888970a0a4eac9f59e0b929081b0d','27e3185dd7ac408c8c6840adeaf0d095'),(397,'cb8888970a0a4eac9f59e0b929081b0d','29b55b989a81410395c8c7ef79b9ee3d'),(398,'cb8888970a0a4eac9f59e0b929081b0d','4b6794d5be6a45c982b797302bb50e1c'),(400,'cb8888970a0a4eac9f59e0b929081b0d','8564f26d5ef54ff9a8818b88cfa35bac'),(399,'cb8888970a0a4eac9f59e0b929081b0d','c4ce276e6be54db2bd66e02d155e8f65'),(401,'cb8888970a0a4eac9f59e0b929081b0d','d74cd4a159be40199647177ff19366fb'),(857,'ce792b65f0f84479a8f121ec5b17d96e','0bcea527322d44a8abc7ff1c677a8736'),(854,'ce792b65f0f84479a8f121ec5b17d96e','1d8aebae1c69434991895fa3089c1d9e'),(853,'ce792b65f0f84479a8f121ec5b17d96e','3772f6ef08b34c0a9cf6f910b210fcee'),(850,'ce792b65f0f84479a8f121ec5b17d96e','3fa803fc87154f0481d95b91c1f89baf'),(855,'ce792b65f0f84479a8f121ec5b17d96e','47dbc3caf83742dc809a2e30a388c9e1'),(849,'ce792b65f0f84479a8f121ec5b17d96e','58d306301a724bb2869fd61635696017'),(852,'ce792b65f0f84479a8f121ec5b17d96e','72a760469da54d5594ed0e3a2314a565'),(856,'ce792b65f0f84479a8f121ec5b17d96e','ae2624a722d74a70969ce94ada21550a'),(848,'ce792b65f0f84479a8f121ec5b17d96e','f721d4d57f7344bcbe071582f332623d'),(851,'ce792b65f0f84479a8f121ec5b17d96e','f7e6e3a992414a17abb896af4d5d29b2'),(529,'cfe66c6547fc4a93842ec2d974a7036d','1035ad53a5ec4539b154c3f46a67902b'),(527,'cfe66c6547fc4a93842ec2d974a7036d','1ec748590a1c40b8a88f8b3f4c90f1c9'),(526,'cfe66c6547fc4a93842ec2d974a7036d','30558e5225934c13b8fab756cd1e0bf3'),(525,'cfe66c6547fc4a93842ec2d974a7036d','7d2c77e43b1549a8bc2b554e3086334b'),(524,'cfe66c6547fc4a93842ec2d974a7036d','af16c9d8a6064779ab15f111e931ba13'),(528,'cfe66c6547fc4a93842ec2d974a7036d','bbd02d15b3044249a278cbe3bccc29bd'),(369,'d3caf093a9a8400d83b804fa2690a943','0638d4a878f643bea79d393ebcdd8a56'),(365,'d3caf093a9a8400d83b804fa2690a943','13fe0fa39d9148dfb77ec3f567be425f'),(366,'d3caf093a9a8400d83b804fa2690a943','1b9c03f33aff4ee68c5fa5c73295d0cb'),(370,'d3caf093a9a8400d83b804fa2690a943','27f1394e75e14c898677641cda85503c'),(368,'d3caf093a9a8400d83b804fa2690a943','3f205c90629c41f19778f9fce546f1cf'),(367,'d3caf093a9a8400d83b804fa2690a943','65b3d2f973b84607bf23e3343429a4b3'),(371,'d3caf093a9a8400d83b804fa2690a943','de9360ed2d004c1a88159ac618b092a7'),(575,'d4c53fb62da540a59d8284085da38014','045ee427989c42188fc0ca18c82bab60'),(576,'d4c53fb62da540a59d8284085da38014','3d6ec5a1de5344f393e4320d5c2890a2'),(579,'d4c53fb62da540a59d8284085da38014','4aa0b8a1ce11407c89aecd7f394cc945'),(581,'d4c53fb62da540a59d8284085da38014','6eb2c08bed4c412cb28225e7eae316bd'),(580,'d4c53fb62da540a59d8284085da38014','7d24f6a7290442d399b0782928fb25e1'),(578,'d4c53fb62da540a59d8284085da38014','908fc4a9475e49198e82eee6470efb68'),(577,'d4c53fb62da540a59d8284085da38014','d5ac6ad0be424ab687d42dd654933a07'),(880,'d765ee03386a45178d376fea3994bd90','00bdc51277754fd08faa83ae020f7740'),(881,'d765ee03386a45178d376fea3994bd90','082526dbe3ed44f088d767de324e52f7'),(885,'d765ee03386a45178d376fea3994bd90','0aa360bddc964210832e6813f1378b94'),(886,'d765ee03386a45178d376fea3994bd90','0c248cd88c224d9998471fa44dc6228e'),(883,'d765ee03386a45178d376fea3994bd90','24ebb0cbd1a04acd8b0af9a4f7c3fcbc'),(884,'d765ee03386a45178d376fea3994bd90','6ffc803d30924593969421a2e040d47e'),(882,'d765ee03386a45178d376fea3994bd90','c71ffd4f4a7542319e74f39a2558b781'),(879,'d765ee03386a45178d376fea3994bd90','d33c125840e54b14960050505db7308a'),(887,'d765ee03386a45178d376fea3994bd90','dbdb1a48068d4cc5a143bc7f3078fedb'),(878,'d765ee03386a45178d376fea3994bd90','f489b40609f241609d313f59a3bd2be0'),(703,'df59caf90ed04c79961930eaa2bf113a','64e992a624a04aa0846a4ee7b26e87a8'),(702,'df59caf90ed04c79961930eaa2bf113a','f4972b1dfbc049bb9fcb8180e0ee92b2'),(666,'e0399415f1214f3cbe28bae4deeeb20d','403600074ec44109a1c7e5a970cae71f'),(671,'e0399415f1214f3cbe28bae4deeeb20d','49ca7779bebd4feb8f0e270f7d11964e'),(670,'e0399415f1214f3cbe28bae4deeeb20d','609e880223224f75ac53513b87339956'),(665,'e0399415f1214f3cbe28bae4deeeb20d','7018fb48f73d475c8888428b49f491f9'),(668,'e0399415f1214f3cbe28bae4deeeb20d','7cd0f2815a714b9bb3b11b4c55c0f15a'),(667,'e0399415f1214f3cbe28bae4deeeb20d','e624dbe3f7b341b7baca810208f182b8'),(669,'e0399415f1214f3cbe28bae4deeeb20d','ed5e2fa3588f403d8dbca6a533c0bf32'),(875,'e452ba046c2a4988844b254459c2b802','1317b5e8b993488dba088ec532b1daa4'),(869,'e452ba046c2a4988844b254459c2b802','736612ecc56d44859033ca9b073b69f7'),(868,'e452ba046c2a4988844b254459c2b802','7545d997957b4ef2b2665314e7b61bee'),(873,'e452ba046c2a4988844b254459c2b802','934ef03a61e248f9a0ceb5053f70f649'),(876,'e452ba046c2a4988844b254459c2b802','96999c295e164bb3a2be75718d898378'),(877,'e452ba046c2a4988844b254459c2b802','bbe99a00a8b9428f8ab37cbbb1ece193'),(872,'e452ba046c2a4988844b254459c2b802','c6097e3f05e0418ba940e7a7c1f6c700'),(871,'e452ba046c2a4988844b254459c2b802','c61a196be20b4f57a5599806432a3937'),(874,'e452ba046c2a4988844b254459c2b802','fba72acb7fad470680258b508d3e2424'),(870,'e452ba046c2a4988844b254459c2b802','fcc917b1576946aeb7cc97e6305568ce'),(909,'e8907ca713ac487997030771f58abe33','02be432d29d04f05a95cd6c692a13bef'),(908,'e8907ca713ac487997030771f58abe33','1b457f71a7cf4463b78410c7db6536a4'),(912,'e8907ca713ac487997030771f58abe33','26cc63266c6348ca948a84daa9cb46cf'),(915,'e8907ca713ac487997030771f58abe33','2f73f174d6234e458105b4698513b3a2'),(913,'e8907ca713ac487997030771f58abe33','46bb380410a14a0c8c85a80fabe612fa'),(907,'e8907ca713ac487997030771f58abe33','8c90182c17914243ad64ddb51ca2c428'),(911,'e8907ca713ac487997030771f58abe33','8f35ab2a7b6a417696a2c5a29c70e0d5'),(916,'e8907ca713ac487997030771f58abe33','a264712f14db4d73aecf40f6ef385056'),(910,'e8907ca713ac487997030771f58abe33','b37595ff43bc452dbd1d2309cda7f394'),(914,'e8907ca713ac487997030771f58abe33','ed2b1e16b09f429fa770dbcd7bf56c9d'),(905,'eb8fa9e26c974a1e96fc7194896c8541','0f6214dc34504c10938ebb874e8a90ae'),(897,'eb8fa9e26c974a1e96fc7194896c8541','5cc5e718d8e1445882a1d0188f67a61e'),(902,'eb8fa9e26c974a1e96fc7194896c8541','72fa8062630245fba798fa5f4f0cba00'),(906,'eb8fa9e26c974a1e96fc7194896c8541','73f63871e97749bab044e0757f3b0de7'),(901,'eb8fa9e26c974a1e96fc7194896c8541','7ab296be64d54c87ae23ed5e0881af71'),(904,'eb8fa9e26c974a1e96fc7194896c8541','8ee13370e23b4af1aca475898a9c7ee1'),(900,'eb8fa9e26c974a1e96fc7194896c8541','92aa195abc904dacae73aba5385d175e'),(903,'eb8fa9e26c974a1e96fc7194896c8541','a0d4d3c4ffd644e3ac289812d6b1e2aa'),(899,'eb8fa9e26c974a1e96fc7194896c8541','a324b4d6b5e14de3b6f6219274142102'),(898,'eb8fa9e26c974a1e96fc7194896c8541','b799564701624a549bbd902da45a8a47'),(613,'ef0ae0716eb64cbe8eb71251e4a6a90a','5a062ea7eafb4fe4a7c60e03443e17f8'),(612,'ef0ae0716eb64cbe8eb71251e4a6a90a','63c624388f3e4e218aa0aeaf5cf70aab'),(678,'f7f93acbba5b40d6962e1968fb33ef2d','b25f413f6fb84884898af8fb020003e9'),(679,'f7f93acbba5b40d6962e1968fb33ef2d','fc5ea5c410c047f7a0f17089363b4bc3'),(288,'fb9768650b0149d7a05d8cc593982f01','00e8a5b23397433996c025db38a14596'),(291,'fb9768650b0149d7a05d8cc593982f01','20b06fbe1e2646a48fb12a59027add9f'),(287,'fb9768650b0149d7a05d8cc593982f01','495f31afbaf547dcabbf4b0620fd7709'),(294,'fb9768650b0149d7a05d8cc593982f01','49db2b2780ca4719b39b11716ef90dbc'),(290,'fb9768650b0149d7a05d8cc593982f01','6ce4f1e504054938a2f87b31abe6d6a9'),(293,'fb9768650b0149d7a05d8cc593982f01','8f732933f3eb47978bddde91b1bc848e'),(295,'fb9768650b0149d7a05d8cc593982f01','a6f6880bc09a4070b5350a6e64e84d8e'),(289,'fb9768650b0149d7a05d8cc593982f01','b9358cbb57d74642ba4a5a6c0f25e843'),(292,'fb9768650b0149d7a05d8cc593982f01','c3eb1dc4760c4e138abb6da58312cc20'),(695,'fc33efcd3fbd46d198eed2843f3d4d9a','3872d75166b44c8aa5aa655e82272b5c'),(694,'fc33efcd3fbd46d198eed2843f3d4d9a','535807adea9f48c9afb9e53af65a7d1b'),(691,'fc33efcd3fbd46d198eed2843f3d4d9a','552caa25d2da47a096be276f7549c657'),(692,'fc33efcd3fbd46d198eed2843f3d4d9a','b8261efbcd8844cfb09c6102a5047967'),(689,'fc33efcd3fbd46d198eed2843f3d4d9a','f3b20911dd514171aa913296b90726c3'),(693,'fc33efcd3fbd46d198eed2843f3d4d9a','f9de3c3082e242c68625359970f85686'),(690,'fc33efcd3fbd46d198eed2843f3d4d9a','fc8626e426164d9281a6b7d16c323edd'),(891,'fe884b51ef2649f2b8b87e0e83923fa3','05dd0f5e75a342daa91f25b72669d375'),(895,'fe884b51ef2649f2b8b87e0e83923fa3','25da7eb8743f4a6488466666fbf42b23'),(890,'fe884b51ef2649f2b8b87e0e83923fa3','402944843138422c96ffcacb7051e2b3'),(894,'fe884b51ef2649f2b8b87e0e83923fa3','838901e5fd3c44b9ae632990f5122dc2'),(889,'fe884b51ef2649f2b8b87e0e83923fa3','8786ef07a8ee45239c19bfadedc664e7'),(896,'fe884b51ef2649f2b8b87e0e83923fa3','9dd15c02bac74957a78f788873f33df0'),(893,'fe884b51ef2649f2b8b87e0e83923fa3','d655014042bd41e78de02759d872585d'),(892,'fe884b51ef2649f2b8b87e0e83923fa3','d80fdd2ab5914a619a5d29ea18b0ef6b'),(888,'fe884b51ef2649f2b8b87e0e83923fa3','dfcf569029434f74ae3a40d9f6d36ae7');
/*!40000 ALTER TABLE `library_commit_sublayers` ENABLE KEYS */;
UNLOCK TABLES;

--
-- Table structure for table `library_keyword`
--

DROP TABLE IF EXISTS `library_keyword`;
/*!40101 SET @saved_cs_client     = @@character_set_client */;
/*!50503 SET character_set_client = utf8mb4 */;
CREATE TABLE `library_keyword` (
  `id` bigint NOT NULL AUTO_INCREMENT,
  `keyword` varchar(200) NOT NULL,
  PRIMARY KEY (`id`),
  UNIQUE KEY `keyword` (`keyword`)
) ENGINE=InnoDB AUTO_INCREMENT=107 DEFAULT CHARSET=utf8mb4 COLLATE=utf8mb4_0900_ai_ci;
/*!40101 SET character_set_client = @saved_cs_client */;

--
-- Dumping data for table `library_keyword`
--

LOCK TABLES `library_keyword` WRITE;
/*!40000 ALTER TABLE `library_keyword` DISABLE KEYS */;
INSERT INTO `library_keyword` VALUES (5,'animal'),(88,'antique'),(83,'appliance'),(95,'artist'),(39,'barrel'),(73,'bathroom'),(34,'bench'),(57,'board'),(27,'bonfire'),(6,'book'),(7,'books'),(67,'bulb'),(16,'cafe'),(24,'camp'),(19,'campfire'),(66,'candle'),(79,'carrot'),(31,'cartoon'),(38,'chair'),(49,'character'),(41,'container'),(91,'cooking'),(32,'coral'),(1,'crab'),(4,'creature'),(85,'cup'),(30,'cute'),(11,'decoration'),(61,'dish'),(105,'drinking'),(70,'duck'),(90,'edible'),(45,'fantasy'),(26,'firepit'),(29,'fish'),(97,'food'),(100,'fragile'),(18,'furniture'),(103,'glass'),(9,'hardcover'),(10,'household'),(98,'japan'),(99,'japanese'),(62,'kitchen'),(81,'kitchenaid'),(63,'lamp'),(12,'library'),(68,'light'),(20,'logs'),(75,'machine'),(80,'mixer'),(47,'moomin'),(84,'mug'),(44,'object'),(2,'ocean'),(15,'office'),(87,'old'),(25,'outdoors'),(36,'outside'),(89,'panini'),(35,'park'),(93,'pen'),(40,'pickel'),(53,'play'),(60,'pot'),(13,'prop'),(33,'reef'),(21,'rocks'),(71,'rubber'),(37,'seat'),(3,'shell'),(50,'skateboard'),(51,'skater'),(52,'sport'),(94,'square'),(8,'stack'),(82,'stand mixer'),(22,'stones'),(46,'storage'),(14,'study'),(28,'survival'),(96,'sushi'),(17,'table'),(92,'tablet'),(59,'tea'),(101,'tea set'),(58,'teapot'),(86,'television'),(72,'toy'),(54,'transportation'),(48,'troll'),(78,'vegetable'),(55,'vehicle'),(64,'victorian'),(65,'vintage'),(42,'water-filled'),(56,'wheels'),(102,'wine'),(104,'wine glass'),(23,'wood'),(43,'wooden'),(106,'wooden chair'),(69,'yellow'),(74,'yu-gi-oh'),(77,'yu-gi-oh!'),(76,'yugioh');
/*!40000 ALTER TABLE `library_keyword` ENABLE KEYS */;
UNLOCK TABLES;

--
-- Table structure for table `library_statustag`
--

DROP TABLE IF EXISTS `library_statustag`;
/*!40101 SET @saved_cs_client     = @@character_set_client */;
/*!50503 SET character_set_client = utf8mb4 */;
CREATE TABLE `library_statustag` (
  `id` bigint NOT NULL AUTO_INCREMENT,
  `statusTag` varchar(200) NOT NULL,
  PRIMARY KEY (`id`),
  UNIQUE KEY `statusTag` (`statusTag`)
) ENGINE=InnoDB AUTO_INCREMENT=8 DEFAULT CHARSET=utf8mb4 COLLATE=utf8mb4_0900_ai_ci;
/*!40101 SET character_set_client = @saved_cs_client */;

--
-- Dumping data for table `library_statustag`
--

LOCK TABLES `library_statustag` WRITE;
/*!40000 ALTER TABLE `library_statustag` DISABLE KEYS */;
INSERT INTO `library_statustag` VALUES (1,'acquired'),(2,'approved'),(7,'latest'),(3,'standardized');
/*!40000 ALTER TABLE `library_statustag` ENABLE KEYS */;
UNLOCK TABLES;

--
-- Table structure for table `library_sublayer`
--

DROP TABLE IF EXISTS `library_sublayer`;
/*!40101 SET @saved_cs_client     = @@character_set_client */;
/*!50503 SET character_set_client = utf8mb4 */;
CREATE TABLE `library_sublayer` (
  `id` char(32) NOT NULL,
  `version` varchar(32) NOT NULL,
  `sublayerName` varchar(200) NOT NULL,
  `filepath` varchar(200) NOT NULL,
  `asset_id` char(32) NOT NULL,
  `checkedOutBy_id` bigint DEFAULT NULL,
  `s3_versionID` varchar(64) DEFAULT NULL,
  `previousVersion_id` char(32) DEFAULT NULL,
  PRIMARY KEY (`id`),
  KEY `library_sublayer_asset_id_4d734dac_fk_library_asset_id` (`asset_id`),
  KEY `library_sublayer_checkedOutBy_id_0569313a_fk_library_author_id` (`checkedOutBy_id`),
  KEY `library_sublayer_previousVersion_id_abfdd40b_fk_library_s` (`previousVersion_id`),
  KEY `library_sublayer_filepath_de713fff` (`filepath`),
  KEY `library_sublayer_version_d60e82a4` (`version`),
  CONSTRAINT `library_sublayer_asset_id_4d734dac_fk_library_asset_id` FOREIGN KEY (`asset_id`) REFERENCES `library_asset` (`id`),
  CONSTRAINT `library_sublayer_checkedOutBy_id_0569313a_fk_library_author_id` FOREIGN KEY (`checkedOutBy_id`) REFERENCES `library_author` (`id`),
  CONSTRAINT `library_sublayer_previousVersion_id_abfdd40b_fk_library_s` FOREIGN KEY (`previousVersion_id`) REFERENCES `library_sublayer` (`id`)
) ENGINE=InnoDB DEFAULT CHARSET=utf8mb4 COLLATE=utf8mb4_0900_ai_ci;
/*!40101 SET character_set_client = @saved_cs_client */;

--
-- Dumping data for table `library_sublayer`
--

LOCK TABLES `library_sublayer` WRITE;
/*!40000 ALTER TABLE `library_sublayer` DISABLE KEYS */;
INSERT INTO `library_sublayer` VALUES ('00bdc51277754fd08faa83ae020f7740','04.00.00','geometry_LOD0.usda','cis-7000-usd-assets-versioned/Assets/sittingMoomin/contrib/geometry/LOD0/geometry_LOD0.usda','c0e55d851ea64aa4aeec27c29594a555',NULL,'ublgzsNGt6SYyFEAGOWRJ0HFQSNqg0PY',NULL),('00e8a5b23397433996c025db38a14596','04.00.00','wineGlass.usda','usd-asset-versions-dump/2024-assets-acquisition/wineGlass/wineGlass.usda','31c39c346b394a1f90cf0a00f1c4a6ef',NULL,'KZ7m94QbnNrnHs8tTQcb80402lvdIOSO',NULL),('02b79267f9f8416f97ed1c4b7ae3eff6','02.00.00','thumbnail.png','usd-asset-versions-dump/2025-assets-02.00.00/campfire/thumbnail.png','6f6441599cc045ae91530ecd6cc5a81e',NULL,'nETlNf0JGdW1pr2gneN1OX.ZVh.HBGbk',NULL),('02be432d29d04f05a95cd6c692a13bef','04.00.00','geometry_LOD1.usda','cis-7000-usd-assets-versioned/Assets/cartoonFish/contrib/geometry/LOD1/geometry_LOD1.usda','f08cf286cf1b4110bdb5c6d03dfad92a',NULL,'BJKx7L4jEFOpX6ganXM73tiedgx76Adl',NULL),('03714a629e754fe0ae8864d6c30dbf28','04.00.00','geometry_LOD1.usda','cis-7000-usd-assets-versioned/Assets/skateboard/contrib/geometry/LOD1/geometry_LOD1.usda','63cd5d6f9e9243fd9a6276093c547cf7',NULL,'bUjSlAfyKAV.2o5nsiJmQWcggRmaPo.B',NULL),('044c7bf3b2d24e5a96d72658e8a1451b','04.00.00','carrotLOD1.usda','usd-asset-versions-dump/2024-assets-acquisition/carrot/carrotLOD1.usda','6188a79945fa415f906a1c6463a497eb',NULL,'GUVh6v2YZNFHV_8fxSHo65swlEzv9sL3',NULL),('045ee427989c42188fc0ca18c82bab60','03.00.00','sittingMoomin.usda','usd-asset-versions-dump/2025-assets-03.00.00/sittingMoomin/sittingMoomin.usda','c0e55d851ea64aa4aeec27c29594a555',NULL,'gjzmbotok_IrcMm3yV9t366etRZTcSp_',NULL),('0471910665e5468980f5e4081f1fbfa6','04.00.00','default.png','cis-7000-usd-assets-versioned/Assets/skateboard/contrib/material/default/texture/default.png','63cd5d6f9e9243fd9a6276093c547cf7',NULL,'sh.YU8GAOTMJSGOHITP.lPRWQ9RuP8HN',NULL),('04a9b863a2a9415a81f9af8496a1dd0f','04.00.00','oldTelevision_model.usda','usd-asset-versions-dump/2024-assets-acquisition/oldTelevision/oldTelevision_model.usda','b6234f0922c94798ba12257342157faa',NULL,'Gbl5zldOqzKxJtESHDYIE7kbGvKJVTyJ',NULL),('05dd0f5e75a342daa91f25b72669d375','05.00.00','geometry_LOD2.usda','cis-7000-usd-assets-versioned/Assets/vintageLamp/contrib/geometry/LOD2/geometry_LOD2.usda','c4449799e71a4ce88999ea44a86e067b',NULL,'7Q_bmhNVPHkf0S9KL9dESQ09rSOgjE0w',NULL),('0638d4a878f643bea79d393ebcdd8a56','03.00.00','yugiohClockArc_LOD2.usda','usd-asset-versions-dump/2025-assets-03.00.00/yugiohClockArc/LODs/yugiohClockArc_LOD2.usda','4be817e19e11426ebeede52145732e77',NULL,'WxagoUYbHwEo2ESUXXYHjJANqAqDwMIH',NULL),('06e2765e503048e285e9526856ffa577','05.00.00','geometry_LOD0.usda','cis-7000-usd-assets-versioned/Assets/mug/contrib/geometry/LOD0/geometry_LOD0.usda','5bac6ed09efe4816b7c427ffb08c599d',NULL,'HxfuCz2LwuXobKocXk3f18a_ma2XlKTH',NULL),('07334c51a3df4e36b7cb39a48c4dc6f3','04.00.00','material.usda','cis-7000-usd-assets-versioned/Assets/yellowDuck/contrib/material/material.usda','39338164bc7f4fcaa1a14bc30beae3fe',NULL,'tH92FbQ8AVkSwqAiggBw_JRk2bET4xid',NULL),('07740dcdcc6045b9be2bff5536051bc7','02.00.00','bookStack_LOD1.usda','usd-asset-versions-dump/2025-assets-02.00.00/bookStack/LODs/bookStack_LOD1.usda','082f328bf76a4d48be255c620a8cd280',NULL,'RB74WMI1Yey.r8SdohXC847IJfjG.PDo',NULL),('082526dbe3ed44f088d767de324e52f7','04.00.00','material.usda','cis-7000-usd-assets-versioned/Assets/sittingMoomin/contrib/material/material.usda','c0e55d851ea64aa4aeec27c29594a555',NULL,'OrNVxsrqmqoZt.9FQlwsu0m9pYqXyb.T',NULL),('0973bfbd7460432a93107d36dd49ceb9','05.00.00','geometry_LOD1.usda','cis-7000-usd-assets-versioned/Assets/penTablet/contrib/geometry/LOD1/geometry_LOD1.usda','db17d0c2030049769e1ba2ea54d86114',NULL,'AP7FoCFo5u3.hVi8IRQmh8RomeMLhfOY',NULL),('0999d71e69eb433fb183cf445942aed8','04.00.00','material.usda','cis-7000-usd-assets-versioned/Assets/parkBench/contrib/material/material.usda','2df25bd14a5542aab9eaa23f1c3ccd1e',NULL,'fooWY45GAHb3c68QjewW6lb3MIpkuIbQ',NULL),('09dd651b7f924e409f97c83a5d19afda','03.00.00','metadata.json','usd-asset-versions-dump/2025-assets-03.00.00/parkBench/metadata.json','2df25bd14a5542aab9eaa23f1c3ccd1e',NULL,'ILsw8dsLuQOxz9.7JfVqUvIAmcuw4rO_',NULL),('0a677efd0e794db5b52cc06c22e1b6e3','03.00.00','campfire_LOD0.usda','usd-asset-versions-dump/2025-assets-03.00.00/campfire/LODs/campfire_LOD0.usda','6f6441599cc045ae91530ecd6cc5a81e',NULL,'1IPoyK_k7pOvJc3_CnX_N9UTUFQ6nl3Z',NULL),('0aa360bddc964210832e6813f1378b94','04.00.00','geometry.usda','cis-7000-usd-assets-versioned/Assets/sittingMoomin/contrib/geometry/geometry.usda','c0e55d851ea64aa4aeec27c29594a555',NULL,'OeukZWMCxYKEYDg.wvm242DAm3Ztp44o',NULL),('0aa6e5e500364eb3ab46a7883b64f47e','02.00.00','campfire_LOD0.usda','usd-asset-versions-dump/2025-assets-02.00.00/campfire/LODs/campfire_LOD0.usda','6f6441599cc045ae91530ecd6cc5a81e',NULL,'sU2V4gNaJzMmz5NZMFSkXhXZabXtZKof',NULL),('0af48450c891478c8ebd2bec761dbffb','04.00.00','material_default.usda','cis-7000-usd-assets-versioned/Assets/parkBench/contrib/material/default/material_default.usda','2df25bd14a5542aab9eaa23f1c3ccd1e',NULL,'Y7AKQIsDT0TcCaUL0HgKFp_H151yjU.j',NULL),('0b01df064c164df7a7ea850f58f158e7','05.00.00','geometry.usda','cis-7000-usd-assets-versioned/Assets/paniniPress/contrib/geometry/geometry.usda','3dcf8a1dac8242a59f83c50df682fb69',NULL,'8GzBS6TzMWl.z6zSgLpipaU76kIYBaei',NULL),('0bcea527322d44a8abc7ff1c677a8736','04.00.00','geometry_LOD0.usda','cis-7000-usd-assets-versioned/Assets/pickleBarrels/contrib/geometry/LOD0/geometry_LOD0.usda','a0d5c1f281f046cd9ff2287dfed6cd63',NULL,'tcg0TA4lhzOLwnpgTKu9e9R1H9hrmqcZ',NULL),('0c248cd88c224d9998471fa44dc6228e','04.00.00','geometry_LOD2.usda','cis-7000-usd-assets-versioned/Assets/sittingMoomin/contrib/geometry/LOD2/geometry_LOD2.usda','c0e55d851ea64aa4aeec27c29594a555',NULL,'FELwmVwP5ybAoIZmm9IHvM3z3gAESRag',NULL),('0cd6e274afd54daaae98dda4a24d045b','04.00.00','mugLOD0.usda','usd-asset-versions-dump/2024-assets-acquisition/mug/mugLOD0.usda','5bac6ed09efe4816b7c427ffb08c599d',NULL,'JmRUFxD5j64c9IeoU4g12geRTLAflOvJ',NULL),('0d068999162b4639b91e6201c09daede','05.00.00','material.usda','cis-7000-usd-assets-versioned/Assets/vintageLamp/contrib/material/material.usda','c4449799e71a4ce88999ea44a86e067b',NULL,'V5C9ZJtoeKJ_GjyvdoMJZ0BKnwtkjHfN',NULL),('0d6760c48b3348d5975190d49b8d8a36','04.00.00','geometry_LOD0.usda','cis-7000-usd-assets-versioned/Assets/cartoonFish/contrib/geometry/LOD0/geometry_LOD0.usda','f08cf286cf1b4110bdb5c6d03dfad92a',NULL,'Zrrk0u6P_XyAhzLR3SHLR7Sqq9imXuuz',NULL),('0d6a67f7c2e04d9ba7094a554aef5e65','06.00.00','geometry_LOD2.usda','cis-7000-usd-assets-versioned/Assets/kitchenaid/contrib/geometry/LOD2/geometry_LOD2.usda','66b74b32abd8459cbe41f434285a7691',NULL,'7heMCSt6R8QKicz1H1CdQN_qXEdXdLZW',NULL),('0e3c2629d4be44f18444ffc82fbd4bd3','04.00.00','logs.png','cis-7000-usd-assets-versioned/Assets/campfire/contrib/material/logs/texture/logs.png','6f6441599cc045ae91530ecd6cc5a81e',NULL,'eptsJW5ZoaMOqbBfM1CZUihUBDtQPKaS',NULL),('0e8c4e962d924bd88b096fca61c52a5e','04.00.00','geometry.usda','cis-7000-usd-assets-versioned/Assets/yugiohClockArc/contrib/geometry/geometry.usda','4be817e19e11426ebeede52145732e77',NULL,'IQI00VVD7dk_DXl0xuAyxGBXv499Ghj6',NULL),('0f6214dc34504c10938ebb874e8a90ae','05.00.00','penTablet.usd','cis-7000-usd-assets-versioned/Assets/penTablet/penTablet.usd','db17d0c2030049769e1ba2ea54d86114',NULL,'qxvqID4nNA6hp52EEUrP5_GxrnXm5EVL',NULL),('0f977376176f4cacb0dd5e388ee292e8','04.00.00','geometry_LOD0.usda','cis-7000-usd-assets-versioned/Assets/cafeTable/contrib/geometry/LOD0/geometry_LOD0.usda','579fe0bad3f84b7babc143ab2952234e',NULL,'p7uKoae5dS3aypZCOAy8I8mNMTG7.inT',NULL),('0facb9393f9a4e35bb75c5f46d7d7a8c','04.00.00','material_logs.usda','cis-7000-usd-assets-versioned/Assets/campfire/contrib/material/logs/material_logs.usda','6f6441599cc045ae91530ecd6cc5a81e',NULL,'S5uM15_FCgFFkWvnACojgRmAxcbHI.Zl',NULL),('1035ad53a5ec4539b154c3f46a67902b','02.00.00','pickleBarrels_LOD1.usda','usd-asset-versions-dump/2025-assets-02.00.00/pickleBarrels/LODs/pickleBarrels_LOD1.usda','a0d5c1f281f046cd9ff2287dfed6cd63',NULL,'XNJh4LSpXhQnsYr9ZJUmuQ9tud1di76g',NULL),('10e9983ac06e493fadc1571d1759ac1c','05.00.00','wineGlass.usd','cis-7000-usd-assets-versioned/Assets/wineGlass/wineGlass.usd','31c39c346b394a1f90cf0a00f1c4a6ef',NULL,'WlE4TlzNp7zKsg_tpdhcEwG4MvVal8Y5',NULL),('1317b5e8b993488dba088ec532b1daa4','05.00.00','default.png','cis-7000-usd-assets-versioned/Assets/woodenChair/contrib/material/default/texture/default.png','b7d69121f36340adbdb7bed776c42a8d',NULL,'3ajTNlTYAULJ7jBrKyf4c1Tg0Tgkw4UM',NULL),('13cc3cd59f064aa8a12d7fda153738df','04.00.00','material.usda','cis-7000-usd-assets-versioned/Assets/teapot/contrib/material/material.usda','f5e189a845fb4ed3930a81263a21bf99',NULL,'e6Jf68KcmCxbDWelyCIQKGIB0z9MORA_',NULL),('13ea4842bc334abf95ade297a8db0d3b','03.00.00','cartoonFish_LOD0.usda','usd-asset-versions-dump/2025-assets-03.00.00/cartoonFish/LODs/cartoonFish_LOD0.usda','f08cf286cf1b4110bdb5c6d03dfad92a',NULL,'A3AKg0bF9IsATMe13NwOau.4xgDJxtj9',NULL),('13fe0fa39d9148dfb77ec3f567be425f','03.00.00','yugiohClockArc.usda','usd-asset-versions-dump/2025-assets-03.00.00/yugiohClockArc/yugiohClockArc.usda','4be817e19e11426ebeede52145732e77',NULL,'YOvvT65KN5axha4n_AshgzdwYvjlQfJG',NULL),('144a69c97af7498fa7ecf527dc510a3d','05.00.00','material.usda','cis-7000-usd-assets-versioned/Assets/sushi/contrib/material/material.usda','2c7ef29f88474ded95eb449ebb264ead',NULL,'B.z1vX9uQ0Xo_0nzde4Z4EqHzaFxAZ2k',NULL),('147f265349d54887b69fa90a3b6d9092','03.00.00','yellowDuck_LOD2.usda','usd-asset-versions-dump/2025-assets-03.00.00/yellowDuck/LODs/yellowDuck_LOD2.usda','39338164bc7f4fcaa1a14bc30beae3fe',NULL,'Igk_nM4RQenJdLCUIVyjv.gG6XYuQdRO',NULL),('14ea0602ddaa43f09d8f656a1538641d','04.00.00','default.png','cis-7000-usd-assets-versioned/Assets/flatTeapot/contrib/material/default/texture/default.png','3d283193f6b54cf0a233a5b83ed95819',NULL,'uCRPtHb6sMFIEfqq7cy7v2NU5GjZcHo0',NULL),('15278124bcfa430e95a4bb7fc35d59e8','03.00.00','vintageLamp_LOD1.usda','usd-asset-versions-dump/2025-assets-02.00.00/vintageLamp/LODs/vintageLamp_LOD1.usda','c4449799e71a4ce88999ea44a86e067b',NULL,'wmK_lXE6FuyWfWKVffbutgO6O3sdmoFy',NULL),('155fe32a11f945aab30f4cc351443f6c','04.00.00','default.png','cis-7000-usd-assets-versioned/Assets/pickleBarrels/contrib/material/default/texture/default.png','a0d5c1f281f046cd9ff2287dfed6cd63',NULL,'oO4TEmgjF.Y9dh_nMbb0ojC0T.UxKnE1',NULL),('15b99bd50fc849f088ea634b394691a5','05.00.00','geometry_LOD2.usda','cis-7000-usd-assets-versioned/Assets/carrot/contrib/geometry/LOD2/geometry_LOD2.usda','6188a79945fa415f906a1c6463a497eb',NULL,'8SFmnRt3mIkqvUK4vyITFK8HF7KGR9i7',NULL),('15db36ab63a74d94841877fae2dc537d','03.00.00','thumbnail.png','usd-asset-versions-dump/2025-assets-02.00.00/vintageLamp/thumbnail.png','c4449799e71a4ce88999ea44a86e067b',NULL,'1_osGozpWzhEqW4Tm9horyjNjsq101av',NULL),('16c21e481acd4ad393db97b2f5aae91d','05.00.00','thumbnail.png','cis-7000-usd-assets-versioned/Assets/wineGlass/contrib/.thumbs/thumbnail.png','31c39c346b394a1f90cf0a00f1c4a6ef',NULL,'dIDICm0k5Z4sluS_bTVSxcvmokA9F93A',NULL),('17c47250003d4649a550318f4a01ecb1','04.00.00','geometry_LOD2.usda','cis-7000-usd-assets-versioned/Assets/flatTeapot/contrib/geometry/LOD2/geometry_LOD2.usda','3d283193f6b54cf0a233a5b83ed95819',NULL,'_7i025RVqe2QtuS0rE_m6jrPllsh5BJX',NULL),('17e6d2d9889441deb9130d0a879afd3a','04.00.00','material_default.usda','cis-7000-usd-assets-versioned/Assets/flatTeapot/contrib/material/default/material_default.usda','3d283193f6b54cf0a233a5b83ed95819',NULL,'agR588Zi027S0U9UdFByLLwSkUxFsywv',NULL),('18853089b8624e6cacfad5196d62e0ae','02.00.00','metadata.json','usd-asset-versions-dump/2025-assets-02.00.00/bookStack/metadata.json','082f328bf76a4d48be255c620a8cd280',NULL,'P0yr8EyiKec7G0mE51_WQdfk2wJGFI9N',NULL),('18b2b5525f7a4d9599c0dbe029a1c926','05.00.00','carrot.usd','cis-7000-usd-assets-versioned/Assets/carrot/carrot.usd','6188a79945fa415f906a1c6463a497eb',NULL,'7upkOy5KRT6_4gjIrDlZ77ZyowCll2OH',NULL),('18d99b4b317f4dd7ac683732d822140d','04.00.00','thumb.png','usd-asset-versions-dump/2024-assets-acquisition/carrot/thumb.png','6188a79945fa415f906a1c6463a497eb',NULL,'tXcYa30TrxbHCG.m1NH9Gtht.uE.AA74',NULL),('1918ef6e12d1425ca0ee245f240f92a5','04.00.00','oldTelevisionLOD1.usda','usd-asset-versions-dump/2024-assets-acquisition/oldTelevision/oldTelevisionLOD1.usda','b6234f0922c94798ba12257342157faa',NULL,'wBUQw81CTVJHiuEo46f.3rUDzqy0ol0T',NULL),('196d0687229b414eb9e61aea2ee1b189','04.00.00','paniniPress_model.usda','usd-asset-versions-dump/2024-assets-acquisition/paniniPress/paniniPress_model.usda','3dcf8a1dac8242a59f83c50df682fb69',NULL,'yViEU6hcWnpEQ95UUwYfYQ1NS5SLNAS4',NULL),('1976b15fe31a495cbd52e020ded276f2','02.00.00','bookStack.fbx','usd-asset-versions-dump/2025-assets-02.00.00/bookStack/bookStack.fbx','082f328bf76a4d48be255c620a8cd280',NULL,'C7yu1Lk6l4BTGLA8w0OExOyHc34kh8af',NULL),('197feb8e4a5a416cb14fc6dfb9b385c5','04.00.00','geometry.usda','cis-7000-usd-assets-versioned/Assets/beegCrab/contrib/geometry/geometry.usda','f175fbe4933944a69d06e86c906622d6',NULL,'9ohwosz27hEgGthq5FGI336M0tMu6gK5',NULL),('199ff1d5f0164f2682e2acb5fff17c1d','04.00.00','metadata.json','usd-asset-versions-dump/2024-assets-acquisition/woodenChair/metadata.json','b7d69121f36340adbdb7bed776c42a8d',NULL,'0QP8of3pQizag7_V0BH3uiE3Dg2i98dC',NULL),('1b457f71a7cf4463b78410c7db6536a4','04.00.00','geometry_bbox.usda','cis-7000-usd-assets-versioned/Assets/cartoonFish/contrib/geometry/bbox/geometry_bbox.usda','f08cf286cf1b4110bdb5c6d03dfad92a',NULL,'iGbSpDDl38RpRfyF1meYgacSf6I5bG9r',NULL),('1b9c03f33aff4ee68c5fa5c73295d0cb','03.00.00','metadata.json','usd-asset-versions-dump/2025-assets-03.00.00/yugiohClockArc/metadata.json','4be817e19e11426ebeede52145732e77',NULL,'t6mZedRilckWFbekEW.DB3z5BXUot.pb',NULL),('1c3c3f96ccae4899b0497ee761449d86','02.00.00','beegCrab_LOD1.usda','usd-asset-versions-dump/2025-assets-02.00.00/beegCrab/LODs/beegCrab_LOD1.usda','f175fbe4933944a69d06e86c906622d6',NULL,'xhanOerlwgJXAGKv2K9iDiEu9sQxHGng',NULL),('1c51bc2952dd454aa7acf713e17f3df6','02.00.00','yugiohClockArc_LOD2.usda','usd-asset-versions-dump/2025-assets-02.00.00/yugiohClockArc/LODs/yugiohClockArc_LOD2.usda','4be817e19e11426ebeede52145732e77',NULL,'lMpPrh_0pUudl48fJl8E8dk.Ks7q26ft',NULL),('1c559b960a344fd696982fc13842df1e','05.00.00','geometry_LOD0.usda','cis-7000-usd-assets-versioned/Assets/sushi/contrib/geometry/LOD0/geometry_LOD0.usda','2c7ef29f88474ded95eb449ebb264ead',NULL,'GphOyDLvNZ_0VxAi5Cvjh_QRyPsoNn28',NULL),('1c82399215254ea09dd7cc704874f531','01.00.00','bookStack.fbx','usd-asset-versions-dump/2025-assets-01.00.00/bookStack/bookStack.fbx','082f328bf76a4d48be255c620a8cd280',NULL,'771NPidV.8hFiNzgKsCgt9fAU4iUWMOH',NULL),('1cdfedc78bb84ecda24f29eab7d5b23b','03.00.00','cartoonFish.usda','usd-asset-versions-dump/2025-assets-03.00.00/cartoonFish/cartoonFish.usda','f08cf286cf1b4110bdb5c6d03dfad92a',NULL,'GxOrwizLJGvCaCify6NLh2mCPc7gRHhi',NULL),('1ce67609267c4bfd86ba1094bf21d094','04.00.00','geometry_LOD0.usda','cis-7000-usd-assets-versioned/Assets/beegCrab/contrib/geometry/LOD0/geometry_LOD0.usda','f175fbe4933944a69d06e86c906622d6',NULL,'7QiDR7ePaj_ALxw8XJf10YKW1meun47R',NULL),('1d724c39e4704147b8576a5c7f5bdfc2','04.00.00','woodenChair.ma','usd-asset-versions-dump/2024-assets-acquisition/woodenChair/woodenChair.ma','b7d69121f36340adbdb7bed776c42a8d',NULL,'90BGaha36uZ0lA4Lv8mOGhIcLuGMnCxs',NULL),('1d8aebae1c69434991895fa3089c1d9e','04.00.00','pickleBarrels.usd','cis-7000-usd-assets-versioned/Assets/pickleBarrels/pickleBarrels.usd','a0d5c1f281f046cd9ff2287dfed6cd63',NULL,'Apdv.NZr9a_r1sYdra5Z8qgCeOpIB2Ni',NULL),('1e300aef29244c009f4a7a420d39cbed','04.00.00','material.usda','cis-7000-usd-assets-versioned/Assets/bookStack/contrib/material/material.usda','082f328bf76a4d48be255c620a8cd280',NULL,'Gps4ccCtORTOLKFBPvZNvmyLRShmbtdU',NULL),('1e4a31e3763d4d4eb8f0f9b1cdc6f4ce','04.00.00','carrotLOD0.usda','usd-asset-versions-dump/2024-assets-acquisition/carrot/carrotLOD0.usda','6188a79945fa415f906a1c6463a497eb',NULL,'XlmnWoiGf3KpRiTSk2EEuuOBGCgnoMfE',NULL),('1ec748590a1c40b8a88f8b3f4c90f1c9','02.00.00','pickleBarrels_LOD2.usda','usd-asset-versions-dump/2025-assets-02.00.00/pickleBarrels/LODs/pickleBarrels_LOD2.usda','a0d5c1f281f046cd9ff2287dfed6cd63',NULL,'mBdJngPBRJoV1_ErkiV4ltPXWNa2txgs',NULL),('1edd3b9caf294d0985d217808af802c6','04.00.00','mug.ma','usd-asset-versions-dump/2024-assets-acquisition/mug/mug.ma','5bac6ed09efe4816b7c427ffb08c599d',NULL,'qSSjXvHFHEc2U70_SzCuBpe4nH90AQ6O',NULL),('1f03c01f3dcf44e1be3189794b47d1b6','05.00.00','geometry.usda','cis-7000-usd-assets-versioned/Assets/oldTelevision/contrib/geometry/geometry.usda','b6234f0922c94798ba12257342157faa',NULL,'2lAW_.GnrxtaJLLy0K0TX8YD_w3p9cLn',NULL),('1fa61f7c5e8348c3aea7eba11b84f287','04.00.00','thumbnail.png','usd-asset-versions-dump/2025-assets-03.00.00/vintageLamp/thumbnail.png','c4449799e71a4ce88999ea44a86e067b',NULL,'lw.zU4BGmTzHvnOWarkRoK8G34aNdGGs',NULL),('1fbf243d2d92454b91504f384227f0b8','04.00.00','material_rocks.usda','cis-7000-usd-assets-versioned/Assets/campfire/contrib/material/rocks/material_rocks.usda','6f6441599cc045ae91530ecd6cc5a81e',NULL,'JFZ1sCyNUHaa3a7tTbuTyZDiVxGkgcwU',NULL),('201ead12b274406b92314826cd38ffeb','04.00.00','material.usda','cis-7000-usd-assets-versioned/Assets/cafeTable/contrib/material/material.usda','579fe0bad3f84b7babc143ab2952234e',NULL,'2TF4cia3NXcgUtiKBGITP5s4TTBDfA7E',NULL),('2040f1019ebf4901b5e7f35275fe1928','04.00.00','default.png','cis-7000-usd-assets-versioned/Assets/beegCrab/contrib/material/default/texture/default.png','f175fbe4933944a69d06e86c906622d6',NULL,'g8fm0vPYZqVvje9I6KH4q2ZOt1YOWJhi',NULL),('20b06fbe1e2646a48fb12a59027add9f','04.00.00','metadata.json','usd-asset-versions-dump/2024-assets-acquisition/wineGlass/metadata.json','31c39c346b394a1f90cf0a00f1c4a6ef',NULL,'kt.jGTQNEdTGD7abi7KFVosuwaWgTl6A',NULL),('217259ccc5e243efb5b79a67ea5c7c20','02.00.00','campfire_LOD1.usda','usd-asset-versions-dump/2025-assets-02.00.00/campfire/LODs/campfire_LOD1.usda','6f6441599cc045ae91530ecd6cc5a81e',NULL,'1PMQEbzZS3_kUGV8_5rTVMJprp9Kn5jY',NULL),('21a409930c2641d896d3ea33ae086c0f','04.00.00','geometry_LOD2.usda','cis-7000-usd-assets-versioned/Assets/parkBench/contrib/geometry/LOD2/geometry_LOD2.usda','2df25bd14a5542aab9eaa23f1c3ccd1e',NULL,'VovmlYR.zRvcRpDe8sNaLk6tO1hQVo8E',NULL),('21c09de93c1644249496f07bb8200bf8','04.00.00','thumbnail.png','cis-7000-usd-assets-versioned/Assets/parkBench/contrib/.thumbs/thumbnail.png','2df25bd14a5542aab9eaa23f1c3ccd1e',NULL,'pvM0q4R41HVLP1pqCSkOmxwrZx.xu_vE',NULL),('229dcef855874811942c6a424b759f19','05.00.00','default.png','cis-7000-usd-assets-versioned/Assets/paniniPress/contrib/material/default/texture/default.png','3dcf8a1dac8242a59f83c50df682fb69',NULL,'Yo_qCqNWnlBUQWspZYQ9NPFjGmNfrctn',NULL),('22bd359023be4ea9a1430b002e7754c2','04.00.00','sushiLOD1.usda','usd-asset-versions-dump/2024-assets-acquisition/sushi/sushiLOD1.usda','2c7ef29f88474ded95eb449ebb264ead',NULL,'.lBubzzd2.gzg06w8Sw.EbYM5iRGCMK2',NULL),('22c57368c3b54d89a64b5f47e07161d6','04.00.00','woodenChair.usda','usd-asset-versions-dump/2024-assets-acquisition/woodenChair/woodenChair.usda','b7d69121f36340adbdb7bed776c42a8d',NULL,'YB.Mou9SxjzA1S4l9jbewUjYsVvPDeO0',NULL),('2368663c60cb42a49df27ff49c527a64','03.00.00','campfire.fbx','usd-asset-versions-dump/2025-assets-03.00.00/campfire/campfire.fbx','6f6441599cc045ae91530ecd6cc5a81e',NULL,'jThsm5JWKo6pzJU0cmvHdNBhPCt5by3T',NULL),('240795cb50204e6bac396296e43707ba','05.00.00','geometry_LOD0.usda','cis-7000-usd-assets-versioned/Assets/paniniPress/contrib/geometry/LOD0/geometry_LOD0.usda','3dcf8a1dac8242a59f83c50df682fb69',NULL,'EWQ2ZULxjSdYTSZ118z9zNGHA_T0TUme',NULL),('24cebd8487334d4fa5f4e0266fc46398','04.00.00','geometry_LOD0.usda','cis-7000-usd-assets-versioned/Assets/beegCrab/contrib/geometry/LOD0/geometry_LOD0.usda','f175fbe4933944a69d06e86c906622d6',NULL,'g6CKHkZbI.VcuFkP.l_oLCAjj5npQjbg',NULL),('24ebb0cbd1a04acd8b0af9a4f7c3fcbc','04.00.00','geometry_bbox.usda','cis-7000-usd-assets-versioned/Assets/sittingMoomin/contrib/geometry/bbox/geometry_bbox.usda','c0e55d851ea64aa4aeec27c29594a555',NULL,'uQYlY3kbz59oof4TT93U5liiClltU3nk',NULL),('251b88a71b3e4294bea213769efdfd33','04.00.00','geometry_LOD1.usda','cis-7000-usd-assets-versioned/Assets/yellowDuck/contrib/geometry/LOD1/geometry_LOD1.usda','39338164bc7f4fcaa1a14bc30beae3fe',NULL,'oM4y7jeuRP9JdJLwHBuRZi6hpXhfZqGZ',NULL),('25da7eb8743f4a6488466666fbf42b23','05.00.00','material_default.usda','cis-7000-usd-assets-versioned/Assets/vintageLamp/contrib/material/default/material_default.usda','c4449799e71a4ce88999ea44a86e067b',NULL,'Y3JZJMd9SlLo_rP1LqC8XMb5amSqDJri',NULL),('26cc63266c6348ca948a84daa9cb46cf','04.00.00','geometry.usda','cis-7000-usd-assets-versioned/Assets/cartoonFish/contrib/geometry/geometry.usda','f08cf286cf1b4110bdb5c6d03dfad92a',NULL,'ABC40NnZstMXHZ.adi9iAxhA6F1so3ME',NULL),('2778b9698a79438fa9655aa40dc519cc','03.00.00','bookStack.fbx','usd-asset-versions-dump/2025-assets-03.00.00/bookStack/bookStack.fbx','082f328bf76a4d48be255c620a8cd280',NULL,'YNrjgf4JHv6kOACG2n3spCN1EkQkCvxN',NULL),('2788ad36be4b446f9d691186e25102b8','01.00.00','metadata.json','usd-asset-versions-dump/2025-assets-01.00.00/yellowDuck/metadata.json','39338164bc7f4fcaa1a14bc30beae3fe',NULL,'8_aEDLTvMMHfm_oprGKBzTmS7BiadDi4',NULL),('2798bd6b65834b00a1bebfdcc98288d2','02.00.00','sittingMoomin.fbx','usd-asset-versions-dump/2025-assets-02.00.00/sittingMoomin/sittingMoomin.fbx','c0e55d851ea64aa4aeec27c29594a555',NULL,'g2xCKSGC2jbni7I5qF.u.AuK34QhCYQH',NULL),('27e3185dd7ac408c8c6840adeaf0d095','02.00.00','cafeTable_LOD0.usda','usd-asset-versions-dump/2025-assets-02.00.00/cafeTable/LODs/cafeTable_LOD0.usda','579fe0bad3f84b7babc143ab2952234e',NULL,'VePjiF1tb7g0_HSNF7kbstMQBPHs9EN3',NULL),('27f1394e75e14c898677641cda85503c','03.00.00','yugiohClockArc_LOD1.usda','usd-asset-versions-dump/2025-assets-03.00.00/yugiohClockArc/LODs/yugiohClockArc_LOD1.usda','4be817e19e11426ebeede52145732e77',NULL,'5N4YDIwX2sdsBsCWOoE4K2vKMxs5_uG9',NULL),('2880dd4a09dc40219d8b3e2e15acdef0','04.00.00','default.png','cis-7000-usd-assets-versioned/Assets/beegCrab/contrib/material/default/texture/default.png','f175fbe4933944a69d06e86c906622d6',NULL,'WX_.yMs6IxQsVUc9eE_phdC6W5.dLYxk',NULL),('296cf870285c4d2c828ee139741cb7ba','03.00.00','cartoonFish_LOD1.usda','usd-asset-versions-dump/2025-assets-03.00.00/cartoonFish/LODs/cartoonFish_LOD1.usda','f08cf286cf1b4110bdb5c6d03dfad92a',NULL,'ruyUvVmJvb2iwQN4VwHOYo2f.IAF7Wyd',NULL),('29acecbc2fe444bf8fdda66587d13606','04.00.00','geometry_LOD1.usda','cis-7000-usd-assets-versioned/Assets/bookStack/contrib/geometry/LOD1/geometry_LOD1.usda','082f328bf76a4d48be255c620a8cd280',NULL,'wwiVJrEY4JCdpJhsJ1Bvm7aWu9SMffGI',NULL),('29b55b989a81410395c8c7ef79b9ee3d','02.00.00','metadata.json','usd-asset-versions-dump/2025-assets-02.00.00/cafeTable/metadata.json','579fe0bad3f84b7babc143ab2952234e',NULL,'Jv.ZMSu9RHZhCe2IwKXrlMP5.e488Vwe',NULL),('2a4f75f13afb4c84bbe3495f656cb2cd','04.00.00','geometry.usda','cis-7000-usd-assets-versioned/Assets/cafeTable/contrib/geometry/geometry.usda','579fe0bad3f84b7babc143ab2952234e',NULL,'nqYgVlAc22RDdKr2lP585hU62vvA4JnB',NULL),('2a5561669adf4c62a53a0405586d4840','04.00.00','geometry_LOD0.usda','cis-7000-usd-assets-versioned/Assets/parkBench/contrib/geometry/LOD0/geometry_LOD0.usda','2df25bd14a5542aab9eaa23f1c3ccd1e',NULL,'Oh6RNaHxodZfiYkW3Sh4XkFYQAn.lpt7',NULL),('2ae08945a97c47a28e703509bffde43f','03.00.00','parkBench.fbx','usd-asset-versions-dump/2025-assets-03.00.00/parkBench/parkBench.fbx','2df25bd14a5542aab9eaa23f1c3ccd1e',NULL,'ezid5TF5bPhgRalxuPuo_pAA9uJIjr44',NULL),('2b2df44740f3423cbc48b959a3eae909','05.00.00','material.usda','cis-7000-usd-assets-versioned/Assets/wineGlass/contrib/material/material.usda','31c39c346b394a1f90cf0a00f1c4a6ef',NULL,'7mMcHs.4.5Br2nNJuRDiM2JPrObiskRI',NULL),('2b4a2e3ea0e648888aa410d0b80eb75d','04.00.00','thumbnail.png','cis-7000-usd-assets-versioned/Assets/campfire/contrib/.thumbs/thumbnail.png','6f6441599cc045ae91530ecd6cc5a81e',NULL,'m8YBAmBRi09aefa7EL9c7Qw4auRiJRiF',NULL),('2b8aee9780a54593993f9523eebd8bdd','04.00.00','geometry_bbox.usda','cis-7000-usd-assets-versioned/Assets/sittingMoomin/contrib/geometry/bbox/geometry_bbox.usda','c0e55d851ea64aa4aeec27c29594a555',NULL,'y2YkqlHnmoJUDDqccz.GqsEUsALUKBaQ',NULL),('2b94961ec244444185023357a7263f8b','04.00.00','rocks.png','cis-7000-usd-assets-versioned/Assets/campfire/contrib/material/rocks/texture/rocks.png','6f6441599cc045ae91530ecd6cc5a81e',NULL,'gzHHVmiBKAs0pBdrsEC1iH5p9VigRdpm',NULL),('2bb3563d79af48a98bfaaea8ca777a34','05.00.00','thumbnail.png','cis-7000-usd-assets-versioned/Assets/oldTelevision/contrib/.thumbs/thumbnail.png','b6234f0922c94798ba12257342157faa',NULL,'WOS_NQPOKtTDM0_9rUdKWW6xY28DykgH',NULL),('2c3f09b59eb049918f66c4e00ebf1a62','05.00.00','default.png','cis-7000-usd-assets-versioned/Assets/woodenChair/contrib/material/default/texture/default.png','b7d69121f36340adbdb7bed776c42a8d',NULL,'3x1T1MxqY4gxBVF4ki8tru84W2hnBEhY',NULL),('2c4d6b617c5d4c07a083cb57def43d0b','04.00.00','geometry_bbox.usda','cis-7000-usd-assets-versioned/Assets/teapot/contrib/geometry/bbox/geometry_bbox.usda','f5e189a845fb4ed3930a81263a21bf99',NULL,'UD5JN6rDijF3JURKAIPpXduQBzEODjRS',NULL),('2d76cd1b76714cb2860fc1e0ee68d666','05.00.00','material.usda','cis-7000-usd-assets-versioned/Assets/oldTelevision/contrib/material/material.usda','b6234f0922c94798ba12257342157faa',NULL,'.wzRKDiTXup6d1lykGxC6j983A5YpcDn',NULL),('2da82147ec47426f99c7e2c7273a1651','03.00.00','metadata.json','usd-asset-versions-dump/2025-assets-02.00.00/vintageLamp/metadata.json','c4449799e71a4ce88999ea44a86e067b',NULL,'2HLNpU5yWCe41BwddmoplNBC6we_Cjr8',NULL),('2dd34414c53f45798923f82afc3bff83','04.00.00','material.usda','cis-7000-usd-assets-versioned/Assets/campfire/contrib/material/material.usda','6f6441599cc045ae91530ecd6cc5a81e',NULL,'Oa_CvEDKm_1K.UKlwEm8PdSQyLp7KzGr',NULL),('2ee3c49cb8724e6a8f49f7ce92855dcd','04.00.00','geometry_LOD2.usda','cis-7000-usd-assets-versioned/Assets/bookStack/contrib/geometry/LOD2/geometry_LOD2.usda','082f328bf76a4d48be255c620a8cd280',NULL,'KU4g9E6yGxszBEjzQlHBURbOqLk.l9LI',NULL),('2f73f174d6234e458105b4698513b3a2','04.00.00','material_default.usda','cis-7000-usd-assets-versioned/Assets/cartoonFish/contrib/material/default/material_default.usda','f08cf286cf1b4110bdb5c6d03dfad92a',NULL,'P5BIBDIVo5462YzQxsDc29uaMorCE_YR',NULL),('2fcec4c7ec05480396b8fc88771e1e94','03.00.00','metadata.json','usd-asset-versions-dump/2025-assets-03.00.00/bookStack/metadata.json','082f328bf76a4d48be255c620a8cd280',NULL,'GxcO1O5TBKDk6443iSQeortKw1zlpjz2',NULL),('3031485bd2e546738de71e36a3034264','03.00.00','cafeTable.usda','usd-asset-versions-dump/2025-assets-03.00.00/cafeTable/cafeTable.usda','579fe0bad3f84b7babc143ab2952234e',NULL,'dmc6DZ68ZlOwkynh2ehohK0paesLlk8O',NULL),('30558e5225934c13b8fab756cd1e0bf3','02.00.00','metadata.json','usd-asset-versions-dump/2025-assets-02.00.00/pickleBarrels/metadata.json','a0d5c1f281f046cd9ff2287dfed6cd63',NULL,'VK24nH0bR6A1.HSwhZjRaCd_cl5wbYSV',NULL),('30c5fb1366024230acdbaea5c310ee6c','04.00.00','geometry_LOD0.usda','cis-7000-usd-assets-versioned/Assets/skateboard/contrib/geometry/LOD0/geometry_LOD0.usda','63cd5d6f9e9243fd9a6276093c547cf7',NULL,'67ojPAQAwqKO8RbKWgruAxAz4Qef3BcE',NULL),('31453591a8c94ad3b04eb4299ae6700d','04.00.00','geometry_LOD2.usda','cis-7000-usd-assets-versioned/Assets/sittingMoomin/contrib/geometry/LOD2/geometry_LOD2.usda','c0e55d851ea64aa4aeec27c29594a555',NULL,'cQqmXrlC3qXs.3ko7_dZMm2QJ2QAvFD7',NULL),('31949ff56cd84ed08bc36fda80fa6c07','01.00.00','skateboard.fbx','usd-asset-versions-dump/2025-assets-01.00.00/skateboard/skateboard.fbx','63cd5d6f9e9243fd9a6276093c547cf7',NULL,'7VEYG7j7wv3hw5ocBw.vDKjw8vSsM223',NULL),('3225012ff11f49b9815161768efc01a5','04.00.00','woodenChairLOD0.usda','usd-asset-versions-dump/2024-assets-acquisition/woodenChair/woodenChairLOD0.usda','b7d69121f36340adbdb7bed776c42a8d',NULL,'.DCrgKnvNvg_M7t.vC9.mrMCOgCbQWvE',NULL),('32c37c9962c44814a7041566293e0558','04.00.00','woodenChair_material.usda','usd-asset-versions-dump/2024-assets-acquisition/woodenChair/woodenChair_material.usda','b7d69121f36340adbdb7bed776c42a8d',NULL,'TgskpMD6SfrJAgE7DQLycl1CnGHXVo73',NULL),('32fb1f96603745c78bd868709312320a','03.00.00','bookStack_LOD1.usda','usd-asset-versions-dump/2025-assets-03.00.00/bookStack/LODs/bookStack_LOD1.usda','082f328bf76a4d48be255c620a8cd280',NULL,'OqGVGRsiy1oWTe3iHu4bR.x6se.NhSRm',NULL),('338b0af6b46a454381a1e14f78a52443','05.00.00','geometry_LOD1.usda','cis-7000-usd-assets-versioned/Assets/sushi/contrib/geometry/LOD1/geometry_LOD1.usda','2c7ef29f88474ded95eb449ebb264ead',NULL,'LSmNSLWRGYD1jfz9dKmdH8FhEkJ.Rymm',NULL),('33a7065d5f6f4177923327fcd6d3b776','05.00.00','geometry_bbox.usda','cis-7000-usd-assets-versioned/Assets/woodenChair/contrib/geometry/bbox/geometry_bbox.usda','b7d69121f36340adbdb7bed776c42a8d',NULL,'41SXBdeK50LjK7u85LkjuLJbqEsbiP3L',NULL),('33d1336a8487400f9b970df309effd06','01.00.00','yugiohClockArc.fbx','usd-asset-versions-dump/2025-assets-01.00.00/yugiohClockArc/yugiohClockArc.fbx','4be817e19e11426ebeede52145732e77',NULL,'JO4vUdwz23q.yxuy_DdS._ET91ox4S8k',NULL),('33f4a2237d2342a1adbc6b8e562522f6','04.00.00','default.png','cis-7000-usd-assets-versioned/Assets/teapot/contrib/material/default/texture/default.png','f5e189a845fb4ed3930a81263a21bf99',NULL,'jQHAM9Me8IlEl4lvz7ve05ENg6unakOY',NULL),('347e8495f19344ff9c5e5d835bc9ba2e','01.00.00','sittingMoomin.fbx','usd-asset-versions-dump/2025-assets-01.00.00/sittingMoomin/sittingMoomin.fbx','c0e55d851ea64aa4aeec27c29594a555',NULL,'cJwSNiBBTbCQQpfxYaHxGLxb.flf_aFw',NULL),('34827e20920a4aae8415053472ecb911','05.00.00','geometry_LOD2.usda','cis-7000-usd-assets-versioned/Assets/vintageLamp/contrib/geometry/LOD2/geometry_LOD2.usda','c4449799e71a4ce88999ea44a86e067b',NULL,'2ugX2O8bxk_OnB44Mi1R_AV7nvJwATHg',NULL),('34ad02514cbe4cf7ba2ea083f1570a58','04.00.00','geometry_LOD2.usda','cis-7000-usd-assets-versioned/Assets/teapot/contrib/geometry/LOD2/geometry_LOD2.usda','f5e189a845fb4ed3930a81263a21bf99',NULL,'HtBeIRJH.X7TdDtvoPt5PrH8eGO3cqZI',NULL),('34b9f8ebebeb447fac5fe1ac6f58c185','04.00.00','oldTelevision.usda','usd-asset-versions-dump/2024-assets-acquisition/oldTelevision/oldTelevision.usda','b6234f0922c94798ba12257342157faa',NULL,'7d4gv0LXc4UWfOnQBGJUs7ss3j86Ey6a',NULL),('3520886754df41a6b6fb36b7e3c252c7','04.00.00','material_default.usda','cis-7000-usd-assets-versioned/Assets/teapot/contrib/material/default/material_default.usda','f5e189a845fb4ed3930a81263a21bf99',NULL,'pI1Xqak6Paro8C0ErTGUhEbP8n5uFDRa',NULL),('35794d2463544822ad091498b3a37db0','02.00.00','metadata.json','usd-asset-versions-dump/2025-assets-02.00.00/campfire/metadata.json','6f6441599cc045ae91530ecd6cc5a81e',NULL,'Gd8MGxmXD7byYPYzsNO3LjYFlIbVIFDP',NULL),('35afceb6bcbd479b890224a15c7397f5','05.00.00','geometry_LOD2.usda','cis-7000-usd-assets-versioned/Assets/oldTelevision/contrib/geometry/LOD2/geometry_LOD2.usda','b6234f0922c94798ba12257342157faa',NULL,'MlQtpEo0dEplrt6k.yrJKUpU.TJ9Lhl8',NULL),('3613fc0c419549e5834ee331db511ce9','05.00.00','carrot.usd','cis-7000-usd-assets-versioned/Assets/carrot/carrot.usd','6188a79945fa415f906a1c6463a497eb',NULL,'OS9kjtjjH27I2Z7BLC6ieOkBlePMGDgD',NULL),('3772f6ef08b34c0a9cf6f910b210fcee','04.00.00','geometry_LOD1.usda','cis-7000-usd-assets-versioned/Assets/pickleBarrels/contrib/geometry/LOD1/geometry_LOD1.usda','a0d5c1f281f046cd9ff2287dfed6cd63',NULL,'7GetXPO7xfN_KjhW5BB6JCLRT6KpRPKc',NULL),('37bb7cbace6a4d6dbcdda75600557ba5','04.00.00','woodenChair_model.usda','usd-asset-versions-dump/2024-assets-acquisition/woodenChair/woodenChair_model.usda','b7d69121f36340adbdb7bed776c42a8d',NULL,'moKzLbjYkG62BbP5mwZjMKUjtKaOqI0I',NULL),('37cd37d101954b78b479980da1300e1b','03.00.00','cafeTable_LOD1.usda','usd-asset-versions-dump/2025-assets-03.00.00/cafeTable/LODs/cafeTable_LOD1.usda','579fe0bad3f84b7babc143ab2952234e',NULL,'qmxVYJUj.UTdply8trAhGVH4qMjwqbBi',NULL),('37ea8ba54e004e4882dfc1254c7e4de5','04.00.00','geometry_LOD2.usda','cis-7000-usd-assets-versioned/Assets/yellowDuck/contrib/geometry/LOD2/geometry_LOD2.usda','39338164bc7f4fcaa1a14bc30beae3fe',NULL,'YMkBrxxozfFg5f69i2XYtxK5KHyTTrMy',NULL),('3872d75166b44c8aa5aa655e82272b5c','03.00.00','metadata.json','usd-asset-versions-dump/2025-assets-03.00.00/teapot/metadata.json','f5e189a845fb4ed3930a81263a21bf99',NULL,'h0mY05n8A7SjfbFD9BhejRNzlTaaEs28',NULL),('38a6121bd3444d7ab5759be1c702b08a','05.00.00','geometry_LOD0.usda','cis-7000-usd-assets-versioned/Assets/oldTelevision/contrib/geometry/LOD0/geometry_LOD0.usda','b6234f0922c94798ba12257342157faa',NULL,'E22Y_Xvv9dABRsAcDGF5rRYFiMEUrEhM',NULL),('38e6b85ce5034999ab8e0382457af21a','01.00.00','metadata.json','usd-asset-versions-dump/2025-assets-01.00.00/bookStack/metadata.json','082f328bf76a4d48be255c620a8cd280',NULL,'hlHisUWYLMs5qdjxzucQpj71DPl4cJs5',NULL),('39ebc668c8db4fe08f183abd6cdb697d','04.00.00','geometry_LOD0.usda','cis-7000-usd-assets-versioned/Assets/yugiohClockArc/contrib/geometry/LOD0/geometry_LOD0.usda','4be817e19e11426ebeede52145732e77',NULL,'9fstqbYypyK5l9wbzHfyRDIn0rWxjq1n',NULL),('39f918fd62f146a1b5abec8b065451f7','02.00.00','yellowDuck_LOD0.usda','usd-asset-versions-dump/2025-assets-02.00.00/yellowDuck/LODs/yellowDuck_LOD0.usda','39338164bc7f4fcaa1a14bc30beae3fe',NULL,'qJzmEJ2WAz3VTYuKIyeTqDF.Ax7Jbw0v',NULL),('3a029cbfbbf14efc94c3a1cb5e1b9412','05.00.00','geometry_bbox.usda','cis-7000-usd-assets-versioned/Assets/carrot/contrib/geometry/bbox/geometry_bbox.usda','6188a79945fa415f906a1c6463a497eb',NULL,'qvU_Oe0vlEQPn2R.tVm2WncbOPsVwF6Z',NULL),('3ac0e9158802486e9bc3c3241f7eb095','04.00.00','geometry_LOD1.usda','cis-7000-usd-assets-versioned/Assets/parkBench/contrib/geometry/LOD1/geometry_LOD1.usda','2df25bd14a5542aab9eaa23f1c3ccd1e',NULL,'bnUNu5UCUHHj1SiplY96EXbIX2jwcCRk',NULL),('3ac6eb23b78e49d49eda2ed965d0720e','04.00.00','default.png','cis-7000-usd-assets-versioned/Assets/yellowDuck/contrib/material/default/texture/default.png','39338164bc7f4fcaa1a14bc30beae3fe',NULL,'MMGfBljpHKh0a.Da2sNTZYyYcj5b3Ur.',NULL),('3baaa8f68f6c4bbab1e0277cd9b2b34e','05.00.00','geometry_bbox.usda','cis-7000-usd-assets-versioned/Assets/mug/contrib/geometry/bbox/geometry_bbox.usda','5bac6ed09efe4816b7c427ffb08c599d',NULL,'K97CBbVhmAE9NKaGzEFkgdkvA9LNVRYj',NULL),('3bded8793d9b41d1b3ea004dd9848e30','04.00.00','carrot_model.usda','usd-asset-versions-dump/2024-assets-acquisition/carrot/carrot_model.usda','6188a79945fa415f906a1c6463a497eb',NULL,'bDViZ0Y8vs1gfNldo0Weum.bBIsLG6L3',NULL),('3c28e572e0fe4645ba50ff3c4d5315e5','05.00.00','geometry_LOD0.usda','cis-7000-usd-assets-versioned/Assets/woodenChair/contrib/geometry/LOD0/geometry_LOD0.usda','b7d69121f36340adbdb7bed776c42a8d',NULL,'jrZ7zqbqr6JNZrSVHRWwHKhd29Ia_J9K',NULL),('3c3f19f802be44678ff29fa8f1383a21','05.00.00','material.usda','cis-7000-usd-assets-versioned/Assets/carrot/contrib/material/material.usda','6188a79945fa415f906a1c6463a497eb',NULL,'H22OW9yoIoqeII8WxTz3eey5RYj6XjuA',NULL),('3c841015c8f9440889bee2410f9d6cbb','04.00.00','thumb.png','usd-asset-versions-dump/2024-assets-acquisition/paniniPress/thumb.png','3dcf8a1dac8242a59f83c50df682fb69',NULL,'E2fTksPivzoFN5lzDAB6gbzbzBqDqSN2',NULL),('3cadbf0bebcb47cfb568386a015f7c96','04.00.00','geometry_bbox.usda','cis-7000-usd-assets-versioned/Assets/yellowDuck/contrib/geometry/bbox/geometry_bbox.usda','39338164bc7f4fcaa1a14bc30beae3fe',NULL,'K3ADT_CF855WFqKKJZiH.nEF7Tv2AK6C',NULL),('3cc8c2efa3254543bb9683b90f7635b3','03.00.00','cafeTable.fbx','usd-asset-versions-dump/2025-assets-03.00.00/cafeTable/cafeTable.fbx','579fe0bad3f84b7babc143ab2952234e',NULL,'vpj.h7cWTVRpJV_F_pRkDUazdBHuIYdH',NULL),('3d15c0a7c70b4b6aa7715eb83436210b','04.00.00','metadata.json','usd-asset-versions-dump/2024-assets-acquisition/sushi/metadata.json','2c7ef29f88474ded95eb449ebb264ead',NULL,'sPxGWd6CV3bE.BRwTaoWi.0DxPWZJNjQ',NULL),('3d6ec5a1de5344f393e4320d5c2890a2','03.00.00','sittingMoomin.fbx','usd-asset-versions-dump/2025-assets-03.00.00/sittingMoomin/sittingMoomin.fbx','c0e55d851ea64aa4aeec27c29594a555',NULL,'jRyM1ZGkCRDyEWAil_UOT90_L_KEbu.C',NULL),('3dada67323124499b22a752b58f8e117','05.00.00','material_default.usda','cis-7000-usd-assets-versioned/Assets/sushi/contrib/material/default/material_default.usda','2c7ef29f88474ded95eb449ebb264ead',NULL,'yjsQ.n5CSwVmfAgY8kjs96G5vWr2jref',NULL),('3e272770efae460393c3b588d8fc4666','02.00.00','sittingMoomin_LOD1.usda','usd-asset-versions-dump/2025-assets-02.00.00/sittingMoomin/LODs/sittingMoomin_LOD1.usda','c0e55d851ea64aa4aeec27c29594a555',NULL,'VYLo8sONuvcBEMh8cfBRgO7jOJ7r8Lt4',NULL),('3e630e9bff074b48a2b462c219ffa537','03.00.00','parkBench_LOD2.usda','usd-asset-versions-dump/2025-assets-03.00.00/parkBench/LODs/parkBench_LOD2.usda','2df25bd14a5542aab9eaa23f1c3ccd1e',NULL,'D62MdUDCFoOydo0Cmxzorm.NUcAPTviZ',NULL),('3e72b78191644d14819dd7579fba07ee','05.00.00','geometry_LOD1.usda','cis-7000-usd-assets-versioned/Assets/mug/contrib/geometry/LOD1/geometry_LOD1.usda','5bac6ed09efe4816b7c427ffb08c599d',NULL,'fqyuwPrcEobHzJW5Yndp12_NEPJFnKVH',NULL),('3ec5b83c4d0e47edbc06c5a94e0e9031','04.00.00','thumb.png','usd-asset-versions-dump/2024-assets-acquisition/penTablet/thumb.png','db17d0c2030049769e1ba2ea54d86114',NULL,'ZIJA9Ki3w5CP4MFsjOCUFuu.x3hKpjZZ',NULL),('3eeb31b6a06c45cf9dadd85a9757653b','04.00.00','thumbnail.png','cis-7000-usd-assets-versioned/Assets/teapot/contrib/.thumbs/thumbnail.png','f5e189a845fb4ed3930a81263a21bf99',NULL,'uHNhbE0daiC0DmNNFTXfs7bGP9cgV9hl',NULL),('3ef6d71844a24f91b7454ea86c5afd3e','03.00.00','metadata.json','usd-asset-versions-dump/2025-assets-03.00.00/pickleBarrels/metadata.json','a0d5c1f281f046cd9ff2287dfed6cd63',NULL,'jm6dGQ7NmQEKbz5M3ll_2KuAVS_JMfes',NULL),('3f205c90629c41f19778f9fce546f1cf','03.00.00','yugiohClockArc_LOD0.usda','usd-asset-versions-dump/2025-assets-03.00.00/yugiohClockArc/LODs/yugiohClockArc_LOD0.usda','4be817e19e11426ebeede52145732e77',NULL,'YI1SqdG_W_4UdLvrQ2WHyAPsyMDG9eli',NULL),('3f64a1aae72f466fa84bfe81d5c69b5a','04.00.00','geometry.usda','cis-7000-usd-assets-versioned/Assets/sittingMoomin/contrib/geometry/geometry.usda','c0e55d851ea64aa4aeec27c29594a555',NULL,'__XnxTkD5OmBoDP0GFUznwrzZa2vvoDJ',NULL),('3f9e65863e3049e0b83e11eb5f18b09d','05.00.00','material.usda','cis-7000-usd-assets-versioned/Assets/penTablet/contrib/material/material.usda','db17d0c2030049769e1ba2ea54d86114',NULL,'yXZqAbPZkWeoddH.J4v87ErVT78KeSzh',NULL),('3fa803fc87154f0481d95b91c1f89baf','04.00.00','material_default.usda','cis-7000-usd-assets-versioned/Assets/pickleBarrels/contrib/material/default/material_default.usda','a0d5c1f281f046cd9ff2287dfed6cd63',NULL,'NQxijH8bGxxIgL0fujW1_lyyE_55QPFw',NULL),('3ff062a50af747d598b7a2d4897eb1e5','04.00.00','default.png','cis-7000-usd-assets-versioned/Assets/skateboard/contrib/material/default/texture/default.png','63cd5d6f9e9243fd9a6276093c547cf7',NULL,'AyouUBVr16iu7ZJvu_0zu_NZbMMVuLRC',NULL),('4025102dcb894c6f9acf326d1eae4b92','05.00.00','geometry.usda','cis-7000-usd-assets-versioned/Assets/wineGlass/contrib/geometry/geometry.usda','31c39c346b394a1f90cf0a00f1c4a6ef',NULL,'ykob754atxJtf1W3oVpYqCYVSJgfWoc_',NULL),('402944843138422c96ffcacb7051e2b3','05.00.00','geometry_LOD0.usda','cis-7000-usd-assets-versioned/Assets/vintageLamp/contrib/geometry/LOD0/geometry_LOD0.usda','c4449799e71a4ce88999ea44a86e067b',NULL,'LzcfQBrSc5syrO6XfRKA.t61NKOECeuZ',NULL),('403056f991b7432585eade02945d479c','01.00.00','metadata.json','usd-asset-versions-dump/2025-assets-01.00.00/cafeTable/metadata.json','579fe0bad3f84b7babc143ab2952234e',NULL,'Aliozn9i6Ya_1zooeWhvhBg9o3euaBGd',NULL),('403600074ec44109a1c7e5a970cae71f','03.00.00','thumbnail.png','usd-asset-versions-dump/2025-assets-03.00.00/beegCrab/thumbnail.png','f175fbe4933944a69d06e86c906622d6',NULL,'VsgqtO0PPon1v9vZE2VFZIyLV_5UyHnE',NULL),('405e468c09cb4d22bf51b236430080cc','02.00.00','teapot_LOD0.usda','usd-asset-versions-dump/2025-assets-02.00.00/teapot/LODs/teapot_LOD0.usda','f5e189a845fb4ed3930a81263a21bf99',NULL,'72jhOkpDefD7myJUlVVn7Mojo7jUDW6W',NULL),('40b59a8213fa4a98a4665f0aa324ef35','03.00.00','pickelBarrels.fbx','usd-asset-versions-dump/2025-assets-03.00.00/pickleBarrels/pickelBarrels.fbx','a0d5c1f281f046cd9ff2287dfed6cd63',NULL,'O6knR7whFz2fm1bWyUh6gZEPHdkbQvkE',NULL),('40bca4232e294ddfb10800ab91a6a934','02.00.00','skateboard_LOD1.usda','usd-asset-versions-dump/2025-assets-02.00.00/skateboard/LODs/skateboard_LOD1.usda','63cd5d6f9e9243fd9a6276093c547cf7',NULL,'3Ry1jWY7qViQ_v5WBpI6LA1tpg0J.6_M',NULL),('41287c8a04ef488495b4b9be243ac4e8','04.00.00','oldTelevisionLOD0.usda','usd-asset-versions-dump/2024-assets-acquisition/oldTelevision/oldTelevisionLOD0.usda','b6234f0922c94798ba12257342157faa',NULL,'2qcnfMdYuR.osELRMKBqgHPAluzcWwZF',NULL),('421b43c06b094e109b6dece0e8544c13','05.00.00','default.png','cis-7000-usd-assets-versioned/Assets/oldTelevision/contrib/material/default/texture/default.png','b6234f0922c94798ba12257342157faa',NULL,'GQ7q.2zLVhOZVw9cjFg2hBfcIHKD.5DU',NULL),('42f0f3b661464e45a77dfca83910d570','04.00.00','thumb.png','usd-asset-versions-dump/2024-assets-acquisition/oldTelevision/thumb.png','b6234f0922c94798ba12257342157faa',NULL,'eLMZdzfTCH5u7l8kIzylW1_FkZvtiPvX',NULL),('432d5c5a7d1845bd9aa58c0a1cd3f044','04.00.00','geometry_bbox.usda','cis-7000-usd-assets-versioned/Assets/skateboard/contrib/geometry/bbox/geometry_bbox.usda','63cd5d6f9e9243fd9a6276093c547cf7',NULL,'tiIUaT_X6w7TGpBCXKYDBV77mstNBLwh',NULL),('43e6e80cb41a4143aca284c3622b53ee','04.00.00','default.png','cis-7000-usd-assets-versioned/Assets/yugiohClockArc/contrib/material/default/texture/default.png','4be817e19e11426ebeede52145732e77',NULL,'0ybEHJak1iycqzmMoHsxzW7Ql0Wv4yuM',NULL),('44264b1451d846b4aa9491aba509b145','04.00.00','carrot_material.usda','usd-asset-versions-dump/2024-assets-acquisition/carrot/carrot_material.usda','6188a79945fa415f906a1c6463a497eb',NULL,'6xC0NndnDZGzXhya.2SKLF34oAyoh_cB',NULL),('443407e33eb64c4cb7f11c0807d0dfff','05.00.00','geometry_LOD2.usda','cis-7000-usd-assets-versioned/Assets/wineGlass/contrib/geometry/LOD2/geometry_LOD2.usda','31c39c346b394a1f90cf0a00f1c4a6ef',NULL,'KVgX_S6mXbJxYSbzXK9kPxmvjB98jKLD',NULL),('4442e0d763e245b1a9d87c0ac69312ad','05.00.00','geometry.usda','cis-7000-usd-assets-versioned/Assets/sushi/contrib/geometry/geometry.usda','2c7ef29f88474ded95eb449ebb264ead',NULL,'J8nLsnCuBYaa7oZtROSR_.NRUsWB_UXS',NULL),('4474d3ba0b2e49c7a59fd757c1a82f1d','04.00.00','metadata.json','usd-asset-versions-dump/2024-assets-acquisition/mug/metadata.json','5bac6ed09efe4816b7c427ffb08c599d',NULL,'lHeXGWh.fGdHqnbRHFediwJnIKWzzy0B',NULL),('451b80a699f9481f8e15f43563dd8057','04.00.00','cartoonFish.usd','cis-7000-usd-assets-versioned/Assets/cartoonFish/cartoonFish.usd','f08cf286cf1b4110bdb5c6d03dfad92a',NULL,'40GwKi1wBFpT6L34RMHrpUkuXp0BWUp1',NULL),('4666e87cc16948749b755ac3d1d991ee','04.00.00','material.usda','cis-7000-usd-assets-versioned/Assets/yugiohClockArc/contrib/material/material.usda','4be817e19e11426ebeede52145732e77',NULL,'3VldtAG87U6PTs5rYL7EN68X_Ohz2.hI',NULL),('46bb380410a14a0c8c85a80fabe612fa','04.00.00','default.png','cis-7000-usd-assets-versioned/Assets/cartoonFish/contrib/material/default/texture/default.png','f08cf286cf1b4110bdb5c6d03dfad92a',NULL,'WfvsKNCarSQ6cvnavtg1gvr7CbCzoVD9',NULL),('470f94aabd12454b88826d204e20ef29','04.00.00','default.png','cis-7000-usd-assets-versioned/Assets/flatTeapot/contrib/material/default/texture/default.png','3d283193f6b54cf0a233a5b83ed95819',NULL,'Cqvuc2zkaxWozU6mvtCJwe5VnBWjDMf7',NULL),('47ac105c75ca496ea345dd45a9fa1619','05.00.00','geometry.usda','cis-7000-usd-assets-versioned/Assets/sushi/contrib/geometry/geometry.usda','2c7ef29f88474ded95eb449ebb264ead',NULL,'sHAbNHLvrcxqgv9_yYZNEtQzIh5PgoSL',NULL),('47d182d5c42446668b7a57f7c7d1532a','04.00.00','mug_model.usda','usd-asset-versions-dump/2024-assets-acquisition/mug/mug_model.usda','5bac6ed09efe4816b7c427ffb08c599d',NULL,'A0k3d_YZ2McsvHXSbefAlD8MSzeMJxjQ',NULL),('47dbc3caf83742dc809a2e30a388c9e1','04.00.00','geometry_bbox.usda','cis-7000-usd-assets-versioned/Assets/pickleBarrels/contrib/geometry/bbox/geometry_bbox.usda','a0d5c1f281f046cd9ff2287dfed6cd63',NULL,'bM56N3c7ChdxwDC511Qtnhs8vFgpH5WL',NULL),('48537b32f9824f899cbe6a5b8e2c1f5d','03.00.00','thumbnail.png','usd-asset-versions-dump/2025-assets-03.00.00/bookStack/thumbnail.png','082f328bf76a4d48be255c620a8cd280',NULL,'s5ap72U_1d0ITNSsHB6IuD433ITYzmwn',NULL),('48f9163070714abd9938849849fd04ba','05.00.00','material.usda','cis-7000-usd-assets-versioned/Assets/paniniPress/contrib/material/material.usda','3dcf8a1dac8242a59f83c50df682fb69',NULL,'VmggpbMrXpcCHZDrSDTEElsDpMopUlkH',NULL),('4922ff35a39a4c9a8e91fe12594c26d1','04.00.00','geometry_LOD2.usda','cis-7000-usd-assets-versioned/Assets/cartoonFish/contrib/geometry/LOD2/geometry_LOD2.usda','f08cf286cf1b4110bdb5c6d03dfad92a',NULL,'fJYo87Pz9H4YvBFf9PKwYzzpZtiQmnna',NULL),('495f31afbaf547dcabbf4b0620fd7709','04.00.00','wineGlassLOD1.usda','usd-asset-versions-dump/2024-assets-acquisition/wineGlass/wineGlassLOD1.usda','31c39c346b394a1f90cf0a00f1c4a6ef',NULL,'cufhu6ST736nT1gvhfwbQoI_WTwevu8_',NULL),('49ca7779bebd4feb8f0e270f7d11964e','03.00.00','metadata.json','usd-asset-versions-dump/2025-assets-03.00.00/beegCrab/metadata.json','f175fbe4933944a69d06e86c906622d6',NULL,'pWLU6dLuNU5UWlTDWmtVhuUA.OXcLokr',NULL),('49db2b2780ca4719b39b11716ef90dbc','04.00.00','wineGlassLOD0.usda','usd-asset-versions-dump/2024-assets-acquisition/wineGlass/wineGlassLOD0.usda','31c39c346b394a1f90cf0a00f1c4a6ef',NULL,'vSHCzZM1Jvn3sFSqNSBjVJw1qq4xY1Mb',NULL),('4a97a927f55b452c909662c2728fa6f3','04.00.00','material.usda','cis-7000-usd-assets-versioned/Assets/beegCrab/contrib/material/material.usda','f175fbe4933944a69d06e86c906622d6',NULL,'_o82sCKRiIu7VHcPS9mQVYoctUOJE1d6',NULL),('4aa0b8a1ce11407c89aecd7f394cc945','03.00.00','sittingMoomin_LOD0.usda','usd-asset-versions-dump/2025-assets-03.00.00/sittingMoomin/LODs/sittingMoomin_LOD0.usda','c0e55d851ea64aa4aeec27c29594a555',NULL,'_yVkBPXtkCUewi06NsnmiWBMhZFb9Axh',NULL),('4b6794d5be6a45c982b797302bb50e1c','02.00.00','cafeTable.fbx','usd-asset-versions-dump/2025-assets-02.00.00/cafeTable/cafeTable.fbx','579fe0bad3f84b7babc143ab2952234e',NULL,'XDFZwcTgnzHjB1uP04hZHop9yJ6Jp8iO',NULL),('4c100fe803aa4533a2bffa34b0e9e9c6','05.00.00','material_default.usda','cis-7000-usd-assets-versioned/Assets/oldTelevision/contrib/material/default/material_default.usda','b6234f0922c94798ba12257342157faa',NULL,'n11KoHGLKZyq0BqWdT9MUTrPS0J5nsWL',NULL),('4ddf1425dded4f9a9e8940ba1b05fa3f','04.00.00','geometry_bbox.usda','cis-7000-usd-assets-versioned/Assets/flatTeapot/contrib/geometry/bbox/geometry_bbox.usda','3d283193f6b54cf0a233a5b83ed95819',NULL,'.BACHmAzjsxb_f8rCRC52FqhTNRUsQ0N',NULL),('4e2601ba093c402cb133999df42ac524','05.00.00','material.usda','cis-7000-usd-assets-versioned/Assets/mug/contrib/material/material.usda','5bac6ed09efe4816b7c427ffb08c599d',NULL,'s2tlwy9oUIlaxwR0vrYPCAHUtXNbSWxT',NULL),('4fff2eff72184cb39cb83550eb38d1a8','03.00.00','cartoonFish.fbx','usd-asset-versions-dump/2025-assets-03.00.00/cartoonFish/cartoonFish.fbx','f08cf286cf1b4110bdb5c6d03dfad92a',NULL,'7a0aiDdbToVhgjCv.zFahq9Zi.PkmM4i',NULL),('5036103a272d4605b9cd7784a4eaa51b','05.00.00','sushi.usd','cis-7000-usd-assets-versioned/Assets/sushi/sushi.usd','2c7ef29f88474ded95eb449ebb264ead',NULL,'EuG7n3FQH4UKQL28xT606RqB.GA_T1nR',NULL),('5040428d94e244f8bc20c91501834ac9','04.00.00','material_default.usda','cis-7000-usd-assets-versioned/Assets/teapot/contrib/material/default/material_default.usda','f5e189a845fb4ed3930a81263a21bf99',NULL,'wbXaD4UpMAx_Rbe4U3lnPmtl1rEHeFlZ',NULL),('50697d31c3b94afaaacd0ffc7f22506a','03.00.00','vintageLamp_LOD0.usda','usd-asset-versions-dump/2025-assets-02.00.00/vintageLamp/LODs/vintageLamp_LOD0.usda','c4449799e71a4ce88999ea44a86e067b',NULL,'yjaMf5P.C8DoscUP4GLHDASAELi1NRoK',NULL),('51101d1af8c3434b928aa4cec7149d54','04.00.00','sushiLOD2.usda','usd-asset-versions-dump/2024-assets-acquisition/sushi/sushiLOD2.usda','2c7ef29f88474ded95eb449ebb264ead',NULL,'C3QVqpZMVuY3sTcNZRsmKZoIiVqmb6FT',NULL),('511495b833dd4920b3d6ca7ad8fabd10','04.00.00','geometry.usda','cis-7000-usd-assets-versioned/Assets/bookStack/contrib/geometry/geometry.usda','082f328bf76a4d48be255c620a8cd280',NULL,'umVybv18FRTOwkcsl9NOdxEJrqokhd.K',NULL),('516bdc476552457daf5abd884b6daca7','03.00.00','bookStack_LOD2.usda','usd-asset-versions-dump/2025-assets-03.00.00/bookStack/LODs/bookStack_LOD2.usda','082f328bf76a4d48be255c620a8cd280',NULL,'Tg0qBGvMRdDZ1txVosKZT7my.jJTGxo1',NULL),('51b5d718340e4f79bdee656047d2ea54','05.00.00','geometry_LOD1.usda','cis-7000-usd-assets-versioned/Assets/vintageLamp/contrib/geometry/LOD1/geometry_LOD1.usda','c4449799e71a4ce88999ea44a86e067b',NULL,'kiZd5rLMCr2ZuaCK0D6JpwcVyKZwo35p',NULL),('51d304a88a954cbeac4ec3cbdd13867c','02.00.00','thumbnail.png','usd-asset-versions-dump/2025-assets-02.00.00/cartoonFish/thumbnail.png','f08cf286cf1b4110bdb5c6d03dfad92a',NULL,'Ae.sJsuDGOTEwS2r.23pssiWYUBQKYp5',NULL),('51f4a02e7d50436f87a2b37e467a2024','04.00.00','sushi_model.usda','usd-asset-versions-dump/2024-assets-acquisition/sushi/sushi_model.usda','2c7ef29f88474ded95eb449ebb264ead',NULL,'l1jA8SnMwFLa05Yw0V5kRGLhfboUHKRj',NULL),('520edcf527a6414bb6ece38cfd10bcbd','03.00.00','thumbnail.png','usd-asset-versions-dump/2025-assets-03.00.00/campfire/thumbnail.png','6f6441599cc045ae91530ecd6cc5a81e',NULL,'UYzwh1X8dJtcvHTCIKEK_mMuMSu0KpVQ',NULL),('5299ec675647431181b24fd4d490b300','04.00.00','paniniPressLOD2.usda','usd-asset-versions-dump/2024-assets-acquisition/paniniPress/paniniPressLOD2.usda','3dcf8a1dac8242a59f83c50df682fb69',NULL,'9NF8UDJUkOZg27M555UzlCzxDHhN_3bP',NULL),('534b95762c4745b6afbda3a342b9ff5c','02.00.00','parkBench_LOD0.usda','usd-asset-versions-dump/2025-assets-02.00.00/parkBench/LODs/parkBench_LOD0.usda','2df25bd14a5542aab9eaa23f1c3ccd1e',NULL,'.5r5y4ktiEucx69NKst678bhl9t_x8di',NULL),('535807adea9f48c9afb9e53af65a7d1b','03.00.00','teapot.fbx','usd-asset-versions-dump/2025-assets-03.00.00/teapot/teapot.fbx','f5e189a845fb4ed3930a81263a21bf99',NULL,'S_N03fra2jS_2wFok1U6mcJQS9llinhG',NULL),('539c6e05f49743048fc690358f95e688','06.00.00','material_default.usda','cis-7000-usd-assets-versioned/Assets/kitchenaid/contrib/material/default/material_default.usda','66b74b32abd8459cbe41f434285a7691',NULL,'DHavMgwI0VqDQalMQ7cUgGj0UBSPAwf8',NULL),('53e0c071450b4cc19ccdc89d3c5afb3b','04.00.00','teapot.usd','cis-7000-usd-assets-versioned/Assets/teapot/teapot.usd','f5e189a845fb4ed3930a81263a21bf99',NULL,'zEG9C6YhaxBGp5Xmrfm6.Eep_._mhZMw',NULL),('543316c6499c49f4b86a6e1141a9fbb3','01.00.00','cafeTable.fbx','usd-asset-versions-dump/2025-assets-01.00.00/cafeTable/cafeTable.fbx','579fe0bad3f84b7babc143ab2952234e',NULL,'PZsLDqszSdZm.xmEOco3XCEoRDJISTxZ',NULL),('54494070a9804eb6abfa349bdf94e882','05.00.00','geometry_LOD1.usda','cis-7000-usd-assets-versioned/Assets/wineGlass/contrib/geometry/LOD1/geometry_LOD1.usda','31c39c346b394a1f90cf0a00f1c4a6ef',NULL,'Qs7thVLgiNnuesMMNn8sZ3bPBidVJetX',NULL),('552caa25d2da47a096be276f7549c657','03.00.00','thumbnail.png','usd-asset-versions-dump/2025-assets-03.00.00/teapot/thumbnail.png','f5e189a845fb4ed3930a81263a21bf99',NULL,'GVP8FCsFiargKda2klrxkXHI1USWvUGY',NULL),('5579d8d7d9b041b0a2fcd55e3c437a83','02.00.00','thumbnail.png','usd-asset-versions-dump/2025-assets-02.00.00/skateboard/thumbnail.png','63cd5d6f9e9243fd9a6276093c547cf7',NULL,'ndTC3bVRFeqyxLB3r7MjjAD_JoThKALU',NULL),('558d4c6a9fe04f379e1de81eda4be4ac','05.00.00','default.png','cis-7000-usd-assets-versioned/Assets/mug/contrib/material/default/texture/default.png','5bac6ed09efe4816b7c427ffb08c599d',NULL,'BT4Ddo_NAdwS5Dq48u7S9aE_gbC_0psm',NULL),('558fe9fd5b81459ca39faf21cf4fbef3','05.00.00','geometry_LOD1.usda','cis-7000-usd-assets-versioned/Assets/paniniPress/contrib/geometry/LOD1/geometry_LOD1.usda','3dcf8a1dac8242a59f83c50df682fb69',NULL,'rVnr1NzM.Wu_3g46VloLZEZhyeT.2giQ',NULL),('5601ec73389f466dbe741ded28b253ed','04.00.00','default.png','cis-7000-usd-assets-versioned/Assets/cafeTable/contrib/material/default/texture/default.png','579fe0bad3f84b7babc143ab2952234e',NULL,'ELaddqvLtDWBXSpOOStQIeY4y3tWrDRJ',NULL),('5602ecc3eaf64cb2962435586d84e6e9','03.00.00','metadata.json','usd-asset-versions-dump/2025-assets-03.00.00/cafeTable/metadata.json','579fe0bad3f84b7babc143ab2952234e',NULL,'IZfim8zVkRQ4Tf2VpDOYGU99GiOYi8xG',NULL),('5674de5ba5e14ba9bdcecbf965aee2a4','05.00.00','material_default.usda','cis-7000-usd-assets-versioned/Assets/paniniPress/contrib/material/default/material_default.usda','3dcf8a1dac8242a59f83c50df682fb69',NULL,'hYJxyUzo2jyp0LxM0O2FR6wjc6nb_sTW',NULL),('569f7856e53748899e79bdbf026dbd6a','05.00.00','geometry_LOD2.usda','cis-7000-usd-assets-versioned/Assets/mug/contrib/geometry/LOD2/geometry_LOD2.usda','5bac6ed09efe4816b7c427ffb08c599d',NULL,'3H5aRvQAxQ7sPYOsh_bvTaLo2POIoNwN',NULL),('56c7edbd65064b55aea9c9ed19a794ab','04.00.00','geometry_bbox.usda','cis-7000-usd-assets-versioned/Assets/skateboard/contrib/geometry/bbox/geometry_bbox.usda','63cd5d6f9e9243fd9a6276093c547cf7',NULL,'LGmbAyF.7.UM3Y_p.dzJ.ExvB3683n0t',NULL),('5743be84a7c74363813960c893a32267','05.00.00','thumbnail.png','cis-7000-usd-assets-versioned/Assets/sushi/contrib/.thumbs/thumbnail.png','2c7ef29f88474ded95eb449ebb264ead',NULL,'pjXbBsVLZBTHQkwbfcYuwvZoc3fv_2uf',NULL),('5773876e9c2745f5990750514f451e4b','04.00.00','penTabletLOD0.usda','usd-asset-versions-dump/2024-assets-acquisition/penTablet/penTabletLOD0.usda','db17d0c2030049769e1ba2ea54d86114',NULL,'Ko0P391HLwlJdII6TIIJ6MBcUcqQ7g8o',NULL),('57a8df70c5d94d3f813e907d0aa2cb28','04.00.00','pickleBarrels.usd','cis-7000-usd-assets-versioned/Assets/pickleBarrels/pickleBarrels.usd','a0d5c1f281f046cd9ff2287dfed6cd63',NULL,'IsYjs72I2WNk9Boptyl1Ta7yUskvy102',NULL),('57d6ae5501094a9c9f9c692b073d3356','04.00.00','material.usda','cis-7000-usd-assets-versioned/Assets/bookStack/contrib/material/material.usda','082f328bf76a4d48be255c620a8cd280',NULL,'yyUfmMR.GWI.cugbdZO1beJLBLpLHdx_',NULL),('586ff6ef88e547d790ff80907d4ba37f','06.00.00','default.png','cis-7000-usd-assets-versioned/Assets/kitchenaid/contrib/material/default/texture/default.png','66b74b32abd8459cbe41f434285a7691',NULL,'XRMKv.1K3lt435MmfznwWcoWLbItkpz_',NULL),('588aadd1509e49fda3868b0b819d5e8e','04.00.00','geometry_LOD1.usda','cis-7000-usd-assets-versioned/Assets/skateboard/contrib/geometry/LOD1/geometry_LOD1.usda','63cd5d6f9e9243fd9a6276093c547cf7',NULL,'JC5_QlB1dPOWsOrussTJiiFyO3NXiu9F',NULL),('58b06dda19254ca6b4c1d9d447e4885e','05.00.00','material_default.usda','cis-7000-usd-assets-versioned/Assets/vintageLamp/contrib/material/default/material_default.usda','c4449799e71a4ce88999ea44a86e067b',NULL,'iDVNaVA_rgfK11XlWqepduhTRyiBw0sM',NULL),('58d306301a724bb2869fd61635696017','04.00.00','material.usda','cis-7000-usd-assets-versioned/Assets/pickleBarrels/contrib/material/material.usda','a0d5c1f281f046cd9ff2287dfed6cd63',NULL,'M9Cj2NsR6J9iqmwvFZucExbhCzAtP8XX',NULL),('59103345dbb042f19c22f97da9eaaa69','02.00.00','metadata.json','usd-asset-versions-dump/2025-assets-02.00.00/yugiohClockArc/metadata.json','4be817e19e11426ebeede52145732e77',NULL,'7lSj3P7_e2.b6jnJPR323jpgncfbnizP',NULL),('59c8ec0797fd41e890bca79cac6f8558','04.00.00','yellowDuck.usd','cis-7000-usd-assets-versioned/Assets/yellowDuck/yellowDuck.usd','39338164bc7f4fcaa1a14bc30beae3fe',NULL,'g1Ny2gogHCoQnT.PVGNCielTw6FQ44NR',NULL),('5a062ea7eafb4fe4a7c60e03443e17f8','02.00.00','metadata.json','usd-asset-versions-dump/2025-assets-01.00.00/vintageLamp/metadata.json','c4449799e71a4ce88999ea44a86e067b',NULL,'hkHJNlsY_4vskfiRs1zYxJY5YtWz8sEa',NULL),('5a13d82bc035439ca87e136fbac3254c','04.00.00','geometry_bbox.usda','cis-7000-usd-assets-versioned/Assets/parkBench/contrib/geometry/bbox/geometry_bbox.usda','2df25bd14a5542aab9eaa23f1c3ccd1e',NULL,'Q15BrmV.l8MsCZdshEVlVX1jwlWarSGR',NULL),('5a9f7dcbe44e4261bd2661c386ed9247','05.00.00','paniniPress.usd','cis-7000-usd-assets-versioned/Assets/paniniPress/paniniPress.usd','3dcf8a1dac8242a59f83c50df682fb69',NULL,'e1ygAEXUnUe5ReNifblYn.60voom0INT',NULL),('5c5bffb1fa5748cc92f0952ee0205397','04.00.00','geometry_LOD0.usda','cis-7000-usd-assets-versioned/Assets/parkBench/contrib/geometry/LOD0/geometry_LOD0.usda','2df25bd14a5542aab9eaa23f1c3ccd1e',NULL,'2QgG3x2LM18zn38NFTpXWR5bCTyPhhfj',NULL),('5ca846a3677d4b2aaebf4a38cdf86634','05.00.00','material_default.usda','cis-7000-usd-assets-versioned/Assets/wineGlass/contrib/material/default/material_default.usda','31c39c346b394a1f90cf0a00f1c4a6ef',NULL,'3A.H1MYVHX7iOlIzMVOH_w6B1yNwHFY7',NULL),('5cc5e718d8e1445882a1d0188f67a61e','05.00.00','geometry_bbox.usda','cis-7000-usd-assets-versioned/Assets/penTablet/contrib/geometry/bbox/geometry_bbox.usda','db17d0c2030049769e1ba2ea54d86114',NULL,'gleH6l43yjDVTUHtUWCdQbABdm0rv33E',NULL),('5da457f5ccdd4dbe92c9438a8513c5ad','04.00.00','metadata.json','usd-asset-versions-dump/2024-assets-acquisition/paniniPress/metadata.json','3dcf8a1dac8242a59f83c50df682fb69',NULL,'6_BEiqlZauust6TRJI8HU4X.k7VHGqPV',NULL),('5e9664c8a6534149bdc1e3d6f0e6f72e','05.00.00','material.usda','cis-7000-usd-assets-versioned/Assets/paniniPress/contrib/material/material.usda','3dcf8a1dac8242a59f83c50df682fb69',NULL,'8s.uJfN6xlJEdSDAd9vcF_nuy28sdph1',NULL),('5f6ba0decd1648d786e2c0f3412a9147','05.00.00','kitchenaidLOD2.usda','usd-asset-versions-dump/2024-assets-acquisition/kitchenaid/kitchenaidLOD2.usda','66b74b32abd8459cbe41f434285a7691',NULL,'TymdeGerknpcigItZ.SVR1X6PyKkLUP7',NULL),('5f8496b2beff47d680ba7fc358f4e30f','04.00.00','geometry_LOD0.usda','cis-7000-usd-assets-versioned/Assets/yellowDuck/contrib/geometry/LOD0/geometry_LOD0.usda','39338164bc7f4fcaa1a14bc30beae3fe',NULL,'8JArj1C8N5FsCUZr9_9IpmaXpu84_OxA',NULL),('60226c8f10564fa99411cf6e8e55182d','03.00.00','teapot_material.usda','usd-asset-versions-dump/2024-assets-acquisition/flatTeapot/teapot_material.usda','3d283193f6b54cf0a233a5b83ed95819',NULL,'aAjgt9bMr3689PvMG_A08Eb8Gl2Bz.7t',NULL),('6024d7153bfb4145985d27ba0e425959','03.00.00','skateboard.fbx','usd-asset-versions-dump/2025-assets-03.00.00/skateboard/skateboard.fbx','63cd5d6f9e9243fd9a6276093c547cf7',NULL,'bmzB7tOKzvnAjYXaBoXHmBayVdp2d4pq',NULL),('609e880223224f75ac53513b87339956','03.00.00','beegCrab_LOD2.usda','usd-asset-versions-dump/2025-assets-03.00.00/beegCrab/LODs/beegCrab_LOD2.usda','f175fbe4933944a69d06e86c906622d6',NULL,'bR.r00va_4gLfQa1pXWMxl9Jyu1.fg5e',NULL),('612831e6397f46ed99c20390ebe6dbbd','04.00.00','paniniPressLOD1.usda','usd-asset-versions-dump/2024-assets-acquisition/paniniPress/paniniPressLOD1.usda','3dcf8a1dac8242a59f83c50df682fb69',NULL,'xGqoZVxZ32e7XKKrNogqGcQqFXCr_D6b',NULL),('6284eeef74dc44bd81fa0534c516d219','05.00.00','geometry_LOD0.usda','cis-7000-usd-assets-versioned/Assets/vintageLamp/contrib/geometry/LOD0/geometry_LOD0.usda','c4449799e71a4ce88999ea44a86e067b',NULL,'U1rVDLIHCTwM1aopTOB3ZL5kvKYvyhTC',NULL),('6394795361df45be941d60f0ad220d7a','04.00.00','skateboard.usd','cis-7000-usd-assets-versioned/Assets/skateboard/skateboard.usd','63cd5d6f9e9243fd9a6276093c547cf7',NULL,'ZxKb7Ts8yW_sV_7.xIaU7_yjLC8S0pbr',NULL),('63c624388f3e4e218aa0aeaf5cf70aab','02.00.00','vintageLamp.fbx','usd-asset-versions-dump/2025-assets-01.00.00/vintageLamp/vintageLamp.fbx','c4449799e71a4ce88999ea44a86e067b',NULL,'Rq9VA30ZKq4q9oJY4YTNjjJ4bxUpE7g9',NULL),('63ed07b79f7f470eabb42033dde0bd3f','05.00.00','geometry.usda','cis-7000-usd-assets-versioned/Assets/wineGlass/contrib/geometry/geometry.usda','31c39c346b394a1f90cf0a00f1c4a6ef',NULL,'Ln3TzsRfLCbx8EmbKOeshRR2jbs4OSU_',NULL),('645cfa246f1f4b4d8b74bac25101a54d','04.00.00','geometry_bbox.usda','cis-7000-usd-assets-versioned/Assets/campfire/contrib/geometry/bbox/geometry_bbox.usda','6f6441599cc045ae91530ecd6cc5a81e',NULL,'nAbv8dR34IknTwZaoLAFKJcZK9ha_dyy',NULL),('64803182d08b48378714a0cece4c41af','04.00.00','geometry_LOD2.usda','cis-7000-usd-assets-versioned/Assets/teapot/contrib/geometry/LOD2/geometry_LOD2.usda','f5e189a845fb4ed3930a81263a21bf99',NULL,'UISFv9M6DmeRyAcuelzIZsCQf28J6AMi',NULL),('64e216bda94c4e4dad2c7bd79afb81b4','02.00.00','metadata.json','usd-asset-versions-dump/2025-assets-02.00.00/yellowDuck/metadata.json','39338164bc7f4fcaa1a14bc30beae3fe',NULL,'ln5Men40pvC6KK72ITrDvtHiEa7p7Tkr',NULL),('64e992a624a04aa0846a4ee7b26e87a8','01.00.00','teapot.fbx','usd-asset-versions-dump/2025-assets-01.00.00/teapot/teapot.fbx','f5e189a845fb4ed3930a81263a21bf99',NULL,'01tGT0bnmPy4s6mkPUiIDpj.MaovR4LQ',NULL),('657a57a6d3fa415ebdee15de013562b0','05.00.00','geometry_bbox.usda','cis-7000-usd-assets-versioned/Assets/paniniPress/contrib/geometry/bbox/geometry_bbox.usda','3dcf8a1dac8242a59f83c50df682fb69',NULL,'2GtVwiqUZx7.xZ3PnV_Tv5THFr40uoqi',NULL),('65b3d2f973b84607bf23e3343429a4b3','03.00.00','thumbnail.png','usd-asset-versions-dump/2025-assets-03.00.00/yugiohClockArc/thumbnail.png','4be817e19e11426ebeede52145732e77',NULL,'LHFjHf7ySCYqNUzb.JZViZhM_AFDgQpq',NULL),('65c80d35ddf64fc4a2de5a1b75836859','04.00.00','logs.png','cis-7000-usd-assets-versioned/Assets/campfire/contrib/material/logs/texture/logs.png','6f6441599cc045ae91530ecd6cc5a81e',NULL,'2IYBZkMb.058trCGDXQDGPPHb9mqDGEW',NULL),('65fc6973a0f74d4c8cf6fa2001cd144c','04.00.00','material.usda','cis-7000-usd-assets-versioned/Assets/pickleBarrels/contrib/material/material.usda','a0d5c1f281f046cd9ff2287dfed6cd63',NULL,'dWGEEzWx8QTIXhvUcW87SSFwETcTqf3l',NULL),('669146bdc5cb4525a2ecd4e8b20a98d7','04.00.00','geometry_LOD1.usda','cis-7000-usd-assets-versioned/Assets/teapot/contrib/geometry/LOD1/geometry_LOD1.usda','f5e189a845fb4ed3930a81263a21bf99',NULL,'j.IYtOx2aYe3WxK10acjmRKpJwgG75EK',NULL),('6717e115d21743678bcaf53f4350c653','04.00.00','geometry.usda','cis-7000-usd-assets-versioned/Assets/cartoonFish/contrib/geometry/geometry.usda','f08cf286cf1b4110bdb5c6d03dfad92a',NULL,'iZJeK.18DU_s6vMyg6G3xutlNMhC8tG.',NULL),('67f919f4438845cab5547669b18d2e57','04.00.00','geometry.usda','cis-7000-usd-assets-versioned/Assets/parkBench/contrib/geometry/geometry.usda','2df25bd14a5542aab9eaa23f1c3ccd1e',NULL,'RJ1Pip1s0fl7Z1cUi03p6YBbeXXCl_.n',NULL),('68381189e5ee49678fd0a249db4ba506','04.00.00','geometry_LOD1.usda','cis-7000-usd-assets-versioned/Assets/campfire/contrib/geometry/LOD1/geometry_LOD1.usda','6f6441599cc045ae91530ecd6cc5a81e',NULL,'4Qsd.kUBzibFSH3HmVMwuBfv9HYxKxg1',NULL),('68ac7428b1c145a0a924ec2417c61f75','04.00.00','woodenChairLOD1.usda','usd-asset-versions-dump/2024-assets-acquisition/woodenChair/woodenChairLOD1.usda','b7d69121f36340adbdb7bed776c42a8d',NULL,'yawRemQDaNX2HuAOtqwDZk3Sqwl9.TOS',NULL),('68c0bfa7259c42cb835aeef2873d0584','05.00.00','kitchenaid.ma','usd-asset-versions-dump/2024-assets-acquisition/kitchenaid/kitchenaid.ma','66b74b32abd8459cbe41f434285a7691',NULL,'alcbK2rC11b_.2.JwkRWm6LI6MjW016k',NULL),('68cda689d76e4ee391de9bc542e03322','05.00.00','material_default.usda','cis-7000-usd-assets-versioned/Assets/paniniPress/contrib/material/default/material_default.usda','3dcf8a1dac8242a59f83c50df682fb69',NULL,'A8BIEM9vBUPT8BKsL7.U9XlJYcIRmOCd',NULL),('699e71b7ac0a4ee6ba1163cbce0a81dc','05.00.00','geometry_bbox.usda','cis-7000-usd-assets-versioned/Assets/vintageLamp/contrib/geometry/bbox/geometry_bbox.usda','c4449799e71a4ce88999ea44a86e067b',NULL,'LmHlrH32J8vdzMT1QP2U1p2y4y2cGhfy',NULL),('6a7c5abde36442da9a91abdd0d87b6e8','04.00.00','geometry.usda','cis-7000-usd-assets-versioned/Assets/yellowDuck/contrib/geometry/geometry.usda','39338164bc7f4fcaa1a14bc30beae3fe',NULL,'CvZTC7Gwdy6Iz4lgzBappgAI5OKwCdqk',NULL),('6b1989f5c4b14d42b1a8f68d1265447e','05.00.00','default.png','cis-7000-usd-assets-versioned/Assets/paniniPress/contrib/material/default/texture/default.png','3dcf8a1dac8242a59f83c50df682fb69',NULL,'40X_u09EvzKhJeefpClesa7Tcj5gjz_6',NULL),('6b9f2399eac94d038ff87ae68cdd097e','03.00.00','skateboard_LOD1.usda','usd-asset-versions-dump/2025-assets-03.00.00/skateboard/LODs/skateboard_LOD1.usda','63cd5d6f9e9243fd9a6276093c547cf7',NULL,'lEADCYtDaUHjo4.4yzVBZsaUpYqOAdp5',NULL),('6ce4f1e504054938a2f87b31abe6d6a9','04.00.00','wineGlass_material.usda','usd-asset-versions-dump/2024-assets-acquisition/wineGlass/wineGlass_material.usda','31c39c346b394a1f90cf0a00f1c4a6ef',NULL,'h.xcu3Wj1sOhofyEElzRoVkQWdi5Dgfx',NULL),('6d19d7789aed4ce888d9c6e799d7f3eb','03.00.00','skateboard.usda','usd-asset-versions-dump/2025-assets-03.00.00/skateboard/skateboard.usda','63cd5d6f9e9243fd9a6276093c547cf7',NULL,'uXkevgU8_9rDKi_TMb6jH6ViePjAt7c9',NULL),('6d235eeedaa2460c8dac7669a5f06edd','05.00.00','geometry_LOD2.usda','cis-7000-usd-assets-versioned/Assets/sushi/contrib/geometry/LOD2/geometry_LOD2.usda','2c7ef29f88474ded95eb449ebb264ead',NULL,'3MuTuBxV7OOBDrYxdsHnIjJV7wD3RJFv',NULL),('6db92e9ec58a465b9f26e071b631135e','04.00.00','geometry_LOD1.usda','cis-7000-usd-assets-versioned/Assets/cartoonFish/contrib/geometry/LOD1/geometry_LOD1.usda','f08cf286cf1b4110bdb5c6d03dfad92a',NULL,'nPWJa.zEoIy0mz1BOup9VaYuTG6zzRz1',NULL),('6df4e80257354f05bb09b5ce63bf933d','06.00.00','geometry.usda','cis-7000-usd-assets-versioned/Assets/kitchenaid/contrib/geometry/geometry.usda','66b74b32abd8459cbe41f434285a7691',NULL,'E8fMOnP7jSTBjYZlhDD9R1g12XTX6FAx',NULL),('6eb2c08bed4c412cb28225e7eae316bd','03.00.00','metadata.json','usd-asset-versions-dump/2025-assets-03.00.00/sittingMoomin/metadata.json','c0e55d851ea64aa4aeec27c29594a555',NULL,'n39nfW_hgCw25A.OTpi2vSg0oYrWq8.m',NULL),('6ed0247a1a23490f8cf00783d67c885a','05.00.00','geometry_LOD2.usda','cis-7000-usd-assets-versioned/Assets/paniniPress/contrib/geometry/LOD2/geometry_LOD2.usda','3dcf8a1dac8242a59f83c50df682fb69',NULL,'ry1HkuIGNtPwMZt1BsJ3fTRhFxVXnBoT',NULL),('6ee93f2383b94a99853d65c9387508ba','02.00.00','bookStack_LOD2.usda','usd-asset-versions-dump/2025-assets-02.00.00/bookStack/LODs/bookStack_LOD2.usda','082f328bf76a4d48be255c620a8cd280',NULL,'YTF7CMZURglHxMjgOEjTbh1cWWw24cea',NULL),('6f4c871d5e2d434e99738a64f8b3daa8','02.00.00','yellowDuck.fbx','usd-asset-versions-dump/2025-assets-02.00.00/yellowDuck/yellowDuck.fbx','39338164bc7f4fcaa1a14bc30beae3fe',NULL,'rk_33Ei_5qbA7soyDh_YrsZkQEGXsZ01',NULL),('6f586168488a401eb9fc13ae1c6a4316','05.00.00','geometry_LOD2.usda','cis-7000-usd-assets-versioned/Assets/mug/contrib/geometry/LOD2/geometry_LOD2.usda','5bac6ed09efe4816b7c427ffb08c599d',NULL,'cSmzuducpcN9xq.u.8w8_KRZnklC0iVp',NULL),('6ff9aacc648645aca3a61d02714821e2','02.00.00','beegCrab.fbx','usd-asset-versions-dump/2025-assets-02.00.00/beegCrab/beegCrab.fbx','f175fbe4933944a69d06e86c906622d6',NULL,'ygyE4bVX_4qRglIm3uQ8sOpfi2lPV.qZ',NULL),('6ffc803d30924593969421a2e040d47e','04.00.00','thumbnail.png','cis-7000-usd-assets-versioned/Assets/sittingMoomin/contrib/.thumbs/thumbnail.png','c0e55d851ea64aa4aeec27c29594a555',NULL,'KHvqBGcDAOwnjSGPGq1ocOdC9jnj0p.e',NULL),('7006246dafdd4d2faeb9a6065e56c2e5','03.00.00','thumb.png','usd-asset-versions-dump/2024-assets-acquisition/flatTeapot/thumb.png','3d283193f6b54cf0a233a5b83ed95819',NULL,'DyIPUuukQw19C4krG0glkcoibbtWqyuP',NULL),('7018fb48f73d475c8888428b49f491f9','03.00.00','beegCrab.fbx','usd-asset-versions-dump/2025-assets-03.00.00/beegCrab/beegCrab.fbx','f175fbe4933944a69d06e86c906622d6',NULL,'vMprp2Pax_bsCX3H0GVnvBra39IoCisA',NULL),('70812ef092a44717a988247c1850a9a1','04.00.00','geometry_LOD2.usda','cis-7000-usd-assets-versioned/Assets/cafeTable/contrib/geometry/LOD2/geometry_LOD2.usda','579fe0bad3f84b7babc143ab2952234e',NULL,'30RylSdoLifNk.4pnRKt3.AqpGYFQe23',NULL),('709d771ae9274ccdb62fe3869861d55c','02.00.00','parkBench_LOD2.usda','usd-asset-versions-dump/2025-assets-02.00.00/parkBench/LODs/parkBench_LOD2.usda','2df25bd14a5542aab9eaa23f1c3ccd1e',NULL,'AwmiosOkht0bssiO0W09sDEPFDHB78fC',NULL),('709f534f9ff44e23958cdd7667aaa9be','04.00.00','material_default.usda','cis-7000-usd-assets-versioned/Assets/campfire/contrib/material/default/material_default.usda','6f6441599cc045ae91530ecd6cc5a81e',NULL,'QM9NaQlhlwwz2e5W4nuoxX6SrStAWILg',NULL),('70aa18fad0e74ed38bf12c046ad4eab9','06.00.00','geometry_LOD0.usda','cis-7000-usd-assets-versioned/Assets/kitchenaid/contrib/geometry/LOD0/geometry_LOD0.usda','66b74b32abd8459cbe41f434285a7691',NULL,'JOJ6uSxhrgEFlovmkbUNpdNYDKK0OxzD',NULL),('70b415ac62d54711bdeff7f65a6de7af','02.00.00','thumbnail.png','usd-asset-versions-dump/2025-assets-02.00.00/teapot/thumbnail.png','f5e189a845fb4ed3930a81263a21bf99',NULL,'Rj9uBnlHGEb3.bUBSdUn0VDlQE5qaX.6',NULL),('70e39cf40baa4a2d9f2e0f8f2a898439','04.00.00','geometry_LOD0.usda','cis-7000-usd-assets-versioned/Assets/skateboard/contrib/geometry/LOD0/geometry_LOD0.usda','63cd5d6f9e9243fd9a6276093c547cf7',NULL,'CkI1mMXceWCWmoH89yW40TX2IP_QQ7CO',NULL),('7127d1aaa5ba4895bae7f3e521dddb7e','05.00.00','geometry_bbox.usda','cis-7000-usd-assets-versioned/Assets/sushi/contrib/geometry/bbox/geometry_bbox.usda','2c7ef29f88474ded95eb449ebb264ead',NULL,'aNs2O7jY0FOfSoXRbMLZ_bynXGMnHZXM',NULL),('71787486ea5248b49e090e43e427afa8','02.00.00','thumbnail.png','usd-asset-versions-dump/2025-assets-02.00.00/beegCrab/thumbnail.png','f175fbe4933944a69d06e86c906622d6',NULL,'1md7LBNpJ6qFffLmcsMJYvzYod2m.GNA',NULL),('71ed1f12d82d49b88a7d466edacc9126','06.00.00','material.usda','cis-7000-usd-assets-versioned/Assets/kitchenaid/contrib/material/material.usda','66b74b32abd8459cbe41f434285a7691',NULL,'w6y0bBHTUQTJfRIcy3l16XUROL_92u87',NULL),('72045075e874425c9a11f2ccf1e27b7e','04.00.00','geometry_bbox.usda','cis-7000-usd-assets-versioned/Assets/pickleBarrels/contrib/geometry/bbox/geometry_bbox.usda','a0d5c1f281f046cd9ff2287dfed6cd63',NULL,'W_auK1BVUZoiquD5Y0bixsOcPzn6nHUE',NULL),('7214af5c217f4ad085e045054b270966','04.00.00','geometry.usda','cis-7000-usd-assets-versioned/Assets/pickleBarrels/contrib/geometry/geometry.usda','a0d5c1f281f046cd9ff2287dfed6cd63',NULL,'uLulitMF1ne8QtTuqPjisu26RXSNRLKy',NULL),('728de35400194a6c83e437e281d26484','04.00.00','material_default.usda','cis-7000-usd-assets-versioned/Assets/yellowDuck/contrib/material/default/material_default.usda','39338164bc7f4fcaa1a14bc30beae3fe',NULL,'2v9uC4oHwE0p.r6FacUzkbYX9k7S93YP',NULL),('72a760469da54d5594ed0e3a2314a565','04.00.00','geometry_LOD2.usda','cis-7000-usd-assets-versioned/Assets/pickleBarrels/contrib/geometry/LOD2/geometry_LOD2.usda','a0d5c1f281f046cd9ff2287dfed6cd63',NULL,'lBq_LA9aj1ROHqfFVILvu3D901NNmBHx',NULL),('72df0eb8d4f74e49b414d5d277b15a21','05.00.00','geometry_LOD1.usda','cis-7000-usd-assets-versioned/Assets/mug/contrib/geometry/LOD1/geometry_LOD1.usda','5bac6ed09efe4816b7c427ffb08c599d',NULL,'R0V_Y.agdsFBDJkVD4Dx1iuOVfCudZaQ',NULL),('72fa8062630245fba798fa5f4f0cba00','05.00.00','material.usda','cis-7000-usd-assets-versioned/Assets/penTablet/contrib/material/material.usda','db17d0c2030049769e1ba2ea54d86114',NULL,'86L2vj0_3Y8.wXC3cAptzAnq.0f2pRZP',NULL),('7322aeca54224f719a72f7edfb8a6572','04.00.00','geometry_LOD2.usda','cis-7000-usd-assets-versioned/Assets/beegCrab/contrib/geometry/LOD2/geometry_LOD2.usda','f175fbe4933944a69d06e86c906622d6',NULL,'O140743Vm0AKvgG0W8XetLbB4lD9Z46h',NULL),('736612ecc56d44859033ca9b073b69f7','05.00.00','geometry.usda','cis-7000-usd-assets-versioned/Assets/woodenChair/contrib/geometry/geometry.usda','b7d69121f36340adbdb7bed776c42a8d',NULL,'b_C8gYtGVulWzlpD83UsotsaoUyR5M8E',NULL),('73f63871e97749bab044e0757f3b0de7','05.00.00','geometry_LOD2.usda','cis-7000-usd-assets-versioned/Assets/penTablet/contrib/geometry/LOD2/geometry_LOD2.usda','db17d0c2030049769e1ba2ea54d86114',NULL,'cdXU2NbMYsXvK3GABQxYmI525elxVz.L',NULL),('744f01e6b30246b2927c572815c34f49','05.00.00','oldTelevision.usd','cis-7000-usd-assets-versioned/Assets/oldTelevision/oldTelevision.usd','b6234f0922c94798ba12257342157faa',NULL,'6ZgIv3YZwT5r_IJaDR_U03Hl7BSgSYuj',NULL),('74e978aa27ac4f5693e53ad5c84776ed','05.00.00','geometry_LOD0.usda','cis-7000-usd-assets-versioned/Assets/sushi/contrib/geometry/LOD0/geometry_LOD0.usda','2c7ef29f88474ded95eb449ebb264ead',NULL,'dsCGZcgkxyNNwmAT6khO7NyrWgPgrEol',NULL),('7545d997957b4ef2b2665314e7b61bee','05.00.00','geometry_bbox.usda','cis-7000-usd-assets-versioned/Assets/woodenChair/contrib/geometry/bbox/geometry_bbox.usda','b7d69121f36340adbdb7bed776c42a8d',NULL,'vQEm1elBEG9JSzvswLCsz.cBSgZvuuLK',NULL),('754f055551374d5abb2c20c7df1f5ab0','04.00.00','skateboard.usd','cis-7000-usd-assets-versioned/Assets/skateboard/skateboard.usd','63cd5d6f9e9243fd9a6276093c547cf7',NULL,'99BlBddyQq1aKDKV2kKCczIdp1ClyweD',NULL),('757ba94e012d41e3a0eb00400dc0baeb','04.00.00','geometry_LOD2.usda','cis-7000-usd-assets-versioned/Assets/skateboard/contrib/geometry/LOD2/geometry_LOD2.usda','63cd5d6f9e9243fd9a6276093c547cf7',NULL,'mtZ1RmJXoQM8i1gbPnG_8GTr0_qMMlSA',NULL),('75a35af5505c43508e455438e13bf716','04.00.00','sushi.usda','usd-asset-versions-dump/2024-assets-acquisition/sushi/sushi.usda','2c7ef29f88474ded95eb449ebb264ead',NULL,'zFMXjPWCMgH52vJNKXcDDd6OfMsuMxqw',NULL),('75ca0da1c74b49efab40cf7b3d586cd8','04.00.00','mug_material.usda','usd-asset-versions-dump/2024-assets-acquisition/mug/mug_material.usda','5bac6ed09efe4816b7c427ffb08c599d',NULL,'E1SzjZIEGzCOUq0blO.3Q2Ox3BhBoWAI',NULL),('75fca4590d5f4d9d9c93f24fb8f8f6d0','03.00.00','teapot.usda','usd-asset-versions-dump/2024-assets-acquisition/flatTeapot/teapot.usda','3d283193f6b54cf0a233a5b83ed95819',NULL,'QZuPOyuoi_5elHfbzo4W_cwo0GVpWXZ1',NULL),('762562b0e9ea4e3c97415282807b0191','04.00.00','geometry_bbox.usda','cis-7000-usd-assets-versioned/Assets/cafeTable/contrib/geometry/bbox/geometry_bbox.usda','579fe0bad3f84b7babc143ab2952234e',NULL,'6IfLaKP_u0RlcoWZ7cHNNMHk.FsnAwCA',NULL),('76cd88acaf9f45e783c9a87a94b4c34f','02.00.00','beegCrab_LOD2.usda','usd-asset-versions-dump/2025-assets-02.00.00/beegCrab/LODs/beegCrab_LOD2.usda','f175fbe4933944a69d06e86c906622d6',NULL,'5LoBIg_h.KMkBzK0dMVYA_RHzjTrRzxb',NULL),('76d98884586148ebbf717321121bc9b6','05.00.00','default.png','cis-7000-usd-assets-versioned/Assets/vintageLamp/contrib/material/default/texture/default.png','c4449799e71a4ce88999ea44a86e067b',NULL,'KLwxUSTxOgG7NqDgft2MeJCNcRl9xxpI',NULL),('78f7b23515064cebb2b0216090015b9a','05.00.00','material.usda','cis-7000-usd-assets-versioned/Assets/oldTelevision/contrib/material/material.usda','b6234f0922c94798ba12257342157faa',NULL,'3vIwKpqU4GanjyBIypHy8VAVMPR81xfR',NULL),('79d05ef40e53422aafb23322a00fc804','01.00.00','cartoonFish.fbx','usd-asset-versions-dump/2025-assets-01.00.00/cartoonFish/cartoonFish.fbx','f08cf286cf1b4110bdb5c6d03dfad92a',NULL,'BAFTl2ajaRRhnX2X5TXk6bTsfBXocUp3',NULL),('7ab296be64d54c87ae23ed5e0881af71','05.00.00','geometry_LOD1.usda','cis-7000-usd-assets-versioned/Assets/penTablet/contrib/geometry/LOD1/geometry_LOD1.usda','db17d0c2030049769e1ba2ea54d86114',NULL,'VwSQ4CW.bvBkN.XoHf3stIv6oR9AYLe6',NULL),('7acd873304bc4d059e1218fba4521376','04.00.00','material.usda','cis-7000-usd-assets-versioned/Assets/skateboard/contrib/material/material.usda','63cd5d6f9e9243fd9a6276093c547cf7',NULL,'iDzkFSPnHgqT3S52TIo1u1bfs2fhYn8P',NULL),('7ad20efb02e948f7834799f96e30ac7b','05.00.00','geometry.usda','cis-7000-usd-assets-versioned/Assets/vintageLamp/contrib/geometry/geometry.usda','c4449799e71a4ce88999ea44a86e067b',NULL,'PPNciPJV9a7JRIV1jD3wzTghUKQ1Rd39',NULL),('7aded2453d7a4d9db35a04deb9baec85','04.00.00','woodenChairLOD2.usda','usd-asset-versions-dump/2024-assets-acquisition/woodenChair/woodenChairLOD2.usda','b7d69121f36340adbdb7bed776c42a8d',NULL,'yXYH5.1t45hsTfPdPsMo7kjPg4Ca_8MU',NULL),('7b9d93d0ff3b49c1b247ce2f192648c2','03.00.00','skateboard_LOD0.usda','usd-asset-versions-dump/2025-assets-03.00.00/skateboard/LODs/skateboard_LOD0.usda','63cd5d6f9e9243fd9a6276093c547cf7',NULL,'5ZAzqm.M6SVTzB2P_EmbbdnlMXQQsptP',NULL),('7bcc3f20bad140c08e7240bb3d4b37cd','06.00.00','geometry_LOD2.usda','cis-7000-usd-assets-versioned/Assets/kitchenaid/contrib/geometry/LOD2/geometry_LOD2.usda','66b74b32abd8459cbe41f434285a7691',NULL,'LinjiVp6BlTdk0nlmCbIE9rvFZAjJAwn',NULL),('7c2f5164a40542f68fca1687595c325a','05.00.00','default.png','cis-7000-usd-assets-versioned/Assets/wineGlass/contrib/material/default/texture/default.png','31c39c346b394a1f90cf0a00f1c4a6ef',NULL,'6oTmJUclKJBvFbBHTlGyFAAwsPiKFg5c',NULL),('7cd0f2815a714b9bb3b11b4c55c0f15a','03.00.00','beegCrab_LOD1.usda','usd-asset-versions-dump/2025-assets-03.00.00/beegCrab/LODs/beegCrab_LOD1.usda','f175fbe4933944a69d06e86c906622d6',NULL,'cvnv1JNjmZFf2u65oeai_cFOBC7oUDpH',NULL),('7d24f6a7290442d399b0782928fb25e1','03.00.00','sittingMoomin_LOD2.usda','usd-asset-versions-dump/2025-assets-03.00.00/sittingMoomin/LODs/sittingMoomin_LOD2.usda','c0e55d851ea64aa4aeec27c29594a555',NULL,'79Jj.jnoUi8l0LGYneQNCwjPvQCJ9F3a',NULL),('7d2c77e43b1549a8bc2b554e3086334b','02.00.00','thumbnail.png','usd-asset-versions-dump/2025-assets-02.00.00/pickleBarrels/thumbnail.png','a0d5c1f281f046cd9ff2287dfed6cd63',NULL,'XHTIyPTAcqLPGZIxA9mHOcgfDPpDzjoz',NULL),('7de4f95a14884d438960b092bfa5c7b1','04.00.00','material.usda','cis-7000-usd-assets-versioned/Assets/yellowDuck/contrib/material/material.usda','39338164bc7f4fcaa1a14bc30beae3fe',NULL,'EqKU.wocvRkpnpL6.ChmKI1Hd08XbPye',NULL),('7eb8b48fabea43949f5cab187ff8c668','04.00.00','geometry_bbox.usda','cis-7000-usd-assets-versioned/Assets/parkBench/contrib/geometry/bbox/geometry_bbox.usda','2df25bd14a5542aab9eaa23f1c3ccd1e',NULL,'r6e5.wYJFjp8yxVOOffUx3WdqNgVZ9D9',NULL),('7ec888888f4c451885a15e33a9e0d9f6','04.00.00','oldTelevision_material.usda','usd-asset-versions-dump/2024-assets-acquisition/oldTelevision/oldTelevision_material.usda','b6234f0922c94798ba12257342157faa',NULL,'5IfD4h3AhS9Jx5eokHDZbvcV8Gt7h.Oc',NULL),('7f1cc6683c054558a5e49a44738e87cc','04.00.00','paniniPress.ma','usd-asset-versions-dump/2024-assets-acquisition/paniniPress/paniniPress.ma','3dcf8a1dac8242a59f83c50df682fb69',NULL,'drmy673dq1._pjT5DyX5CRLcHw3aiTsx',NULL),('80cde3c1b2da4ca7a485ee1f04faf1fc','04.00.00','geometry_LOD2.usda','cis-7000-usd-assets-versioned/Assets/beegCrab/contrib/geometry/LOD2/geometry_LOD2.usda','f175fbe4933944a69d06e86c906622d6',NULL,'nfMULotFHtVcpGR03DGVEWVQ.eEAobT8',NULL),('80f58a14a32546f192e0c3542f8ab2a5','04.00.00','default.png','cis-7000-usd-assets-versioned/Assets/cartoonFish/contrib/material/default/texture/default.png','f08cf286cf1b4110bdb5c6d03dfad92a',NULL,'.nmYiHJsl3AFhWB53qw6H3T2o57rAJQ.',NULL),('810d7114013a45feb7c31bd065202ffe','02.00.00','thumbnail.png','usd-asset-versions-dump/2025-assets-02.00.00/yugiohClockArc/thumbnail.png','4be817e19e11426ebeede52145732e77',NULL,'9iuILJr0yZ6ffKnWJv_Xa4iGItzQAeyd',NULL),('8111364485c6419ea730a211f63aa372','02.00.00','skateboard.fbx','usd-asset-versions-dump/2025-assets-02.00.00/skateboard/skateboard.fbx','63cd5d6f9e9243fd9a6276093c547cf7',NULL,'3E0m1d7Wlb9j4gE551dQ2GEwXOp69Muh',NULL),('8118bb0a4d454b29ba10ad309ce039c6','02.00.00','teapot_LOD1.usda','usd-asset-versions-dump/2025-assets-02.00.00/teapot/LODs/teapot_LOD1.usda','f5e189a845fb4ed3930a81263a21bf99',NULL,'bF8puhzEk3w4RTpoeVXjghOXF7kCTfDs',NULL),('81337c5a3a0e4a738b6181b167c117f5','04.00.00','thumbnail.png','cis-7000-usd-assets-versioned/Assets/cafeTable/contrib/.thumbs/thumbnail.png','579fe0bad3f84b7babc143ab2952234e',NULL,'Bwjj3Dm9xLPo42dmq7cQjQ7J9QHHGcpK',NULL),('814cb1717e29440bbbb53e09db836074','04.00.00','vintageLamp.usda','usd-asset-versions-dump/2025-assets-03.00.00/vintageLamp/vintageLamp.usda','c4449799e71a4ce88999ea44a86e067b',NULL,'JDMi6mpkIW.zKC3fMJYQk3nh9jY4I4yy',NULL),('81a0f30e1d7b4fba81d61fe5b3a01fad','02.00.00','parkBench.fbx','usd-asset-versions-dump/2025-assets-02.00.00/parkBench/parkBench.fbx','2df25bd14a5542aab9eaa23f1c3ccd1e',NULL,'3fyJ8jhQzsDDWRSf90FYEyOcEHjVZcAX',NULL),('82aa28c4b2e24da1a25e995f6df92f92','04.00.00','cafeTable.usd','cis-7000-usd-assets-versioned/Assets/cafeTable/cafeTable.usd','579fe0bad3f84b7babc143ab2952234e',NULL,'JjbiU8bZcXPGEMivhU1iOLOVVnE8VHGl',NULL),('82c107b0a928432d986841c4163543cf','02.00.00','teapot.fbx','usd-asset-versions-dump/2025-assets-02.00.00/teapot/teapot.fbx','f5e189a845fb4ed3930a81263a21bf99',NULL,'SGvgQwzrGTG96aD3la9BYZ48lQP01ROG',NULL),('82c488f44ddb418b9fa9a6c252ec4559','04.00.00','geometry_LOD2.usda','cis-7000-usd-assets-versioned/Assets/flatTeapot/contrib/geometry/LOD2/geometry_LOD2.usda','3d283193f6b54cf0a233a5b83ed95819',NULL,'62SzOtf2pnyMNXNnUtdOZ6fwIt7H2Yob',NULL),('82d7675c6c654d0fb2aeee6f5adf4eda','06.00.00','geometry_LOD0.usda','cis-7000-usd-assets-versioned/Assets/kitchenaid/contrib/geometry/LOD0/geometry_LOD0.usda','66b74b32abd8459cbe41f434285a7691',NULL,'wYyncNex63ldzuDwESBQx0MMOdn163sb',NULL),('8325baba24624a70bae186d57cc380b1','05.00.00','material_default.usda','cis-7000-usd-assets-versioned/Assets/mug/contrib/material/default/material_default.usda','5bac6ed09efe4816b7c427ffb08c599d',NULL,'Swaqo7Mvz2cD0JzfPbVwLiZWsGKNhoDt',NULL),('8365539bf6f5449b92c3e4f8afa39366','02.00.00','thumbnail.png','usd-asset-versions-dump/2025-assets-02.00.00/sittingMoomin/thumbnail.png','c0e55d851ea64aa4aeec27c29594a555',NULL,'DGTMQ_jjH4p3BLybHMgI6RXRqpWkd9JN',NULL),('838901e5fd3c44b9ae632990f5122dc2','05.00.00','geometry.usda','cis-7000-usd-assets-versioned/Assets/vintageLamp/contrib/geometry/geometry.usda','c4449799e71a4ce88999ea44a86e067b',NULL,'D..gKGvOX4AxQL6q.ZfeHGnvw7auO82w',NULL),('8498ec38c2454e849ef2bf121951bf42','05.00.00','material.usda','cis-7000-usd-assets-versioned/Assets/woodenChair/contrib/material/material.usda','b7d69121f36340adbdb7bed776c42a8d',NULL,'w8_Rr.vCjSh6O8oq.iHA8hKPE8MOSk6g',NULL),('8564f26d5ef54ff9a8818b88cfa35bac','02.00.00','cafeTable_LOD1.usda','usd-asset-versions-dump/2025-assets-02.00.00/cafeTable/LODs/cafeTable_LOD1.usda','579fe0bad3f84b7babc143ab2952234e',NULL,'_R8chT6rJs9qUg0TCDirk86pw0OOHWF5',NULL),('85ce0e3be20348dfb28b6a91ee857a04','04.00.00','material.usda','cis-7000-usd-assets-versioned/Assets/cafeTable/contrib/material/material.usda','579fe0bad3f84b7babc143ab2952234e',NULL,'5_FUF0XE_UXrS1HvKXKtgCEMF3lNTy_8',NULL),('8682c633abb44f20ab5361ae5b2b03c1','03.00.00','yellowDuck_LOD1.usda','usd-asset-versions-dump/2025-assets-03.00.00/yellowDuck/LODs/yellowDuck_LOD1.usda','39338164bc7f4fcaa1a14bc30beae3fe',NULL,'klCkoUzjLXk5IiH5DSb7GwwEsuos.EYZ',NULL),('86a4da845d6c49c1b663d87207c339b8','04.00.00','flatTeapot.usd','cis-7000-usd-assets-versioned/Assets/flatTeapot/flatTeapot.usd','3d283193f6b54cf0a233a5b83ed95819',NULL,'1epWWtErd8wPdaZkFrlT9oZxpWOPAcoD',NULL),('86d6a5406fab410699825d262a705ca8','04.00.00','geometry_LOD1.usda','cis-7000-usd-assets-versioned/Assets/pickleBarrels/contrib/geometry/LOD1/geometry_LOD1.usda','a0d5c1f281f046cd9ff2287dfed6cd63',NULL,'SjE8SI50BCn1BLr8FLK.Ez1duPnz0sNs',NULL),('8759083bf3b344e88ac1e5072482985b','03.00.00','teapot.ma','usd-asset-versions-dump/2024-assets-acquisition/flatTeapot/teapot.ma','3d283193f6b54cf0a233a5b83ed95819',NULL,'Q2zxmc0oMbJZARxhGmUgBl0CaChG9SFi',NULL),('87745686fbad47cb848372c1466a4123','02.00.00','beegCrab_LOD0.usda','usd-asset-versions-dump/2025-assets-02.00.00/beegCrab/LODs/beegCrab_LOD0.usda','f175fbe4933944a69d06e86c906622d6',NULL,'vTWBztMckCW6iWMeCFbm_LmkKon7wNVN',NULL),('8786ef07a8ee45239c19bfadedc664e7','05.00.00','default.png','cis-7000-usd-assets-versioned/Assets/vintageLamp/contrib/material/default/texture/default.png','c4449799e71a4ce88999ea44a86e067b',NULL,'t_gLGd1rWPpdLJuBKkegBLg0oT049qRM',NULL),('87ddf876384b4c74ab1aca32bc8a657e','04.00.00','carrotLOD2.usda','usd-asset-versions-dump/2024-assets-acquisition/carrot/carrotLOD2.usda','6188a79945fa415f906a1c6463a497eb',NULL,'_QkusVI7y0j4_GG6wjOJL5bwiZu7Qn9V',NULL),('87e14faf8d0f48138db881809365d455','05.00.00','default.png','cis-7000-usd-assets-versioned/Assets/wineGlass/contrib/material/default/texture/default.png','31c39c346b394a1f90cf0a00f1c4a6ef',NULL,'ngmgoGDM4DTh_4uEkDPGaacdXuM1bl4k',NULL),('87ebb0d8eb734c959a2114e3e2ffe3a6','04.00.00','material.usda','cis-7000-usd-assets-versioned/Assets/campfire/contrib/material/material.usda','6f6441599cc045ae91530ecd6cc5a81e',NULL,'M6Zy5o78_XQ7HSh49wmsaKsl62zIBLdg',NULL),('8858856bf6b04af0b2efaa1d65801536','06.00.00','material.usda','cis-7000-usd-assets-versioned/Assets/kitchenaid/contrib/material/material.usda','66b74b32abd8459cbe41f434285a7691',NULL,'qdlQzGZZuC4jybSu62jaFGxGaQVZWKnt',NULL),('88ce57c27a8a402c91ca1ff7bbfb5907','02.00.00','campfire_LOD2.usda','usd-asset-versions-dump/2025-assets-02.00.00/campfire/LODs/campfire_LOD2.usda','6f6441599cc045ae91530ecd6cc5a81e',NULL,'1QeiPa19a6oB1OjWkzGVVJM5WF4SRrLO',NULL),('88e1ec3e6562472b966a743f3ed41457','05.00.00','geometry_LOD0.usda','cis-7000-usd-assets-versioned/Assets/wineGlass/contrib/geometry/LOD0/geometry_LOD0.usda','31c39c346b394a1f90cf0a00f1c4a6ef',NULL,'NnfWb5REP6SeIE.SDDWjT1cy3vVDcQMF',NULL),('89468d67c48b4b858bffbea9372472e4','04.00.00','parkBench.usd','cis-7000-usd-assets-versioned/Assets/parkBench/parkBench.usd','2df25bd14a5542aab9eaa23f1c3ccd1e',NULL,'UJ8iVsWy04Xbrf.0Gu0tpk.i8rqOJScw',NULL),('895aa3517fcc4e3abee525da715a9d97','04.00.00','geometry.usda','cis-7000-usd-assets-versioned/Assets/parkBench/contrib/geometry/geometry.usda','2df25bd14a5542aab9eaa23f1c3ccd1e',NULL,'QOCNqmbSlt.cVG58bdBhQfL12vdA3QBd',NULL),('8a13485e6c4945478c2de416c07a0ab1','05.00.00','default.png','cis-7000-usd-assets-versioned/Assets/carrot/contrib/material/default/texture/default.png','6188a79945fa415f906a1c6463a497eb',NULL,'9dcjDiM6Y4GBGSOUv_a9Lm38IVNuvXp7',NULL),('8a32f25d7ad3426395f2578de5600e61','04.00.00','geometry_bbox.usda','cis-7000-usd-assets-versioned/Assets/yellowDuck/contrib/geometry/bbox/geometry_bbox.usda','39338164bc7f4fcaa1a14bc30beae3fe',NULL,'I83O7sQx5HBLVlyLpEgGB6Tjo02a3eAL',NULL),('8ae4b38b4bde49a1a5d307cb713e8127','05.00.00','geometry_LOD2.usda','cis-7000-usd-assets-versioned/Assets/oldTelevision/contrib/geometry/LOD2/geometry_LOD2.usda','b6234f0922c94798ba12257342157faa',NULL,'1jvSFtuygGReJNlrj7VZ.DhrBVafklum',NULL),('8b14d904f6874753a2cb6cfae3a7c076','04.00.00','thumb.png','usd-asset-versions-dump/2024-assets-acquisition/mug/thumb.png','5bac6ed09efe4816b7c427ffb08c599d',NULL,'xfxlPB6gUStB9gmUi8KzHySjmShLBr_f',NULL),('8b4faa4abc1b4a7c83accb08a3784815','04.00.00','geometry_LOD0.usda','cis-7000-usd-assets-versioned/Assets/bookStack/contrib/geometry/LOD0/geometry_LOD0.usda','082f328bf76a4d48be255c620a8cd280',NULL,'3aNUc0gCIMaP_BW5SPDHiYajTxJa_MmS',NULL),('8b54f4825ac941fe92e732317a54ffbd','03.00.00','cafeTable_LOD0.usda','usd-asset-versions-dump/2025-assets-03.00.00/cafeTable/LODs/cafeTable_LOD0.usda','579fe0bad3f84b7babc143ab2952234e',NULL,'ND4slbaiQ8REkhGmHMjy5Yw9GkfHpatH',NULL),('8b5ea39ba3e34e49853aa894df0ade45','02.00.00','parkBench_LOD1.usda','usd-asset-versions-dump/2025-assets-02.00.00/parkBench/LODs/parkBench_LOD1.usda','2df25bd14a5542aab9eaa23f1c3ccd1e',NULL,'2ghNJqkAuHJnLVLLwMcNbR1tLkd3i.7Z',NULL),('8bbc9a62b87e498f931ffd92f4be35f9','06.00.00','geometry.usda','cis-7000-usd-assets-versioned/Assets/kitchenaid/contrib/geometry/geometry.usda','66b74b32abd8459cbe41f434285a7691',NULL,'SF7AIY9up6tzsqGsLB2oCl.b6yWYWwis',NULL),('8c29b09dc94f4f319766f2dadc38905f','01.00.00','campfire.fbx','usd-asset-versions-dump/2025-assets-01.00.00/campfire/campfire.fbx','6f6441599cc045ae91530ecd6cc5a81e',NULL,'CbbzMlNCn4Fa7PXBVsR3QpvK00YjwUI0',NULL),('8c33c61d3f964f8db9c80b83f280ff2a','04.00.00','geometry.usda','cis-7000-usd-assets-versioned/Assets/yellowDuck/contrib/geometry/geometry.usda','39338164bc7f4fcaa1a14bc30beae3fe',NULL,'vrJRbW7Q_K4AtHjNQivyTtmL4XOB2kp6',NULL),('8c90182c17914243ad64ddb51ca2c428','04.00.00','cartoonFish.usd','cis-7000-usd-assets-versioned/Assets/cartoonFish/cartoonFish.usd','f08cf286cf1b4110bdb5c6d03dfad92a',NULL,'gnxl7OrYBIKbVUPxXGCpwmwxMSLvME4h',NULL),('8c9e43eb102b43b0ad43d94d2e0ac882','05.00.00','geometry_LOD2.usda','cis-7000-usd-assets-versioned/Assets/penTablet/contrib/geometry/LOD2/geometry_LOD2.usda','db17d0c2030049769e1ba2ea54d86114',NULL,'KejgPe6RBMLkf4TeZGffF4KnpSNqCi8I',NULL),('8d15c2c51f14448cb61ed5f36c163b7a','04.00.00','geometry.usda','cis-7000-usd-assets-versioned/Assets/yugiohClockArc/contrib/geometry/geometry.usda','4be817e19e11426ebeede52145732e77',NULL,'mYx1bpfrsqHHBKx8Blp8oFeFG1_k6A70',NULL),('8d18e310648549f28c156e958e95bb7c','04.00.00','metadata.json','usd-asset-versions-dump/2025-assets-03.00.00/vintageLamp/metadata.json','c4449799e71a4ce88999ea44a86e067b',NULL,'Yl_IGYW6vm.xUxAUVStZAEIeT_qrWvD2',NULL),('8d319395d611439bbcc676cdcebe17f7','04.00.00','geometry_LOD1.usda','cis-7000-usd-assets-versioned/Assets/beegCrab/contrib/geometry/LOD1/geometry_LOD1.usda','f175fbe4933944a69d06e86c906622d6',NULL,'0WkCgffjADQ7n_jb9zZ75SIimu9Divob',NULL),('8d48c8b10580411994c2d431cdc3c7d0','05.00.00','geometry_bbox.usda','cis-7000-usd-assets-versioned/Assets/penTablet/contrib/geometry/bbox/geometry_bbox.usda','db17d0c2030049769e1ba2ea54d86114',NULL,'k1QqBliZG12MTyEc2iKnXtTrHyaUQwd4',NULL),('8d7f2cb2dec14f1a808b5e39bc87c20d','06.00.00','material_default.usda','cis-7000-usd-assets-versioned/Assets/kitchenaid/contrib/material/default/material_default.usda','66b74b32abd8459cbe41f434285a7691',NULL,'4eDJSqWFb2rDm0OKOTQU2ZlAUZ.AvScc',NULL),('8da572a38a8e4fa4b21a5a2138fb05df','05.00.00','material_default.usda','cis-7000-usd-assets-versioned/Assets/mug/contrib/material/default/material_default.usda','5bac6ed09efe4816b7c427ffb08c599d',NULL,'RqnCrVSiZgJyfy7taHTLFOD9NEB1v_Np',NULL),('8dc1122614244420b56179879887edb1','05.00.00','default.png','cis-7000-usd-assets-versioned/Assets/sushi/contrib/material/default/texture/default.png','2c7ef29f88474ded95eb449ebb264ead',NULL,'Q2QdEJ02wgAuGcIln6nHCbWcW_NuPRao',NULL),('8e3d8134253846a2963d2a537f2366da','04.00.00','metadata.json','usd-asset-versions-dump/2024-assets-acquisition/oldTelevision/metadata.json','b6234f0922c94798ba12257342157faa',NULL,'s_JE3lLeGmi1ulhNuooYi2LMnYZwWc3i',NULL),('8e45973c25e3481580af66a572795448','04.00.00','thumbnail.png','cis-7000-usd-assets-versioned/Assets/beegCrab/contrib/.thumbs/thumbnail.png','f175fbe4933944a69d06e86c906622d6',NULL,'x_Ap1vGMJf1_RiQamGx8c7.2ykYI9N0O',NULL),('8e5908f64a8041cf83f3c3b0b317a136','05.00.00','material_default.usda','cis-7000-usd-assets-versioned/Assets/carrot/contrib/material/default/material_default.usda','6188a79945fa415f906a1c6463a497eb',NULL,'b3jFvpS_jyUZPCHWcvMYYP3LBRXPGUUY',NULL),('8ed167ad89b14a4d889cc2c82b601547','03.00.00','cafeTable_LOD2.usda','usd-asset-versions-dump/2025-assets-03.00.00/cafeTable/LODs/cafeTable_LOD2.usda','579fe0bad3f84b7babc143ab2952234e',NULL,'Nkc53SO4IhWrtgvLNzr2RXWsxVK6Pwnn',NULL),('8ee13370e23b4af1aca475898a9c7ee1','05.00.00','material_default.usda','cis-7000-usd-assets-versioned/Assets/penTablet/contrib/material/default/material_default.usda','db17d0c2030049769e1ba2ea54d86114',NULL,'XAIL5llKUT.KgDVesBrluR6AZQiqlS.K',NULL),('8f35ab2a7b6a417696a2c5a29c70e0d5','04.00.00','geometry_LOD2.usda','cis-7000-usd-assets-versioned/Assets/cartoonFish/contrib/geometry/LOD2/geometry_LOD2.usda','f08cf286cf1b4110bdb5c6d03dfad92a',NULL,'9w.09T7hPuY3w8QpjUwiDTLBoaZoqtX0',NULL),('8f732933f3eb47978bddde91b1bc848e','04.00.00','wineGlass.ma','usd-asset-versions-dump/2024-assets-acquisition/wineGlass/wineGlass.ma','31c39c346b394a1f90cf0a00f1c4a6ef',NULL,'G4FPb6emNasA0DohcnKs2q3pNOWO2Bv9',NULL),('8fc151b6e9f84884b67d5bf7ed067c74','04.00.00','oldTelevision.ma','usd-asset-versions-dump/2024-assets-acquisition/oldTelevision/oldTelevision.ma','b6234f0922c94798ba12257342157faa',NULL,'F14hUtSHyySdDLPuLMKbBtWZ9vX2Jr2w',NULL),('8fed05b66e774f5ca574ab144a55a20d','05.00.00','geometry.usda','cis-7000-usd-assets-versioned/Assets/carrot/contrib/geometry/geometry.usda','6188a79945fa415f906a1c6463a497eb',NULL,'U80EQ7T8vwSkmoJe73g3kZCpxNn_5UHF',NULL),('908fc4a9475e49198e82eee6470efb68','03.00.00','thumbnail.png','usd-asset-versions-dump/2025-assets-03.00.00/sittingMoomin/thumbnail.png','c0e55d851ea64aa4aeec27c29594a555',NULL,'zaz.qLpPfjCeCZEQpaqWQ1GqwGLu0tZh',NULL),('90f78b81bbd74587b1f934a68c8577e7','05.00.00','material.usda','cis-7000-usd-assets-versioned/Assets/sushi/contrib/material/material.usda','2c7ef29f88474ded95eb449ebb264ead',NULL,'IgFv_geHhgQQONnkjpXTNGDTNP3meW5c',NULL),('914fd6dee43945d090cb5fe7f8fd2930','04.00.00','material_default.usda','cis-7000-usd-assets-versioned/Assets/skateboard/contrib/material/default/material_default.usda','63cd5d6f9e9243fd9a6276093c547cf7',NULL,'t17fX2rvX0dvlsRnLsYVq4V9B_oijkWd',NULL),('918adab6951d49a1b6aa2e8b7559e1d8','04.00.00','geometry_LOD0.usda','cis-7000-usd-assets-versioned/Assets/teapot/contrib/geometry/LOD0/geometry_LOD0.usda','f5e189a845fb4ed3930a81263a21bf99',NULL,'9OfdHJK_4t4xYDmHUAeZiLBcCZ34qIu9',NULL),('922def5bc28942e395953b6c7e0db4d6','05.00.00','geometry_bbox.usda','cis-7000-usd-assets-versioned/Assets/paniniPress/contrib/geometry/bbox/geometry_bbox.usda','3dcf8a1dac8242a59f83c50df682fb69',NULL,'wIy9by1jsOEhlS75g0w16fPyJC6Z02NN',NULL),('92aa195abc904dacae73aba5385d175e','05.00.00','default.png','cis-7000-usd-assets-versioned/Assets/penTablet/contrib/material/default/texture/default.png','db17d0c2030049769e1ba2ea54d86114',NULL,'KKH9pVA0i0sbF93TopurrmwML79EtBKW',NULL),('92e3dff8cfb144efabc66a4b1217ed88','04.00.00','material.usda','cis-7000-usd-assets-versioned/Assets/skateboard/contrib/material/material.usda','63cd5d6f9e9243fd9a6276093c547cf7',NULL,'K0oKElobGQA5N87J4V4CPPJt3tE8Byj4',NULL),('934ef03a61e248f9a0ceb5053f70f649','05.00.00','material.usda','cis-7000-usd-assets-versioned/Assets/woodenChair/contrib/material/material.usda','b7d69121f36340adbdb7bed776c42a8d',NULL,'_qXfy98FoJxXNZR12IWiRsMWlKRwuBdl',NULL),('93559e2e32264ee58bc471b8617533db','04.00.00','geometry.usda','cis-7000-usd-assets-versioned/Assets/campfire/contrib/geometry/geometry.usda','6f6441599cc045ae91530ecd6cc5a81e',NULL,'NaM5oIcBj5mfpj89Mxnw.4ZCyb2K7xSq',NULL),('937b5390059d4232af06e03f5e7e918f','05.00.00','material_default.usda','cis-7000-usd-assets-versioned/Assets/woodenChair/contrib/material/default/material_default.usda','b7d69121f36340adbdb7bed776c42a8d',NULL,'_HKwqzCcFE4Fzj1VBdWiVfI8218sjxZd',NULL),('93f83cc3c8324b538521b50492fb98c2','04.00.00','default.png','cis-7000-usd-assets-versioned/Assets/sittingMoomin/contrib/material/default/texture/default.png','c0e55d851ea64aa4aeec27c29594a555',NULL,'X9259MZR7Na1XiqPtjc5viOVKWWBGhLT',NULL),('94781e93d5714e7ab5c9868e5c7b80b1','05.00.00','geometry_LOD0.usda','cis-7000-usd-assets-versioned/Assets/paniniPress/contrib/geometry/LOD0/geometry_LOD0.usda','3dcf8a1dac8242a59f83c50df682fb69',NULL,'3H9g_NzN32hNzQhBPgPZZLexSDSswcIA',NULL),('94f331ff49824cb4904ff2cc879bd73d','05.00.00','thumbnail.png','cis-7000-usd-assets-versioned/Assets/paniniPress/contrib/.thumbs/thumbnail.png','3dcf8a1dac8242a59f83c50df682fb69',NULL,'lZVw5hpHi0KKhLA8IgLITmqUS98HEmG9',NULL),('950e7be39c7f4eeeb79287b80223cc05','04.00.00','geometry_LOD0.usda','cis-7000-usd-assets-versioned/Assets/pickleBarrels/contrib/geometry/LOD0/geometry_LOD0.usda','a0d5c1f281f046cd9ff2287dfed6cd63',NULL,'bbfsUwXHlxmI94xKnH_M0kZjoTNsta3s',NULL),('955b397c4f47416c9e7607f4b4834b09','05.00.00','vintageLamp.usd','cis-7000-usd-assets-versioned/Assets/vintageLamp/vintageLamp.usd','c4449799e71a4ce88999ea44a86e067b',NULL,'0_HpMQ7IxWjTVpPGZVr7ypSfKuG6Z3Cs',NULL),('95ac592eeaee4c82b0782eb732aa078b','04.00.00','material.usda','cis-7000-usd-assets-versioned/Assets/beegCrab/contrib/material/material.usda','f175fbe4933944a69d06e86c906622d6',NULL,'0GBqQzJhH9MXMNgbB0GGKL7LRRfjWDZR',NULL),('95bc6b1a696b42b6a31e203a0c418467','05.00.00','geometry_LOD1.usda','cis-7000-usd-assets-versioned/Assets/paniniPress/contrib/geometry/LOD1/geometry_LOD1.usda','3dcf8a1dac8242a59f83c50df682fb69',NULL,'0ek6LRnWquI2Cn4et9nfp4z3JWb84jps',NULL),('95f979fcc51c4c368f5f790e8e61b3ba','04.00.00','geometry_LOD1.usda','cis-7000-usd-assets-versioned/Assets/beegCrab/contrib/geometry/LOD1/geometry_LOD1.usda','f175fbe4933944a69d06e86c906622d6',NULL,'K_jVvVDauZA3RWNDA4bHYhxqT4Oe7anH',NULL),('96999c295e164bb3a2be75718d898378','05.00.00','geometry_LOD1.usda','cis-7000-usd-assets-versioned/Assets/woodenChair/contrib/geometry/LOD1/geometry_LOD1.usda','b7d69121f36340adbdb7bed776c42a8d',NULL,'Wsplp843AFONhm0s4I7ib8AtGNzbZldb',NULL),('96fb386c5696425496f3ceb03f99d1f0','05.00.00','kitchenaidLOD1.usda','usd-asset-versions-dump/2024-assets-acquisition/kitchenaid/kitchenaidLOD1.usda','66b74b32abd8459cbe41f434285a7691',NULL,'FiqXjtYUy62aBWx5ZVFXEI.D83qVQF9Z',NULL),('972f53e4f0f1482ab656694a4596acde','03.00.00','pickleBarrels_LOD1.usda','usd-asset-versions-dump/2025-assets-03.00.00/pickleBarrels/LODs/pickleBarrels_LOD1.usda','a0d5c1f281f046cd9ff2287dfed6cd63',NULL,'G.MVz5_OsJb6D8w0DuiVv_SCBTeOr.E2',NULL),('97ab31819b7d47598cda15ead567b402','05.00.00','geometry_LOD0.usda','cis-7000-usd-assets-versioned/Assets/mug/contrib/geometry/LOD0/geometry_LOD0.usda','5bac6ed09efe4816b7c427ffb08c599d',NULL,'YkgWBxJvtxBpDrAwV4ewzUVI.Gz6idp0',NULL),('99009394260d40b98d9d6ad5b9a75ccf','04.00.00','campfire.usd','cis-7000-usd-assets-versioned/Assets/campfire/campfire.usd','6f6441599cc045ae91530ecd6cc5a81e',NULL,'2opl1YHe3lNIegzwbRv2v74i48FAsLfr',NULL),('991541c758e4436faf2c2944e58131d2','02.00.00','cartoonFish_LOD2.usda','usd-asset-versions-dump/2025-assets-02.00.00/cartoonFish/LODs/cartoonFish_LOD2.usda','f08cf286cf1b4110bdb5c6d03dfad92a',NULL,'62w1R_t7eEgeKZ8eav9KySx1OroI.2Ql',NULL),('99b2844abae140c5b585f0ea745b01f3','02.00.00','yugiohClockArc_LOD1.usda','usd-asset-versions-dump/2025-assets-02.00.00/yugiohClockArc/LODs/yugiohClockArc_LOD1.usda','4be817e19e11426ebeede52145732e77',NULL,'y1XY4unleMcSpK_7ZjMfbuPlP031ZNzy',NULL),('99f361b53fa64d649d6664310cdecfa9','03.00.00','metadata.json','usd-asset-versions-dump/2024-assets-acquisition/flatTeapot/metadata.json','3d283193f6b54cf0a233a5b83ed95819',NULL,'tk5SVNlS8_n4_d7QjmvGr4pNuaL9WMKY',NULL),('9a4ce3fe3fd74b22bfbb43ece5b1842d','03.00.00','metadata.json','usd-asset-versions-dump/2025-assets-03.00.00/yellowDuck/metadata.json','39338164bc7f4fcaa1a14bc30beae3fe',NULL,'GFJEtSmDPqVRznK271uOdQyqTRhUO6B8',NULL),('9a889355a987440bbf86cdbb70047416','05.00.00','geometry.usda','cis-7000-usd-assets-versioned/Assets/woodenChair/contrib/geometry/geometry.usda','b7d69121f36340adbdb7bed776c42a8d',NULL,'qD1v.z_befxJD.XMf.a1xoYjdw4qgSg4',NULL),('9aef1b1557164a6399c813c88ff311f7','01.00.00','metadata.json','usd-asset-versions-dump/2025-assets-01.00.00/campfire/metadata.json','6f6441599cc045ae91530ecd6cc5a81e',NULL,'HjnhmLkgCnaaERv1U9WRDF3b6djwrtT3',NULL),('9b03dfdd1120450391bdda6166c526ce','03.00.00','thumbnail.png','usd-asset-versions-dump/2025-assets-03.00.00/pickleBarrels/thumbnail.png','a0d5c1f281f046cd9ff2287dfed6cd63',NULL,'_1EnR_9mW.1DKX2An3VqL39P2fI_pr_O',NULL),('9b2b1c5f4b2543cea59533e9a103aaf9','05.00.00','default.png','cis-7000-usd-assets-versioned/Assets/carrot/contrib/material/default/texture/default.png','6188a79945fa415f906a1c6463a497eb',NULL,'22BR.X0dqQVodlMJN.3xM_rMKpDCOuo9',NULL),('9b4a21f2bf604e699afd17563bb2a23c','04.00.00','material_default.usda','cis-7000-usd-assets-versioned/Assets/flatTeapot/contrib/material/default/material_default.usda','3d283193f6b54cf0a233a5b83ed95819',NULL,'TQzYndUpfFhiVuCyZaV0S76VvKjYEtBf',NULL),('9b5e48c171ec49d4875043c1355abb99','05.00.00','geometry.usda','cis-7000-usd-assets-versioned/Assets/paniniPress/contrib/geometry/geometry.usda','3dcf8a1dac8242a59f83c50df682fb69',NULL,'b0ZsQCazDgoLfqvXV.sTh6g3Zhqeuthh',NULL),('9bc1704cf5c24e0097adc9bd1ca98019','04.00.00','penTabletLOD2.usda','usd-asset-versions-dump/2024-assets-acquisition/penTablet/penTabletLOD2.usda','db17d0c2030049769e1ba2ea54d86114',NULL,'D25zcQPctR8ctMFG52EHOj5w1Y94tQgr',NULL),('9bc523569661429d9b98b5b8e92ef5f7','05.00.00','geometry.usda','cis-7000-usd-assets-versioned/Assets/mug/contrib/geometry/geometry.usda','5bac6ed09efe4816b7c427ffb08c599d',NULL,'jLuwPikV3MjY1Q8GQpiZHe9IZ7sV91ce',NULL),('9bc631313a4e48ee9a5ef582d3f18efd','02.00.00','thumbnail.png','usd-asset-versions-dump/2025-assets-02.00.00/yellowDuck/thumbnail.png','39338164bc7f4fcaa1a14bc30beae3fe',NULL,'cQ3M0seCYPSvApz2rdWUobGkJ2a_Aiif',NULL),('9c19f3099c58409091bd1d47b2b5bb86','04.00.00','geometry_LOD0.usda','cis-7000-usd-assets-versioned/Assets/flatTeapot/contrib/geometry/LOD0/geometry_LOD0.usda','3d283193f6b54cf0a233a5b83ed95819',NULL,'0v37smDkFdIoTSdlHR2AJsDuhIXOBZti',NULL),('9c97f55e7ba64940bd1765fcb1bd0037','04.00.00','geometry.usda','cis-7000-usd-assets-versioned/Assets/flatTeapot/contrib/geometry/geometry.usda','3d283193f6b54cf0a233a5b83ed95819',NULL,'t9IslYLUgMqrc4k3G14SSWTWyEfz63Uh',NULL),('9d5eacbb3e04497d9d52df5a4756ee78','04.00.00','yugiohClockArc.usd','cis-7000-usd-assets-versioned/Assets/yugiohClockArc/yugiohClockArc.usd','4be817e19e11426ebeede52145732e77',NULL,'1qHeI.BtyMJkZ47rm1WelAnrbW74hCMw',NULL),('9d95d50fa5c842f89b0d415ef09b5147','04.00.00','geometry_LOD0.usda','cis-7000-usd-assets-versioned/Assets/flatTeapot/contrib/geometry/LOD0/geometry_LOD0.usda','3d283193f6b54cf0a233a5b83ed95819',NULL,'fjZhmeL203eORNmvobiFVU_dhgRzW4Wm',NULL),('9dd15c02bac74957a78f788873f33df0','05.00.00','material.usda','cis-7000-usd-assets-versioned/Assets/vintageLamp/contrib/material/material.usda','c4449799e71a4ce88999ea44a86e067b',NULL,'7fTErXU.c3S7TXEuPYGWzR6pk5laSdNa',NULL),('9e009bbc7f8841c89a28b63d12e0b9a2','04.00.00','vintageLamp.fbx','usd-asset-versions-dump/2025-assets-03.00.00/vintageLamp/vintageLamp.fbx','c4449799e71a4ce88999ea44a86e067b',NULL,'iYkYKXmHBXCn88ufZJzlDJOPq3p6n_wD',NULL),('9e624709e1694ff8823fe6e80f0f55e7','04.00.00','material_default.usda','cis-7000-usd-assets-versioned/Assets/yellowDuck/contrib/material/default/material_default.usda','39338164bc7f4fcaa1a14bc30beae3fe',NULL,'XeVF_zCTaCFaQ.YJ.jXek0_hNFhwGDxh',NULL),('9f133b2a743547d893dddd9dcaaa8f38','05.00.00','thumbnail.png','cis-7000-usd-assets-versioned/Assets/carrot/contrib/.thumbs/thumbnail.png','6188a79945fa415f906a1c6463a497eb',NULL,'hl11CPYLMw.mBDdKf3HtwePXCnlXGSuu',NULL),('9f232321c17f45498f23d5da70dbd962','05.00.00','geometry.usda','cis-7000-usd-assets-versioned/Assets/carrot/contrib/geometry/geometry.usda','6188a79945fa415f906a1c6463a497eb',NULL,'zSGsZCygWKi7CAy8NOKffsVCpbj_ORRq',NULL),('9f93646cc6704e74a072beba576b8bd3','05.00.00','default.png','cis-7000-usd-assets-versioned/Assets/mug/contrib/material/default/texture/default.png','5bac6ed09efe4816b7c427ffb08c599d',NULL,'ztNML9UHMkZz2_EYMc4kafMRV7awyvkV',NULL),('9fab9d40bca3497184b96660b84a9e5b','03.00.00','pickleBarrels.usda','usd-asset-versions-dump/2025-assets-03.00.00/pickleBarrels/pickleBarrels.usda','a0d5c1f281f046cd9ff2287dfed6cd63',NULL,'6bcBkmIulz7rX.y4g1iJrP8kjzzouwv0',NULL),('a0ab0bf077ea4e418a6b69693e7b42dd','05.00.00','geometry_LOD1.usda','cis-7000-usd-assets-versioned/Assets/oldTelevision/contrib/geometry/LOD1/geometry_LOD1.usda','b6234f0922c94798ba12257342157faa',NULL,'IGsnDqfLrfQ18VfvBQjd7qaj2UbvHRX2',NULL),('a0d4d3c4ffd644e3ac289812d6b1e2aa','05.00.00','geometry_LOD0.usda','cis-7000-usd-assets-versioned/Assets/penTablet/contrib/geometry/LOD0/geometry_LOD0.usda','db17d0c2030049769e1ba2ea54d86114',NULL,'vo3oLIWY5chZ5rjcN.ngBLfYKaUuDeP7',NULL),('a0d5887b8e3a44308aeb22c0e0de54b1','04.00.00','yugiohClockArc.usd','cis-7000-usd-assets-versioned/Assets/yugiohClockArc/yugiohClockArc.usd','4be817e19e11426ebeede52145732e77',NULL,'WdsbumxE8WibbSX5yBFgyZPucIzEXHSv',NULL),('a1c1f24a781343bf8832a3c66efd7a6d','02.00.00','metadata.json','usd-asset-versions-dump/2025-assets-02.00.00/skateboard/metadata.json','63cd5d6f9e9243fd9a6276093c547cf7',NULL,'5bi16ZNziK47rwGQtQpyQ0mjS2Utrkby',NULL),('a234986a23b740dfa0a3765e04c506ad','05.00.00','geometry_LOD1.usda','cis-7000-usd-assets-versioned/Assets/oldTelevision/contrib/geometry/LOD1/geometry_LOD1.usda','b6234f0922c94798ba12257342157faa',NULL,'Ry0vhgOIcceaSrfUm4QGktAfKhod6v3j',NULL),('a250ba3527054f21952d6e1fb842899c','02.00.00','skateboard_LOD2.usda','usd-asset-versions-dump/2025-assets-02.00.00/skateboard/LODs/skateboard_LOD2.usda','63cd5d6f9e9243fd9a6276093c547cf7',NULL,'GwmKnh1jK9O_RbJHRf_PtcSbQ7z5aNxM',NULL),('a264712f14db4d73aecf40f6ef385056','04.00.00','geometry_LOD0.usda','cis-7000-usd-assets-versioned/Assets/cartoonFish/contrib/geometry/LOD0/geometry_LOD0.usda','f08cf286cf1b4110bdb5c6d03dfad92a',NULL,'jCTAgR5..s_PgbWvhc89aqrahw9YDp3f',NULL),('a2c21a1ccc76405d8dc29c8696c941b7','05.00.00','thumb.png','usd-asset-versions-dump/2024-assets-acquisition/kitchenaid/thumb.png','66b74b32abd8459cbe41f434285a7691',NULL,'PybdEEPd0y_LAuSIIUFveOAX8u9dzFis',NULL),('a2d1223d1d694535bc2ca74ceecc9d7b','04.00.00','geometry_LOD1.usda','cis-7000-usd-assets-versioned/Assets/teapot/contrib/geometry/LOD1/geometry_LOD1.usda','f5e189a845fb4ed3930a81263a21bf99',NULL,'826nVshEWaMs3KNkzbNy1bOd4RWYKcth',NULL),('a324b4d6b5e14de3b6f6219274142102','05.00.00','thumbnail.png','cis-7000-usd-assets-versioned/Assets/penTablet/contrib/.thumbs/thumbnail.png','db17d0c2030049769e1ba2ea54d86114',NULL,'.gm8rrYrz7BijH2mmd.95YXnIw8btQns',NULL),('a33bf09d0f7a4e8a8d5738911f13cf6f','04.00.00','geometry_LOD2.usda','cis-7000-usd-assets-versioned/Assets/yellowDuck/contrib/geometry/LOD2/geometry_LOD2.usda','39338164bc7f4fcaa1a14bc30beae3fe',NULL,'.ZQ7tV9M0k0RRfl0ZVywcc7Eh5KYLlzg',NULL),('a37930924d1d493e934d405a182a8035','04.00.00','geometry_LOD1.usda','cis-7000-usd-assets-versioned/Assets/yellowDuck/contrib/geometry/LOD1/geometry_LOD1.usda','39338164bc7f4fcaa1a14bc30beae3fe',NULL,'Bp8kj8lX.NZ3L.YFy0UTbxYDlVcEWVA7',NULL),('a3af27b4562a40c49f449a917b6c3426','04.00.00','sushi.ma','usd-asset-versions-dump/2024-assets-acquisition/sushi/sushi.ma','2c7ef29f88474ded95eb449ebb264ead',NULL,'CvHtt3BmNr13o3vpmMAggwq_HXO596oS',NULL),('a3b5ec74d25f4efbb6e27e27ea045dec','02.00.00','yugiohClockArc.fbx','usd-asset-versions-dump/2025-assets-02.00.00/yugiohClockArc/yugiohClockArc.fbx','4be817e19e11426ebeede52145732e77',NULL,'GRosIXpNb9OO8WUWNcCxNVgHREs3Nzoe',NULL),('a3e4c3599a454b4192f00511f1f7e943','03.00.00','metadata.json','usd-asset-versions-dump/2025-assets-03.00.00/cartoonFish/metadata.json','f08cf286cf1b4110bdb5c6d03dfad92a',NULL,'65KeY8P6Cx1raeLqtLkLX29V9_b_auRw',NULL),('a477f64dd9cf462facad64627d1b44e9','04.00.00','vintageLamp_LOD0.usda','usd-asset-versions-dump/2025-assets-03.00.00/vintageLamp/LODs/vintageLamp_LOD0.usda','c4449799e71a4ce88999ea44a86e067b',NULL,'FM.btEVn7nHlHMjX0MRscNTanGDsqQpk',NULL),('a4931144a23941759e99d04950cec301','04.00.00','beegCrab.usd','cis-7000-usd-assets-versioned/Assets/beegCrab/beegCrab.usd','f175fbe4933944a69d06e86c906622d6',NULL,'dZECmvDw.G11TWu83idAji0jqN5fFm7j',NULL),('a573d19a3dba4c659081e42debf2817f','02.00.00','sittingMoomin_LOD0.usda','usd-asset-versions-dump/2025-assets-02.00.00/sittingMoomin/LODs/sittingMoomin_LOD0.usda','c0e55d851ea64aa4aeec27c29594a555',NULL,'NukUodi3T3YrvGsJrluDQSIS52yRZ9lX',NULL),('a5a802fa9c52496da8b228d8414696ae','05.00.00','geometry_LOD0.usda','cis-7000-usd-assets-versioned/Assets/carrot/contrib/geometry/LOD0/geometry_LOD0.usda','6188a79945fa415f906a1c6463a497eb',NULL,'232_48YGkN1RwMWH5npeO69rF276RquL',NULL),('a62b3985d1224dc1b0e7f6f5d38415bb','04.00.00','sushiLOD0.usda','usd-asset-versions-dump/2024-assets-acquisition/sushi/sushiLOD0.usda','2c7ef29f88474ded95eb449ebb264ead',NULL,'S9WZX6NUcgBsDX6beFQ6GHFie4vRe5wJ',NULL),('a6a0664d2ee94791b794110911d85940','05.00.00','geometry_LOD2.usda','cis-7000-usd-assets-versioned/Assets/sushi/contrib/geometry/LOD2/geometry_LOD2.usda','2c7ef29f88474ded95eb449ebb264ead',NULL,'SbokotexZJbaNVuvrvcmPeePsu3DXT0E',NULL),('a6f6880bc09a4070b5350a6e64e84d8e','04.00.00','wineGlass_model.usda','usd-asset-versions-dump/2024-assets-acquisition/wineGlass/wineGlass_model.usda','31c39c346b394a1f90cf0a00f1c4a6ef',NULL,'O01yQ9bvQNDa.f1yOalIYwygI.4ccNz7',NULL),('a784756dc31541969ee08fa21f5d99a0','06.00.00','kitchenaid.usd','cis-7000-usd-assets-versioned/Assets/kitchenaid/kitchenaid.usd','66b74b32abd8459cbe41f434285a7691',NULL,'yTvsHfaY08mf9ZZz._hRkhCWku9YgAiS',NULL),('a7b1966e7a5e4bc9bcc69897e7526156','03.00.00','skateboard_LOD2.usda','usd-asset-versions-dump/2025-assets-03.00.00/skateboard/LODs/skateboard_LOD2.usda','63cd5d6f9e9243fd9a6276093c547cf7',NULL,'DC3CUvETOsYMRVpwQm1Ip0QYZOQhENDL',NULL),('a7e36dcf6eb14d9f931992d257732108','03.00.00','bookStack_LOD0.usda','usd-asset-versions-dump/2025-assets-03.00.00/bookStack/LODs/bookStack_LOD0.usda','082f328bf76a4d48be255c620a8cd280',NULL,'Sw4VJnfsc6RBewoszuhJRn8Hmd2eTMRD',NULL),('a7f530c25d6442c9a4ba131794e667fd','04.00.00','thumb.png','usd-asset-versions-dump/2024-assets-acquisition/sushi/thumb.png','2c7ef29f88474ded95eb449ebb264ead',NULL,'m1p0j9tD07T6w5XbmtYHYTaHAdXR1n.l',NULL),('a8225c3f3f0b440ba45b9d83f1995cd2','04.00.00','geometry_LOD1.usda','cis-7000-usd-assets-versioned/Assets/yugiohClockArc/contrib/geometry/LOD1/geometry_LOD1.usda','4be817e19e11426ebeede52145732e77',NULL,'jw9pbCxaIJEfymYZd5C8IsfyjLMvTpFR',NULL),('a8872dd8e4ea476eb2c626dcf19b166f','01.00.00','metadata.json','usd-asset-versions-dump/2025-assets-01.00.00/skateboard/metadata.json','63cd5d6f9e9243fd9a6276093c547cf7',NULL,'4Gn6JKJ6FbWqgHsMp4E20KLbAgLXo_K3',NULL),('a8d1fef8a0a849c1a95370581c106e15','04.00.00','geometry_LOD0.usda','cis-7000-usd-assets-versioned/Assets/yellowDuck/contrib/geometry/LOD0/geometry_LOD0.usda','39338164bc7f4fcaa1a14bc30beae3fe',NULL,'IjLhKzfJ7ZKg.tIOunddiWUd2ScvpR7J',NULL),('a8e39336e66d4a4bba2905a1fd1205b1','05.00.00','kitchenaidLOD0.usda','usd-asset-versions-dump/2024-assets-acquisition/kitchenaid/kitchenaidLOD0.usda','66b74b32abd8459cbe41f434285a7691',NULL,'VpNdLPia5NTqGtJcLTYWfeK36XM8cUZe',NULL),('a92269f1a7a84dc28fd5293e946ac0dc','03.00.00','teapotLOD2.usda','usd-asset-versions-dump/2024-assets-acquisition/flatTeapot/teapotLOD2.usda','3d283193f6b54cf0a233a5b83ed95819',NULL,'DVBSKz6X204YX6x7iRFzUCSiCHvW_GUI',NULL),('a98c3f91de5144768d4bc59ab3e9ab46','05.00.00','geometry_bbox.usda','cis-7000-usd-assets-versioned/Assets/wineGlass/contrib/geometry/bbox/geometry_bbox.usda','31c39c346b394a1f90cf0a00f1c4a6ef',NULL,'HS_lN9hufMfZA0zsf8XtMu9kf3dUTbGD',NULL),('a9e1449b8fe34b3894579d389a6c51a6','04.00.00','campfire.usd','cis-7000-usd-assets-versioned/Assets/campfire/campfire.usd','6f6441599cc045ae91530ecd6cc5a81e',NULL,'ikTG_HUBA4GxSp.mAnl6QFixlfAnSsag',NULL),('aa06138237e0498f9364321abf181150','06.00.00','thumbnail.png','cis-7000-usd-assets-versioned/Assets/kitchenaid/contrib/.thumbs/thumbnail.png','66b74b32abd8459cbe41f434285a7691',NULL,'inN.5yFlNPD55nirahjdMEAjYb1GVIqh',NULL),('aa0f1ced9d1b4a8ca2456467e60a7ea2','05.00.00','geometry_LOD2.usda','cis-7000-usd-assets-versioned/Assets/carrot/contrib/geometry/LOD2/geometry_LOD2.usda','6188a79945fa415f906a1c6463a497eb',NULL,'ahmO3gw0q1bOokNCjspPoiKUbb36HU21',NULL),('aa62f72cb19c4944ae31f73a102c08b9','04.00.00','geometry_LOD1.usda','cis-7000-usd-assets-versioned/Assets/parkBench/contrib/geometry/LOD1/geometry_LOD1.usda','2df25bd14a5542aab9eaa23f1c3ccd1e',NULL,'MU0melhVGctQ1WCnrIOsWzr1AL5YZvMv',NULL),('aaece212150044cf83922c966acb73cd','04.00.00','beegCrab.usd','cis-7000-usd-assets-versioned/Assets/beegCrab/beegCrab.usd','f175fbe4933944a69d06e86c906622d6',NULL,'hbwdmIfZBfiybHlkGtzRiwWWV7XGTjIr',NULL),('ab07342f1bfd41519d4a1a9bcc89a4f1','04.00.00','material_logs.usda','cis-7000-usd-assets-versioned/Assets/campfire/contrib/material/logs/material_logs.usda','6f6441599cc045ae91530ecd6cc5a81e',NULL,'6QHxEYHn0r7V03s1ZlmC.XPEiOyn1fIu',NULL),('ab4985c9fce84786a778b0383760af64','05.00.00','oldTelevision.usd','cis-7000-usd-assets-versioned/Assets/oldTelevision/oldTelevision.usd','b6234f0922c94798ba12257342157faa',NULL,'oxiQP8DH0ijilCcEW55oNKkXwp2tr_Zk',NULL),('abb67c1a44b14b3b9be6bfb715a9d009','04.00.00','mugLOD2.usda','usd-asset-versions-dump/2024-assets-acquisition/mug/mugLOD2.usda','5bac6ed09efe4816b7c427ffb08c599d',NULL,'s7mSDHaJaLk.cWozQUaq4tKbyU3ZgPgz',NULL),('abfbe12036544555b5afe7479480f316','02.00.00','metadata.json','usd-asset-versions-dump/2025-assets-02.00.00/teapot/metadata.json','f5e189a845fb4ed3930a81263a21bf99',NULL,'n2U0xFhSLCeBIgYymr7CIRFs72BuTDzj',NULL),('ad4f4af1ada04a80ab5fa94ce78885e8','04.00.00','geometry_LOD2.usda','cis-7000-usd-assets-versioned/Assets/cafeTable/contrib/geometry/LOD2/geometry_LOD2.usda','579fe0bad3f84b7babc143ab2952234e',NULL,'.I9t7X8UwCd8R2zUUWW7W3.k39EgB9eR',NULL),('ad638e3a2016489f88362d6214fad3ff','05.00.00','sushi.usd','cis-7000-usd-assets-versioned/Assets/sushi/sushi.usd','2c7ef29f88474ded95eb449ebb264ead',NULL,'LwY_OYH2xa_wVujDfBFmf0dWZ.MXx21_',NULL),('ad84a7c979fe457da0363950fef5f380','06.00.00','geometry_bbox.usda','cis-7000-usd-assets-versioned/Assets/kitchenaid/contrib/geometry/bbox/geometry_bbox.usda','66b74b32abd8459cbe41f434285a7691',NULL,'7drVIRGN5O_4N37nc5yPhOI6mqd3lLoN',NULL),('ad911d80843946ba8707120412889c74','04.00.00','mugLOD1.usda','usd-asset-versions-dump/2024-assets-acquisition/mug/mugLOD1.usda','5bac6ed09efe4816b7c427ffb08c599d',NULL,'MmRu3Ta9Sp5oNK7YMCjMmH_FE.5U1F6L',NULL),('add588b0b36f4126ad6298ac0edba12c','05.00.00','geometry_LOD1.usda','cis-7000-usd-assets-versioned/Assets/woodenChair/contrib/geometry/LOD1/geometry_LOD1.usda','b7d69121f36340adbdb7bed776c42a8d',NULL,'X1Z7jR1AT4m5btf5bNQMmrUqE_M5gLmR',NULL),('ae02874c62cd49f6a654fb4ebc5d8852','03.00.00','parkBench.usda','usd-asset-versions-dump/2025-assets-03.00.00/parkBench/parkBench.usda','2df25bd14a5542aab9eaa23f1c3ccd1e',NULL,'j_YqbmNgDK8_JAywQWhNnPOO.OOrkYyB',NULL),('ae2624a722d74a70969ce94ada21550a','04.00.00','thumbnail.png','cis-7000-usd-assets-versioned/Assets/pickleBarrels/contrib/.thumbs/thumbnail.png','a0d5c1f281f046cd9ff2287dfed6cd63',NULL,'NM.ojJn5IlIopCN.ixhr6r2ltafpt3oE',NULL),('aec8de5801ca46b5b3651726756acbd6','05.00.00','default.png','cis-7000-usd-assets-versioned/Assets/oldTelevision/contrib/material/default/texture/default.png','b6234f0922c94798ba12257342157faa',NULL,'sshBR03fueSZq8prU7esBYlpUK6Ch9er',NULL),('af16c9d8a6064779ab15f111e931ba13','02.00.00','pickelBarrels.fbx','usd-asset-versions-dump/2025-assets-02.00.00/pickleBarrels/pickelBarrels.fbx','a0d5c1f281f046cd9ff2287dfed6cd63',NULL,'5KC_hZ0kxUTvMtFFPNzPEgtDKhxJlzU4',NULL),('af56a41ed61e43b29358b986ad219cb6','06.00.00','geometry_LOD1.usda','cis-7000-usd-assets-versioned/Assets/kitchenaid/contrib/geometry/LOD1/geometry_LOD1.usda','66b74b32abd8459cbe41f434285a7691',NULL,'fLm7r.T0Z30.erCaeDivo26HN32oOFA3',NULL),('af5c7dbaa46d479cacd60d222e0e14f0','03.00.00','vintageLamp_LOD2.usda','usd-asset-versions-dump/2025-assets-02.00.00/vintageLamp/LODs/vintageLamp_LOD2.usda','c4449799e71a4ce88999ea44a86e067b',NULL,'pg9q4hcFggTGLOi.O_v5NZLbBZGL8YUQ',NULL),('afbb3dcc89d54ee58c77ed855b90d34c','02.00.00','metadata.json','usd-asset-versions-dump/2025-assets-02.00.00/parkBench/metadata.json','2df25bd14a5542aab9eaa23f1c3ccd1e',NULL,'HRGXau8pc0eOoH0VzMN3CFnhJPw6dv1I',NULL),('b009bcf9890b4fc5b4a1ad32774ca050','05.00.00','default.png','cis-7000-usd-assets-versioned/Assets/penTablet/contrib/material/default/texture/default.png','db17d0c2030049769e1ba2ea54d86114',NULL,'8rT.x066dZJXKUTvF348k2Zvfo5icU.n',NULL),('b0db1fc0323f471bae9f50df0daf0ca0','04.00.00','thumbnail.png','cis-7000-usd-assets-versioned/Assets/yugiohClockArc/contrib/.thumbs/thumbnail.png','4be817e19e11426ebeede52145732e77',NULL,'nLOnHyFSu7HZOXtUJatQT7pKCgiMw.9D',NULL),('b1108efb7d3d4ca2832d4f23a781b029','04.00.00','geometry_LOD2.usda','cis-7000-usd-assets-versioned/Assets/campfire/contrib/geometry/LOD2/geometry_LOD2.usda','6f6441599cc045ae91530ecd6cc5a81e',NULL,'VSmOv7CeddPC3r3yJ7I1.mHq1GRM4u.p',NULL),('b12bdf2291174477aff8ac9ee5af58f5','03.00.00','yellowDuck.fbx','usd-asset-versions-dump/2025-assets-03.00.00/yellowDuck/yellowDuck.fbx','39338164bc7f4fcaa1a14bc30beae3fe',NULL,'d3nnldnpNli7ZrNqu8b9nzedT6iYBCXl',NULL),('b12cebdedc4341aca9f14c83978d2126','05.00.00','material_default.usda','cis-7000-usd-assets-versioned/Assets/oldTelevision/contrib/material/default/material_default.usda','b6234f0922c94798ba12257342157faa',NULL,'imXerrVlSQUz2i4a80v0aOxFV9Sn4.Xm',NULL),('b232c428c4fc476fa1b5e50334751f32','02.00.00','cartoonFish.fbx','usd-asset-versions-dump/2025-assets-02.00.00/cartoonFish/cartoonFish.fbx','f08cf286cf1b4110bdb5c6d03dfad92a',NULL,'CNaJRs_fe_dfAlmfxNmfB9frESzmHxGT',NULL),('b243827be81243e18ac90c07dfc06fdc','03.00.00','pickleBarrels_LOD0.usda','usd-asset-versions-dump/2025-assets-03.00.00/pickleBarrels/LODs/pickleBarrels_LOD0.usda','a0d5c1f281f046cd9ff2287dfed6cd63',NULL,'eO.Wr4PMBdNFRTEs9pqUjmACoC2JvQ1Q',NULL),('b25f413f6fb84884898af8fb020003e9','01.00.00','beegCrab.fbx','usd-asset-versions-dump/2025-assets-01.00.00/beegCrab/beegCrab.fbx','f175fbe4933944a69d06e86c906622d6',NULL,'22z0S4M9JbJlrwVeCWFwwAuCOxtLANWr',NULL),('b2719152f54b4cd98a8dbaf7aaf8655d','05.00.00','geometry_LOD0.usda','cis-7000-usd-assets-versioned/Assets/penTablet/contrib/geometry/LOD0/geometry_LOD0.usda','db17d0c2030049769e1ba2ea54d86114',NULL,'ttUErY2kWkKD75Kk.bj9BNNIqKSrTE1G',NULL),('b2cfef60a60447f4ab180b677d128211','04.00.00','material.usda','cis-7000-usd-assets-versioned/Assets/cartoonFish/contrib/material/material.usda','f08cf286cf1b4110bdb5c6d03dfad92a',NULL,'35viEEzqJKXH0Gg8RwDv0e2BzBB8vaSq',NULL),('b308e80dc75d4ef396f77a629f0b64ab','04.00.00','geometry.usda','cis-7000-usd-assets-versioned/Assets/skateboard/contrib/geometry/geometry.usda','63cd5d6f9e9243fd9a6276093c547cf7',NULL,'oleonV8zuWUAdr6Lv30BGKmPcRfoYGHV',NULL),('b312152a58f04327ae151412301a7698','01.00.00','yellowDuck.fbx','usd-asset-versions-dump/2025-assets-01.00.00/yellowDuck/yellowDuck.fbx','39338164bc7f4fcaa1a14bc30beae3fe',NULL,'UinFNxSh_agCdK2bQauCf_7Wb1gi42wb',NULL),('b37595ff43bc452dbd1d2309cda7f394','04.00.00','thumbnail.png','cis-7000-usd-assets-versioned/Assets/cartoonFish/contrib/.thumbs/thumbnail.png','f08cf286cf1b4110bdb5c6d03dfad92a',NULL,'45H2uQq7VgEEej5JcYpXlVqlMxtAMH5b',NULL),('b3f36092bf8945989a25b32955c61cda','05.00.00','geometry_LOD2.usda','cis-7000-usd-assets-versioned/Assets/woodenChair/contrib/geometry/LOD2/geometry_LOD2.usda','b7d69121f36340adbdb7bed776c42a8d',NULL,'_5M4cojsb89w2t5FG.WlIms8AXtOO4Qf',NULL),('b43d4b1fae8f42b282052080f38a90a5','04.00.00','yellowDuck.usd','cis-7000-usd-assets-versioned/Assets/yellowDuck/yellowDuck.usd','39338164bc7f4fcaa1a14bc30beae3fe',NULL,'Hdvx3bLeIkhebDU6cKQw2BsxZIONglrw',NULL),('b46e05a5f5c64c8eaac03da91c2f4cbd','04.00.00','material_default.usda','cis-7000-usd-assets-versioned/Assets/yugiohClockArc/contrib/material/default/material_default.usda','4be817e19e11426ebeede52145732e77',NULL,'VPlPDACf9MAsaHPNSpU7YsmjoHX3TEd4',NULL),('b47d5735a72d48d789e480733b5e5978','04.00.00','flatTeapot.usd','cis-7000-usd-assets-versioned/Assets/flatTeapot/flatTeapot.usd','3d283193f6b54cf0a233a5b83ed95819',NULL,'7zBFgjv6qfCr0lkFxIJjtsqo3wOTqBES',NULL),('b4a013659e3949f0b3f02acff9639a79','04.00.00','geometry_bbox.usda','cis-7000-usd-assets-versioned/Assets/beegCrab/contrib/geometry/bbox/geometry_bbox.usda','f175fbe4933944a69d06e86c906622d6',NULL,'lxZp7_xPQye5LBrnv8NBdUAYSBkhusug',NULL),('b512fd1f0469499c9bc54423568c443f','02.00.00','metadata.json','usd-asset-versions-dump/2025-assets-02.00.00/beegCrab/metadata.json','f175fbe4933944a69d06e86c906622d6',NULL,'shxwXaqTjR5mQxi_cKkpzo51MdHjsKuv',NULL),('b5450756291c43c5b86b609720f8ef32','05.00.00','thumbnail.png','cis-7000-usd-assets-versioned/Assets/mug/contrib/.thumbs/thumbnail.png','5bac6ed09efe4816b7c427ffb08c599d',NULL,'xwhy_2zHAUZmX1YviDkvYSf_orxDMeNG',NULL),('b6e67dfa35f44269b1a760b8b828ccf3','04.00.00','thumbnail.png','cis-7000-usd-assets-versioned/Assets/skateboard/contrib/.thumbs/thumbnail.png','63cd5d6f9e9243fd9a6276093c547cf7',NULL,'PXQMPpBZwMirzWqFBBYLBxWtes_EEoXF',NULL),('b71daac7f2d04d1da7a0e1b4f6fed2c7','04.00.00','default.png','cis-7000-usd-assets-versioned/Assets/teapot/contrib/material/default/texture/default.png','f5e189a845fb4ed3930a81263a21bf99',NULL,'b2Y3XKGpLLZdJhpxH4U43NhrR97vujrT',NULL),('b795c6ae29dc4fcfa87445baee6e33ef','04.00.00','default.png','cis-7000-usd-assets-versioned/Assets/campfire/contrib/material/default/texture/default.png','6f6441599cc045ae91530ecd6cc5a81e',NULL,'dsiqu4LkB78U3xsULl0Q5rHIXEVM8hEm',NULL),('b799564701624a549bbd902da45a8a47','05.00.00','geometry.usda','cis-7000-usd-assets-versioned/Assets/penTablet/contrib/geometry/geometry.usda','db17d0c2030049769e1ba2ea54d86114',NULL,'O_N2Y8OqJlokRyk3bPtRxlCzF9KQ4ELd',NULL),('b7dfb8cd9c0d428e8abaab0b7fdd7c59','04.00.00','paniniPress.usda','usd-asset-versions-dump/2024-assets-acquisition/paniniPress/paniniPress.usda','3dcf8a1dac8242a59f83c50df682fb69',NULL,'GmxPWDi3UeU5xpWh_BhZbj3lyLLKRxTk',NULL),('b8179e4eefc640e894e016e0873bbd65','05.00.00','paniniPress.usd','cis-7000-usd-assets-versioned/Assets/paniniPress/paniniPress.usd','3dcf8a1dac8242a59f83c50df682fb69',NULL,'ijurVLONZyStINjesQK8zRa_QL_IHmU.',NULL),('b8261efbcd8844cfb09c6102a5047967','03.00.00','teapot_LOD0.usda','usd-asset-versions-dump/2025-assets-03.00.00/teapot/LODs/teapot_LOD0.usda','f5e189a845fb4ed3930a81263a21bf99',NULL,'8VoVXVl6c3MjwpKNvch5m2cD6Bd8vtYe',NULL),('b833bcc8ef1b42d39f55e254ab993cbd','04.00.00','penTablet.ma','usd-asset-versions-dump/2024-assets-acquisition/penTablet/penTablet.ma','db17d0c2030049769e1ba2ea54d86114',NULL,'cpUzuIeUJZO86EqNBDuk95WEczRCJvPI',NULL),('b8732ca7b8294bc3a5729b454fd96a18','02.00.00','yellowDuck_LOD2.usda','usd-asset-versions-dump/2025-assets-02.00.00/yellowDuck/LODs/yellowDuck_LOD2.usda','39338164bc7f4fcaa1a14bc30beae3fe',NULL,'KOGZDfJd5p77vwFYVhiZP1nEiXdTMQoD',NULL),('b8b3cb6e4e1e4f26a1780b69299f265b','05.00.00','wineGlass.usd','cis-7000-usd-assets-versioned/Assets/wineGlass/wineGlass.usd','31c39c346b394a1f90cf0a00f1c4a6ef',NULL,'FdH_Dca7hQ_qPQXVvIFnuQNXwwr7tKq0',NULL),('b8c5a47fa97c4d78ac4851664cfa681b','03.00.00','parkBench_LOD0.usda','usd-asset-versions-dump/2025-assets-03.00.00/parkBench/LODs/parkBench_LOD0.usda','2df25bd14a5542aab9eaa23f1c3ccd1e',NULL,'iEciB6DiSon0cm81C1CTm.CDCVurm5LW',NULL),('b902751b41c94f548bd17b3e8d588190','04.00.00','thumbnail.png','cis-7000-usd-assets-versioned/Assets/flatTeapot/contrib/.thumbs/thumbnail.png','3d283193f6b54cf0a233a5b83ed95819',NULL,'jcRTBSYwr6T4OVFcgfjey_ztnh_xBiPZ',NULL),('b9358cbb57d74642ba4a5a6c0f25e843','04.00.00','wineGlassLOD2.usda','usd-asset-versions-dump/2024-assets-acquisition/wineGlass/wineGlassLOD2.usda','31c39c346b394a1f90cf0a00f1c4a6ef',NULL,'z7Cch5ko3NiEAVCDQZPYwcUV2AHPprWU',NULL),('b93b5be7757b4ca2a9b824f7cb289687','04.00.00','material_default.usda','cis-7000-usd-assets-versioned/Assets/cafeTable/contrib/material/default/material_default.usda','579fe0bad3f84b7babc143ab2952234e',NULL,'1vrcbq7TLS6xRRjiBaC46DVyaA5JKLfB',NULL),('b94f49c7574341619dd5e1ba2adbab7f','03.00.00','pickleBarrels_LOD2.usda','usd-asset-versions-dump/2025-assets-03.00.00/pickleBarrels/LODs/pickleBarrels_LOD2.usda','a0d5c1f281f046cd9ff2287dfed6cd63',NULL,'VCWM1h7txmKLm0nafJqIhIt8iyRGObfx',NULL),('b978b8fdc7a34ba6ab2f2df17ade014c','04.00.00','carrot.ma','usd-asset-versions-dump/2024-assets-acquisition/carrot/carrot.ma','6188a79945fa415f906a1c6463a497eb',NULL,'ZgQWeY0Cp.aGy9zMRwbN_3ndb0joC1GZ',NULL),('b9c0119c51724d54905e84a37fe4ee17','02.00.00','cartoonFish_LOD1.usda','usd-asset-versions-dump/2025-assets-02.00.00/cartoonFish/LODs/cartoonFish_LOD1.usda','f08cf286cf1b4110bdb5c6d03dfad92a',NULL,'CXen6PNCsyHYYD4sIbk8TF_s4JGxLKqV',NULL),('b9d416faa7b04c669ac5cddc323b3636','05.00.00','material_default.usda','cis-7000-usd-assets-versioned/Assets/wineGlass/contrib/material/default/material_default.usda','31c39c346b394a1f90cf0a00f1c4a6ef',NULL,'yt2i1xND9IjWjsU2LB0brqbiqF7DCv1B',NULL),('ba58fe42e7d6472babc2654f594846fa','04.00.00','geometry_LOD2.usda','cis-7000-usd-assets-versioned/Assets/skateboard/contrib/geometry/LOD2/geometry_LOD2.usda','63cd5d6f9e9243fd9a6276093c547cf7',NULL,'Eenr.GNAHpmpO3roe1Cp8Ukbm0R06jqy',NULL),('ba80cc6365384378a0d0fba7cd4146f4','04.00.00','material.usda','cis-7000-usd-assets-versioned/Assets/parkBench/contrib/material/material.usda','2df25bd14a5542aab9eaa23f1c3ccd1e',NULL,'j49DrBjwnFqkOQWB81bFNNOinpgwR1HY',NULL),('bada50695b4a4cfaaff6b647eec26e93','04.00.00','vintageLamp_LOD2.usda','usd-asset-versions-dump/2025-assets-03.00.00/vintageLamp/LODs/vintageLamp_LOD2.usda','c4449799e71a4ce88999ea44a86e067b',NULL,'.qdfe95kdVOzrpCQ.dfyY2e6bT6PZnE1',NULL),('bb4d146eb29244f88d163e32904e5382','04.00.00','geometry_LOD1.usda','cis-7000-usd-assets-versioned/Assets/flatTeapot/contrib/geometry/LOD1/geometry_LOD1.usda','3d283193f6b54cf0a233a5b83ed95819',NULL,'2orAcYLjDcmeq83PYBUW.p_sm76UiqxY',NULL),('bb5bda8167364b5897289ce8c6da1fce','04.00.00','geometry.usda','cis-7000-usd-assets-versioned/Assets/flatTeapot/contrib/geometry/geometry.usda','3d283193f6b54cf0a233a5b83ed95819',NULL,'jwHFIAcuq2UTBqcZF3ZlrxdmXMFWf7il',NULL),('bb7455f8ac3444709397533d5d255fba','04.00.00','material_default.usda','cis-7000-usd-assets-versioned/Assets/cartoonFish/contrib/material/default/material_default.usda','f08cf286cf1b4110bdb5c6d03dfad92a',NULL,'Jfl9xpvKQjWiH6tzo0aeJ.59ydFF8aO6',NULL),('bb82416afdbc49a39a02044b92142ddf','05.00.00','geometry_bbox.usda','cis-7000-usd-assets-versioned/Assets/wineGlass/contrib/geometry/bbox/geometry_bbox.usda','31c39c346b394a1f90cf0a00f1c4a6ef',NULL,'_J6uK.KfLP2GFFJBqxA2VEX0Oe1CkZUE',NULL),('bbac91ba2be340ab8fcd033fdb067cb4','06.00.00','geometry_LOD1.usda','cis-7000-usd-assets-versioned/Assets/kitchenaid/contrib/geometry/LOD1/geometry_LOD1.usda','66b74b32abd8459cbe41f434285a7691',NULL,'l3VwUiS_wLxZc4Fam6lcrlKAQ0jCPrwM',NULL),('bbb3e6ed4dfe4652a6bfdce3b3cb3d65','05.00.00','material.usda','cis-7000-usd-assets-versioned/Assets/carrot/contrib/material/material.usda','6188a79945fa415f906a1c6463a497eb',NULL,'DsxfD.NtnMEdz_iIIIGOP2ZiSmvwi4Np',NULL),('bbd02d15b3044249a278cbe3bccc29bd','02.00.00','pickleBarrels_LOD0.usda','usd-asset-versions-dump/2025-assets-02.00.00/pickleBarrels/LODs/pickleBarrels_LOD0.usda','a0d5c1f281f046cd9ff2287dfed6cd63',NULL,'.30gPb.FRpdEyCS0Uu8PC5z3w7qztaQC',NULL),('bbd54b73a16340f8b546a7dae2adfd3a','02.00.00','yugiohClockArc_LOD0.usda','usd-asset-versions-dump/2025-assets-02.00.00/yugiohClockArc/LODs/yugiohClockArc_LOD0.usda','4be817e19e11426ebeede52145732e77',NULL,'H7PCEG7pGnP0hLNvFesvbv6Q7DTmDYeF',NULL),('bbe99a00a8b9428f8ab37cbbb1ece193','05.00.00','material_default.usda','cis-7000-usd-assets-versioned/Assets/woodenChair/contrib/material/default/material_default.usda','b7d69121f36340adbdb7bed776c42a8d',NULL,'10agE_E6FS7LO93AgQDrhJvnf6kVtEbD',NULL),('bcc3c848efd248e88196d5a04d878309','05.00.00','geometry_LOD1.usda','cis-7000-usd-assets-versioned/Assets/carrot/contrib/geometry/LOD1/geometry_LOD1.usda','6188a79945fa415f906a1c6463a497eb',NULL,'9FCFIoxaeJZKdG3zcTuKHyKBf8mAJdsX',NULL),('bda3db8fcee3481bab833b08e2c8f669','06.00.00','kitchenaid.usd','cis-7000-usd-assets-versioned/Assets/kitchenaid/kitchenaid.usd','66b74b32abd8459cbe41f434285a7691',NULL,'WGWvlQ61ZTpzN2d2ELcSSwj3A8vz.2f5',NULL),('be6acd63b61247ac90b0af973413dd37','05.00.00','mug.usd','cis-7000-usd-assets-versioned/Assets/mug/mug.usd','5bac6ed09efe4816b7c427ffb08c599d',NULL,'ukEZJMfMPWbXrr1zKNvhG_R4vsNv7ZD8',NULL),('be734aec265d4237b70e79237571027d','04.00.00','bookStack.usd','cis-7000-usd-assets-versioned/Assets/bookStack/bookStack.usd','082f328bf76a4d48be255c620a8cd280',NULL,'E0sU2YYMX_1xsdMy67EM3WhAIDlJUa_4',NULL),('c0843bc1787644ada77758de0f26ef46','04.00.00','geometry_LOD2.usda','cis-7000-usd-assets-versioned/Assets/parkBench/contrib/geometry/LOD2/geometry_LOD2.usda','2df25bd14a5542aab9eaa23f1c3ccd1e',NULL,'t6PYTcFMZOzcknOPO4hQgbQ.rGYPQB8_',NULL),('c0c25f2259474bd7ac41ce5bd83c9717','04.00.00','geometry_bbox.usda','cis-7000-usd-assets-versioned/Assets/beegCrab/contrib/geometry/bbox/geometry_bbox.usda','f175fbe4933944a69d06e86c906622d6',NULL,'jeI7cU2cfONXDYWp4jvtU_AWXMtBIp4.',NULL),('c1a34d5a1a0f4c3b870688ed12e19ca9','04.00.00','material_rocks.usda','cis-7000-usd-assets-versioned/Assets/campfire/contrib/material/rocks/material_rocks.usda','6f6441599cc045ae91530ecd6cc5a81e',NULL,'cB3mreUL3UY25z6AeZyWG_soTEKpnYOq',NULL),('c1c17d7217ab413599eda9ed6728fd22','04.00.00','material_default.usda','cis-7000-usd-assets-versioned/Assets/bookStack/contrib/material/default/material_default.usda','082f328bf76a4d48be255c620a8cd280',NULL,'OLZDPTicbB5oOSf_pJXooBYs7FTPN8fd',NULL),('c1f0257d79af48529a1720516a5e03a7','04.00.00','paniniPress_material.usda','usd-asset-versions-dump/2024-assets-acquisition/paniniPress/paniniPress_material.usda','3dcf8a1dac8242a59f83c50df682fb69',NULL,'AIucJfvI_GjHhTPiIKR.RfTBhu_ooKF8',NULL),('c286b9b8663a40f4a768cea35e5c83a6','04.00.00','geometry_LOD1.usda','cis-7000-usd-assets-versioned/Assets/cafeTable/contrib/geometry/LOD1/geometry_LOD1.usda','579fe0bad3f84b7babc143ab2952234e',NULL,'Zpb9NBd0wBc7UcqIWYIvLoX92Hpv7OhF',NULL),('c2abb2f2dcc2458583324c47daa2a6a6','04.00.00','material_default.usda','cis-7000-usd-assets-versioned/Assets/cafeTable/contrib/material/default/material_default.usda','579fe0bad3f84b7babc143ab2952234e',NULL,'FCCMy2Jyzl0WBwBjcAVlukQGjadgt_Gd',NULL),('c2b5cfd2f7ce483a81778e9a751da5f3','03.00.00','metadata.json','usd-asset-versions-dump/2025-assets-03.00.00/skateboard/metadata.json','63cd5d6f9e9243fd9a6276093c547cf7',NULL,'E.GIR6vUSir3lfPzmxlUJpAR8HYv6h5y',NULL),('c30276a1a06f405ab2d9d89d7a7e7249','04.00.00','geometry_bbox.usda','cis-7000-usd-assets-versioned/Assets/yugiohClockArc/contrib/geometry/bbox/geometry_bbox.usda','4be817e19e11426ebeede52145732e77',NULL,'qzSMu9vrFDGNTFGehdybFlMWzD8tup_7',NULL),('c31fda68b3714547b50ebdece410f516','04.00.00','mug.usda','usd-asset-versions-dump/2024-assets-acquisition/mug/mug.usda','5bac6ed09efe4816b7c427ffb08c599d',NULL,'GWV43EExvvWkWtzv9YkYXyD8aL328XmL',NULL),('c320fd33b4cd44608a522ffeb8807d0b','04.00.00','sittingMoomin.usd','cis-7000-usd-assets-versioned/Assets/sittingMoomin/sittingMoomin.usd','c0e55d851ea64aa4aeec27c29594a555',NULL,'jn6KFpI.OsQUMxySvA8E0cxDYM3DnbPX',NULL),('c32ad62342d941b798f624423db5db4a','04.00.00','geometry_bbox.usda','cis-7000-usd-assets-versioned/Assets/flatTeapot/contrib/geometry/bbox/geometry_bbox.usda','3d283193f6b54cf0a233a5b83ed95819',NULL,'hzEr_EOkCpcHDhepZRzEPcawXKW9uKCT',NULL),('c383ddae633c4c47b1d08df676b4049b','03.00.00','teapotLOD1.usda','usd-asset-versions-dump/2024-assets-acquisition/flatTeapot/teapotLOD1.usda','3d283193f6b54cf0a233a5b83ed95819',NULL,'z1ZZewkvon96NbAexkgGL1pZ3zqaMhNT',NULL),('c390c4cc2bb94f1aae2adaa19d6083eb','04.00.00','geometry.usda','cis-7000-usd-assets-versioned/Assets/cafeTable/contrib/geometry/geometry.usda','579fe0bad3f84b7babc143ab2952234e',NULL,'VDuxlXUgrPsOu3nJ09zc8WZQ.cgrWbPg',NULL),('c3eb1dc4760c4e138abb6da58312cc20','04.00.00','thumb.png','usd-asset-versions-dump/2024-assets-acquisition/wineGlass/thumb.png','31c39c346b394a1f90cf0a00f1c4a6ef',NULL,'pJimeENoApwPKRA4cW8wY4dTe7E6qpWt',NULL),('c4ce276e6be54db2bd66e02d155e8f65','02.00.00','thumbnail.png','usd-asset-versions-dump/2025-assets-02.00.00/cafeTable/thumbnail.png','579fe0bad3f84b7babc143ab2952234e',NULL,'Z9O.YhStYkCNBJju4In12W4siT7wcMJY',NULL),('c4d43f794ec74ca9bb1fa322ac56afbf','04.00.00','geometry_LOD0.usda','cis-7000-usd-assets-versioned/Assets/sittingMoomin/contrib/geometry/LOD0/geometry_LOD0.usda','c0e55d851ea64aa4aeec27c29594a555',NULL,'o2Co6zRTYHA0jS5E8pDJenxu2QwIp_5J',NULL),('c5b20a2d0829412190d3d0f271dccacf','04.00.00','geometry_LOD2.usda','cis-7000-usd-assets-versioned/Assets/bookStack/contrib/geometry/LOD2/geometry_LOD2.usda','082f328bf76a4d48be255c620a8cd280',NULL,'FLed4YszEw8mvQJ_.DGPb3BOftTWRCzx',NULL),('c6097e3f05e0418ba940e7a7c1f6c700','05.00.00','thumbnail.png','cis-7000-usd-assets-versioned/Assets/woodenChair/contrib/.thumbs/thumbnail.png','b7d69121f36340adbdb7bed776c42a8d',NULL,'0iVajdxtgwQx9IOthjZgT51o3fV3l0aH',NULL),('c61a196be20b4f57a5599806432a3937','05.00.00','geometry_LOD2.usda','cis-7000-usd-assets-versioned/Assets/woodenChair/contrib/geometry/LOD2/geometry_LOD2.usda','b7d69121f36340adbdb7bed776c42a8d',NULL,'pCGEMNY5cYZGPKwjAqTeGTqd_l3vurMy',NULL),('c6b52d0ad6d34f9cb79de17704474f69','03.00.00','thumbnail.png','usd-asset-versions-dump/2025-assets-03.00.00/skateboard/thumbnail.png','63cd5d6f9e9243fd9a6276093c547cf7',NULL,'oIH5Oc34CZGdf8.gesxRrXlxtdFzXsRa',NULL),('c71ffd4f4a7542319e74f39a2558b781','04.00.00','sittingMoomin.usd','cis-7000-usd-assets-versioned/Assets/sittingMoomin/sittingMoomin.usd','c0e55d851ea64aa4aeec27c29594a555',NULL,'7oLLogbR4IoGGb.KKBlVNhHhw6T5iu_w',NULL),('c81fb058f0ad4058b85e786275ddbc62','04.00.00','material.usda','cis-7000-usd-assets-versioned/Assets/flatTeapot/contrib/material/material.usda','3d283193f6b54cf0a233a5b83ed95819',NULL,'QH8Rqgtk0yyLsUo_j0S7Zt0mZZQxdwDe',NULL),('c873a3def2e443098cd57910a0656c49','04.00.00','geometry_LOD1.usda','cis-7000-usd-assets-versioned/Assets/cafeTable/contrib/geometry/LOD1/geometry_LOD1.usda','579fe0bad3f84b7babc143ab2952234e',NULL,'ro.TF14.BZvU30cXFt9vDcoRQdmZFYy2',NULL),('c88497f23d87470e9b1d3ae3535afdb2','04.00.00','thumb.png','usd-asset-versions-dump/2024-assets-acquisition/woodenChair/thumb.png','b7d69121f36340adbdb7bed776c42a8d',NULL,'YpqgL30QRwiHlO.IomdezpTDKk3S4220',NULL),('c8b1c8261cad4964836202570c97c6b9','04.00.00','geometry.usda','cis-7000-usd-assets-versioned/Assets/campfire/contrib/geometry/geometry.usda','6f6441599cc045ae91530ecd6cc5a81e',NULL,'CtJ7DTxQxQXVJd4rkyzwfJbNHn2XZcGr',NULL),('ca6979642b1c43849885ec55c17dccd9','04.00.00','geometry_LOD0.usda','cis-7000-usd-assets-versioned/Assets/yugiohClockArc/contrib/geometry/LOD0/geometry_LOD0.usda','4be817e19e11426ebeede52145732e77',NULL,'SiAr6Lit84ebdNuuDU57Ebq1T1ttT3AM',NULL),('ca855549957f4c6e9a1c7dc3921844ee','03.00.00','cartoonFish_LOD2.usda','usd-asset-versions-dump/2025-assets-03.00.00/cartoonFish/LODs/cartoonFish_LOD2.usda','f08cf286cf1b4110bdb5c6d03dfad92a',NULL,'WBvQnH94vCMFbtTHCk44GqqcZNOlt2sj',NULL),('caaa7da37b3b4782875f81cbf8b6f44c','05.00.00','geometry_bbox.usda','cis-7000-usd-assets-versioned/Assets/sushi/contrib/geometry/bbox/geometry_bbox.usda','2c7ef29f88474ded95eb449ebb264ead',NULL,'kx5y52mll.gPqLsCx8yJ07Nk2uPdmLyl',NULL),('cadac1ec0f1a42c48873f7fb4649c425','05.00.00','geometry_bbox.usda','cis-7000-usd-assets-versioned/Assets/mug/contrib/geometry/bbox/geometry_bbox.usda','5bac6ed09efe4816b7c427ffb08c599d',NULL,'vBaOQpt1JhJiorO8uqai7.Njp_P2uc4n',NULL),('cb3efed1b93c4c1fa3c8551a73c8066c','04.00.00','geometry_LOD0.usda','cis-7000-usd-assets-versioned/Assets/bookStack/contrib/geometry/LOD0/geometry_LOD0.usda','082f328bf76a4d48be255c620a8cd280',NULL,'6GhTdprCXg.AaNst9N49uDljnaIvcVFm',NULL),('cb9721a2df764657ac377466f1203b84','04.00.00','material_default.usda','cis-7000-usd-assets-versioned/Assets/parkBench/contrib/material/default/material_default.usda','2df25bd14a5542aab9eaa23f1c3ccd1e',NULL,'mKbMfvNGP2WNwuLEWeS21L2e8tPJH4k0',NULL),('cbddd40d113f445fb156d4bc2b0cd84c','02.00.00','metadata.json','usd-asset-versions-dump/2025-assets-02.00.00/sittingMoomin/metadata.json','c0e55d851ea64aa4aeec27c29594a555',NULL,'Bn_n8MuXgykl8Xz70N0bK0yqdsRWv2sG',NULL),('cbf7b4ad47914ec18725b5f537bcdd8b','03.00.00','campfire_LOD2.usda','usd-asset-versions-dump/2025-assets-03.00.00/campfire/LODs/campfire_LOD2.usda','6f6441599cc045ae91530ecd6cc5a81e',NULL,'h1nY8nMKWLx5T4FL.MQA6ggUeBChUmw3',NULL),('cc1f611f03d8490fb265f106abc621f1','05.00.00','geometry.usda','cis-7000-usd-assets-versioned/Assets/mug/contrib/geometry/geometry.usda','5bac6ed09efe4816b7c427ffb08c599d',NULL,'db_RK0CoH0cbts_uxLY38lFteEmqH40t',NULL),('cc3c143f289f41cb9c2afc46b22f2643','04.00.00','material.usda','cis-7000-usd-assets-versioned/Assets/teapot/contrib/material/material.usda','f5e189a845fb4ed3930a81263a21bf99',NULL,'iollZ5n_Z9v8.5V6.pB1mUD_UX6B1PkB',NULL),('cccbec2b4b81466bbc10ed35f6a19946','04.00.00','material_default.usda','cis-7000-usd-assets-versioned/Assets/campfire/contrib/material/default/material_default.usda','6f6441599cc045ae91530ecd6cc5a81e',NULL,'Ih_6vBq4ryM45vbEc6dMkcF2cVv2vvt.',NULL),('cd4d8c845b284771a6e7e3a0f52dd168','04.00.00','geometry_LOD1.usda','cis-7000-usd-assets-versioned/Assets/flatTeapot/contrib/geometry/LOD1/geometry_LOD1.usda','3d283193f6b54cf0a233a5b83ed95819',NULL,'ZyXmKt8p8.W9uAgMFdskskFRvEktsb5y',NULL),('cdccc145978e4d11a315e97cf9723451','04.00.00','default.png','cis-7000-usd-assets-versioned/Assets/bookStack/contrib/material/default/texture/default.png','082f328bf76a4d48be255c620a8cd280',NULL,'Ebad15UlU0WYdBDCjxq4TJOdp0Xad7Qh',NULL),('cedadbd88628477f9b336f02a317778d','04.00.00','bookStack.usd','cis-7000-usd-assets-versioned/Assets/bookStack/bookStack.usd','082f328bf76a4d48be255c620a8cd280',NULL,'.2C.THKyjW6QkCiRWmFq6MRq67T8POSz',NULL),('cefda1c46fb147348a12d326507e8c6c','02.00.00','bookStack_LOD0.usda','usd-asset-versions-dump/2025-assets-02.00.00/bookStack/LODs/bookStack_LOD0.usda','082f328bf76a4d48be255c620a8cd280',NULL,'MIQHrHMYOKvh9S6OrosHDZZL9UeivZzw',NULL),('d04f21d0bd12441cb6b301301169823c','04.00.00','metadata.json','usd-asset-versions-dump/2024-assets-acquisition/carrot/metadata.json','6188a79945fa415f906a1c6463a497eb',NULL,'nK_3.rGERgJ_QP0fzopSBB291_GFFR.R',NULL),('d1283791e8e14e0f8134c72facdad0c7','04.00.00','material.usda','cis-7000-usd-assets-versioned/Assets/sittingMoomin/contrib/material/material.usda','c0e55d851ea64aa4aeec27c29594a555',NULL,'J56z_mq6snOg7bE6D2HM5fh6bS.7Vluw',NULL),('d1baaa7ef4d3495087fec9bc4acff40c','03.00.00','campfire.usda','usd-asset-versions-dump/2025-assets-03.00.00/campfire/campfire.usda','6f6441599cc045ae91530ecd6cc5a81e',NULL,'G_u3zd_0H0n1YyRmagoEGS7zEpJRReQB',NULL),('d22d9eddd5c74f049119a3c9e1996667','04.00.00','geometry_LOD0.usda','cis-7000-usd-assets-versioned/Assets/campfire/contrib/geometry/LOD0/geometry_LOD0.usda','6f6441599cc045ae91530ecd6cc5a81e',NULL,'y615D2EA7HXpyxMVkZY_NWSOhtniQq.B',NULL),('d3079ac13dd349c59ffec6dc88ad3075','04.00.00','default.png','cis-7000-usd-assets-versioned/Assets/bookStack/contrib/material/default/texture/default.png','082f328bf76a4d48be255c620a8cd280',NULL,'JZHA8eEtt.lPK45MIIvuY3K6KlyGrrz8',NULL),('d33c125840e54b14960050505db7308a','04.00.00','geometry_LOD1.usda','cis-7000-usd-assets-versioned/Assets/sittingMoomin/contrib/geometry/LOD1/geometry_LOD1.usda','c0e55d851ea64aa4aeec27c29594a555',NULL,'M6BT2TxtpzyYukRPxKvML4ma21YOpqdp',NULL),('d3a959d470574bd8b6bc40b365ff27ab','05.00.00','geometry_LOD0.usda','cis-7000-usd-assets-versioned/Assets/oldTelevision/contrib/geometry/LOD0/geometry_LOD0.usda','b6234f0922c94798ba12257342157faa',NULL,'n4xUcEyLkXs0rGimW5Sc8VICpKoHVlGE',NULL),('d4000c61497441c6bf8c977dd0d7c121','03.00.00','teapotLOD0.usda','usd-asset-versions-dump/2024-assets-acquisition/flatTeapot/teapotLOD0.usda','3d283193f6b54cf0a233a5b83ed95819',NULL,'YFELC1P8EF3wLV5ZVU.tOohTcoYbffaA',NULL),('d4f983f4c1544d8cacf867719cd16589','04.00.00','metadata.json','usd-asset-versions-dump/2024-assets-acquisition/penTablet/metadata.json','db17d0c2030049769e1ba2ea54d86114',NULL,'m6A_iBi0Wb5KjCYaOf4N1_u1f2wUezzH',NULL),('d5231acd907b455fbe8964c714d07005','04.00.00','carrot.usda','usd-asset-versions-dump/2024-assets-acquisition/carrot/carrot.usda','6188a79945fa415f906a1c6463a497eb',NULL,'5t7GWXbWqIVw47p8QRzcvzNba4megkf_',NULL),('d5ac6ad0be424ab687d42dd654933a07','03.00.00','sittingMoomin_LOD1.usda','usd-asset-versions-dump/2025-assets-03.00.00/sittingMoomin/LODs/sittingMoomin_LOD1.usda','c0e55d851ea64aa4aeec27c29594a555',NULL,'YCF5eRc1MtIR_sT2RUlIt1IrC7Fz4STb',NULL),('d5fcc903069b4614955c4e8d8925a7f0','05.00.00','material_default.usda','cis-7000-usd-assets-versioned/Assets/penTablet/contrib/material/default/material_default.usda','db17d0c2030049769e1ba2ea54d86114',NULL,'uelFadp3I2yUOBq1NUFas1N5zNqhakAT',NULL),('d655014042bd41e78de02759d872585d','05.00.00','geometry_bbox.usda','cis-7000-usd-assets-versioned/Assets/vintageLamp/contrib/geometry/bbox/geometry_bbox.usda','c4449799e71a4ce88999ea44a86e067b',NULL,'qPuutIfjuJMXapYcR5x7M2Yk882xZ4bP',NULL),('d6759ae40b554ebebdba68b2665b9419','04.00.00','penTablet.usda','usd-asset-versions-dump/2024-assets-acquisition/penTablet/penTablet.usda','db17d0c2030049769e1ba2ea54d86114',NULL,'YfEtPLC3q.8SuAr48U0ximqZ5_Ywk3D0',NULL),('d6bf37be1aad4d9cbcb99866101492c5','04.00.00','geometry_LOD0.usda','cis-7000-usd-assets-versioned/Assets/campfire/contrib/geometry/LOD0/geometry_LOD0.usda','6f6441599cc045ae91530ecd6cc5a81e',NULL,'Wj2q389OICTtGhBHssyqKSiK.RXlkC5C',NULL),('d74cd4a159be40199647177ff19366fb','02.00.00','cafeTable_LOD2.usda','usd-asset-versions-dump/2025-assets-02.00.00/cafeTable/LODs/cafeTable_LOD2.usda','579fe0bad3f84b7babc143ab2952234e',NULL,'mLTtAtafTntZ3SVOzwNbb71pah2pWrRp',NULL),('d7c7b08bc5a14412baa4adb322752bad','04.00.00','geometry.usda','cis-7000-usd-assets-versioned/Assets/teapot/contrib/geometry/geometry.usda','f5e189a845fb4ed3930a81263a21bf99',NULL,'j8ThxR7eUDGNtzOIfKCOhdmgMq23ZBHn',NULL),('d80fdd2ab5914a619a5d29ea18b0ef6b','05.00.00','geometry_LOD1.usda','cis-7000-usd-assets-versioned/Assets/vintageLamp/contrib/geometry/LOD1/geometry_LOD1.usda','c4449799e71a4ce88999ea44a86e067b',NULL,'GWvF.h1PDwGFXDY7aJ320IG.IOiIwV3t',NULL),('d85ea5535dc74f54a00b97099eab0d59','04.00.00','paniniPressLOD0.usda','usd-asset-versions-dump/2024-assets-acquisition/paniniPress/paniniPressLOD0.usda','3dcf8a1dac8242a59f83c50df682fb69',NULL,'IUrbny6FpFjixdphay2C2nKwlKcyPTAh',NULL),('d95d9bcfe51346cd8d74fc653e4bc045','02.00.00','campfire.fbx','usd-asset-versions-dump/2025-assets-02.00.00/campfire/campfire.fbx','6f6441599cc045ae91530ecd6cc5a81e',NULL,'C7ZDSrTDvIwWNauLVOcWURlP.GMImw0g',NULL),('d95f938025274163ab6043b215c25b6c','05.00.00','material.usda','cis-7000-usd-assets-versioned/Assets/wineGlass/contrib/material/material.usda','31c39c346b394a1f90cf0a00f1c4a6ef',NULL,'fnZEBVFLvyNeH12.shXHKYs0KPAcjBZc',NULL),('d98eeec6bc4644c5a1bdecc990e75e2b','03.00.00','teapot_model.usda','usd-asset-versions-dump/2024-assets-acquisition/flatTeapot/teapot_model.usda','3d283193f6b54cf0a233a5b83ed95819',NULL,'v56poV5whPtahF.bwe9vQ4S71hl.T5YZ',NULL),('d9ffed486c3d4cb98e9fde0a1bc99115','05.00.00','geometry.usda','cis-7000-usd-assets-versioned/Assets/penTablet/contrib/geometry/geometry.usda','db17d0c2030049769e1ba2ea54d86114',NULL,'sweeWRg00pmlds4.r1g8IjSZLhomi3SH',NULL),('da66dbc1cd8e4ac0b85fd2a96b487645','02.00.00','teapot_LOD2.usda','usd-asset-versions-dump/2025-assets-02.00.00/teapot/LODs/teapot_LOD2.usda','f5e189a845fb4ed3930a81263a21bf99',NULL,'jpSaQggxCw.G6H5eoq0GOxpw5.LoiUZY',NULL),('db51708933f3483ba7d1557c98b0bc8d','04.00.00','geometry_LOD1.usda','cis-7000-usd-assets-versioned/Assets/sittingMoomin/contrib/geometry/LOD1/geometry_LOD1.usda','c0e55d851ea64aa4aeec27c29594a555',NULL,'bUhNtsF6E9Gaul12bpkGu9sF8BfanHMJ',NULL),('dbdb1a48068d4cc5a143bc7f3078fedb','04.00.00','default.png','cis-7000-usd-assets-versioned/Assets/sittingMoomin/contrib/material/default/texture/default.png','c0e55d851ea64aa4aeec27c29594a555',NULL,'cU933erhrKsHEjYAIntLRNMMARvRxFbH',NULL),('dbff74e6f1e846b9b44258257c8bda53','05.00.00','penTablet.usd','cis-7000-usd-assets-versioned/Assets/penTablet/penTablet.usd','db17d0c2030049769e1ba2ea54d86114',NULL,'3QHlOe1fDeqTLcrPsyDQYwOnMop2xbfo',NULL),('dd10661da8574962976058e750ee3834','04.00.00','material_default.usda','cis-7000-usd-assets-versioned/Assets/pickleBarrels/contrib/material/default/material_default.usda','a0d5c1f281f046cd9ff2287dfed6cd63',NULL,'gsngVLXSm9G0PS0fW3QoXnksag5m22zk',NULL),('dd10d8ffc2be4dcf9d9796e235e72116','04.00.00','geometry_bbox.usda','cis-7000-usd-assets-versioned/Assets/yugiohClockArc/contrib/geometry/bbox/geometry_bbox.usda','4be817e19e11426ebeede52145732e77',NULL,'CONKcgFMyblPciDIiheV_xxqFH0BB5Dh',NULL),('dd1b000b1584465e870860fb71787f7d','04.00.00','material_default.usda','cis-7000-usd-assets-versioned/Assets/bookStack/contrib/material/default/material_default.usda','082f328bf76a4d48be255c620a8cd280',NULL,'EoeXuvEKoAq9JvBbrmqkvCHAwC.1kcZh',NULL),('dd2270910972423998e272729d27c2ea','05.00.00','mug.usd','cis-7000-usd-assets-versioned/Assets/mug/mug.usd','5bac6ed09efe4816b7c427ffb08c599d',NULL,'U5Ut164BkJRlMNsFD6EhhA_E4Bm1IQgS',NULL),('de9360ed2d004c1a88159ac618b092a7','03.00.00','yugiohClockArc.fbx','usd-asset-versions-dump/2025-assets-03.00.00/yugiohClockArc/yugiohClockArc.fbx','4be817e19e11426ebeede52145732e77',NULL,'UUsguJ_9G9MYOo3gbZ2s0sNQVdCoWeIR',NULL),('def39b5a525c4011b3ab8d474af4c1f4','04.00.00','material.usda','cis-7000-usd-assets-versioned/Assets/yugiohClockArc/contrib/material/material.usda','4be817e19e11426ebeede52145732e77',NULL,'_Nf67MeX8MhNHb_1_mZYMmWGvjC3E_Zk',NULL),('df162a19f511488f91280c5a0130e43e','05.00.00','geometry_bbox.usda','cis-7000-usd-assets-versioned/Assets/oldTelevision/contrib/geometry/bbox/geometry_bbox.usda','b6234f0922c94798ba12257342157faa',NULL,'_4L.0h1SiHgq9DrwK2reAMV0cCglLrdO',NULL),('df8feb52a2df4e1687b334ff171c3467','05.00.00','geometry_LOD1.usda','cis-7000-usd-assets-versioned/Assets/carrot/contrib/geometry/LOD1/geometry_LOD1.usda','6188a79945fa415f906a1c6463a497eb',NULL,'SrfHOb7BD4vdBLs289PucW4gLwUSOm55',NULL),('dfc6efd90e854fe59aeb8c8718ea7e77','04.00.00','geometry_LOD2.usda','cis-7000-usd-assets-versioned/Assets/pickleBarrels/contrib/geometry/LOD2/geometry_LOD2.usda','a0d5c1f281f046cd9ff2287dfed6cd63',NULL,'DK3T4d0fVHTZZaCCBeL3r_8FF2GHLHSy',NULL),('dfccaab41a4b403a803575ca19ef732e','04.00.00','material_default.usda','cis-7000-usd-assets-versioned/Assets/beegCrab/contrib/material/default/material_default.usda','f175fbe4933944a69d06e86c906622d6',NULL,'IyVIFN.Ao11tR33rzTt8HxJHJzQ2QMSF',NULL),('dfcf569029434f74ae3a40d9f6d36ae7','05.00.00','vintageLamp.usd','cis-7000-usd-assets-versioned/Assets/vintageLamp/vintageLamp.usd','c4449799e71a4ce88999ea44a86e067b',NULL,'USkcZ7GizkoiZwLmsPGGpcGvJLA.WhO_',NULL),('e02adec794f84afdb8b9cf974ec325e0','04.00.00','parkBench.usd','cis-7000-usd-assets-versioned/Assets/parkBench/parkBench.usd','2df25bd14a5542aab9eaa23f1c3ccd1e',NULL,'cZMANhq7XQXOG8tE1bqv3Wy0Xyr035pg',NULL),('e065df827cf84f1395f3c203050aa5a0','04.00.00','geometry_LOD0.usda','cis-7000-usd-assets-versioned/Assets/teapot/contrib/geometry/LOD0/geometry_LOD0.usda','f5e189a845fb4ed3930a81263a21bf99',NULL,'hMzBy0itgls7M0TFXhBjZb7k1qWKsAQI',NULL),('e0758d051bad453286bb0e8631b2ef05','02.00.00','skateboard_LOD0.usda','usd-asset-versions-dump/2025-assets-02.00.00/skateboard/LODs/skateboard_LOD0.usda','63cd5d6f9e9243fd9a6276093c547cf7',NULL,'I3s.0k6TG7ZZdyXcvNltfHeKoNjfEXTt',NULL),('e077a06a0f76426681bbb4cf75b9a50b','05.00.00','material.usda','cis-7000-usd-assets-versioned/Assets/mug/contrib/material/material.usda','5bac6ed09efe4816b7c427ffb08c599d',NULL,'EtYm_TZhYwao0c6hJ1jZgjoQJ6mBhjs0',NULL),('e09038341f53406fbe41dedd8e6874d8','03.00.00','parkBench_LOD1.usda','usd-asset-versions-dump/2025-assets-03.00.00/parkBench/LODs/parkBench_LOD1.usda','2df25bd14a5542aab9eaa23f1c3ccd1e',NULL,'QaUdiyHPGKZrp6EcFW9.xbHUHYwGVftc',NULL),('e2649814552c47b280d1ff0d03b06c93','02.00.00','cartoonFish_LOD0.usda','usd-asset-versions-dump/2025-assets-02.00.00/cartoonFish/LODs/cartoonFish_LOD0.usda','f08cf286cf1b4110bdb5c6d03dfad92a',NULL,'5du4vSK8IjlBqZZDsN7.PeHGQT0slIAN',NULL),('e2ecc2b386ae4acfb75167f702d5f0c9','04.00.00','geometry.usda','cis-7000-usd-assets-versioned/Assets/skateboard/contrib/geometry/geometry.usda','63cd5d6f9e9243fd9a6276093c547cf7',NULL,'sqmvGNc4qH_s19Wul5rAXMyO_pkmr3by',NULL),('e3f453bee0e84edc8a9fd5aba678abc2','02.00.00','yellowDuck_LOD1.usda','usd-asset-versions-dump/2025-assets-02.00.00/yellowDuck/LODs/yellowDuck_LOD1.usda','39338164bc7f4fcaa1a14bc30beae3fe',NULL,'HRN6a8z4KH_ypvCzJCCu3PdJU1PmL4b0',NULL),('e437d9d43de3425285a4878c048c2343','05.00.00','geometry_LOD0.usda','cis-7000-usd-assets-versioned/Assets/wineGlass/contrib/geometry/LOD0/geometry_LOD0.usda','31c39c346b394a1f90cf0a00f1c4a6ef',NULL,'C4JGWY1Y2_yQuOe93XdonkrtiC7QiSyV',NULL),('e5cc85133b7b49f397bef5e7d8e6f588','05.00.00','metadata.json','usd-asset-versions-dump/2024-assets-acquisition/kitchenaid/metadata.json','66b74b32abd8459cbe41f434285a7691',NULL,'eVBBC3gPh939UsHPr.bEfaTNc0bf1xpc',NULL),('e6103071725c4141bfe640313a04268d','03.00.00','thumbnail.png','usd-asset-versions-dump/2025-assets-03.00.00/parkBench/thumbnail.png','2df25bd14a5542aab9eaa23f1c3ccd1e',NULL,'fEdFgtAu8.8J3kRp8nN6ov_I4YMDAuwu',NULL),('e615adae1f8e4273a2ab9516896269a1','04.00.00','oldTelevisionLOD2.usda','usd-asset-versions-dump/2024-assets-acquisition/oldTelevision/oldTelevisionLOD2.usda','b6234f0922c94798ba12257342157faa',NULL,'zGYR6_dSso3GUWzy9j0rasqMYagFJJjq',NULL),('e624dbe3f7b341b7baca810208f182b8','03.00.00','beegCrab.usda','usd-asset-versions-dump/2025-assets-03.00.00/beegCrab/beegCrab.usda','f175fbe4933944a69d06e86c906622d6',NULL,'FOILIWpvWx0JrNNMT2H.9HCRBs4y5Jtv',NULL),('e633651647684f64ac09771db71bb8ad','04.00.00','geometry_bbox.usda','cis-7000-usd-assets-versioned/Assets/cartoonFish/contrib/geometry/bbox/geometry_bbox.usda','f08cf286cf1b4110bdb5c6d03dfad92a',NULL,'jBLTcxXQcVV8NlGcFrPpQxk2faQZASlc',NULL),('e63a4765ed6f4e0a936172d17101dd7e','04.00.00','geometry.usda','cis-7000-usd-assets-versioned/Assets/bookStack/contrib/geometry/geometry.usda','082f328bf76a4d48be255c620a8cd280',NULL,'TzmO6SeaM1KFbdN1oFbmqX_mLhg_J1Zq',NULL),('e63fa3440f5a4a9d9c96255d16c86b3a','04.00.00','default.png','cis-7000-usd-assets-versioned/Assets/campfire/contrib/material/default/texture/default.png','6f6441599cc045ae91530ecd6cc5a81e',NULL,'jT6YMl4XoZNaiw24YswAy3VYi7GlqRAa',NULL),('e67c3689d9d14b11b19dcfd880204951','06.00.00','default.png','cis-7000-usd-assets-versioned/Assets/kitchenaid/contrib/material/default/texture/default.png','66b74b32abd8459cbe41f434285a7691',NULL,'N9mmeKe799LXk48Wo5IsxFluLHAydJhS',NULL),('e6e45894e7f242528c19587286ec57db','05.00.00','material_default.usda','cis-7000-usd-assets-versioned/Assets/carrot/contrib/material/default/material_default.usda','6188a79945fa415f906a1c6463a497eb',NULL,'w5TfwQ7nV710AdcocRI2oXau53p8kvml',NULL),('e71e0cdc8c7c4f3bb1f411e035b9fe80','05.00.00','geometry_LOD0.usda','cis-7000-usd-assets-versioned/Assets/carrot/contrib/geometry/LOD0/geometry_LOD0.usda','6188a79945fa415f906a1c6463a497eb',NULL,'gjPMZF8ltngwWIANAoZmvuKqaIt.G0sp',NULL),('e7371595f5d04257bdfbe3f8fdd3a91c','04.00.00','material_default.usda','cis-7000-usd-assets-versioned/Assets/skateboard/contrib/material/default/material_default.usda','63cd5d6f9e9243fd9a6276093c547cf7',NULL,'ddLj26IayU_tyd_ezD3QlIKeFmoye5cV',NULL),('e74d5ffb4ae849508b759b5c19f71303','03.00.00','thumbnail.png','usd-asset-versions-dump/2025-assets-03.00.00/cartoonFish/thumbnail.png','f08cf286cf1b4110bdb5c6d03dfad92a',NULL,'nXghu9YiQj0TZF0N7mwWGOJ.w.wbc9Tr',NULL),('e7b518d92dfb491c9f0dc2505f02a768','03.00.00','metadata.json','usd-asset-versions-dump/2025-assets-03.00.00/campfire/metadata.json','6f6441599cc045ae91530ecd6cc5a81e',NULL,'zALadUO38U5UAy.EGpcvT7vV3GLScW_P',NULL),('e7bc3b7da9674642bbe41a40fcf16601','04.00.00','cafeTable.usd','cis-7000-usd-assets-versioned/Assets/cafeTable/cafeTable.usd','579fe0bad3f84b7babc143ab2952234e',NULL,'BMSOMjf7ToDN0YX2L4c9E2ssHk0kChrD',NULL),('e7c4a27b5fb0488ab8074f3672dd023b','04.00.00','geometry_LOD1.usda','cis-7000-usd-assets-versioned/Assets/yugiohClockArc/contrib/geometry/LOD1/geometry_LOD1.usda','4be817e19e11426ebeede52145732e77',NULL,'VaZi5ek4q94zKRMQzfcFhBABzd7TV4Ts',NULL),('e7fc73d8e937423ca488daa1b7b43b13','04.00.00','thumbnail.png','cis-7000-usd-assets-versioned/Assets/yellowDuck/contrib/.thumbs/thumbnail.png','39338164bc7f4fcaa1a14bc30beae3fe',NULL,'UYEH91diGwYhh8zpzwsZlIWqAgbqDngJ',NULL),('e868dc9a6b414f9ba6668521077ada45','05.00.00','geometry_LOD2.usda','cis-7000-usd-assets-versioned/Assets/paniniPress/contrib/geometry/LOD2/geometry_LOD2.usda','3dcf8a1dac8242a59f83c50df682fb69',NULL,'Knx9TLr_k7jbuoa0gzQL8z3nE9wl0mGn',NULL),('e875aaafec874e149484dd7a2e58ebad','01.00.00','parkBench.fbx','usd-asset-versions-dump/2025-assets-01.00.00/parkBench/parkBench.fbx','2df25bd14a5542aab9eaa23f1c3ccd1e',NULL,'Z2PEBCPpfYd6EEiKIqiaivE4MMiBJ4nK',NULL),('ea0c16df7d57432b8ea506c0a2501ecb','04.00.00','geometry_LOD0.usda','cis-7000-usd-assets-versioned/Assets/cafeTable/contrib/geometry/LOD0/geometry_LOD0.usda','579fe0bad3f84b7babc143ab2952234e',NULL,'Y9s2vnZt494VW650YEghwVIaU_O4ivDb',NULL),('ea78421d7b294325a2a40c75695b06ca','01.00.00','metadata.json','usd-asset-versions-dump/2025-assets-01.00.00/sittingMoomin/metadata.json','c0e55d851ea64aa4aeec27c29594a555',NULL,'_mjQY5ErMSgwW5WWSVPDseTkyagaIcOi',NULL),('eaa5f6fa94fe4eadbaa173a8615314c5','04.00.00','penTablet_material.usda','usd-asset-versions-dump/2024-assets-acquisition/penTablet/penTablet_material.usda','db17d0c2030049769e1ba2ea54d86114',NULL,'i0de79Nup3e62mxuN.T9kI8.I.eESLaU',NULL),('eafb2bd22ca7456d8994e0f2320daf02','04.00.00','geometry_LOD2.usda','cis-7000-usd-assets-versioned/Assets/yugiohClockArc/contrib/geometry/LOD2/geometry_LOD2.usda','4be817e19e11426ebeede52145732e77',NULL,'d3WvYnUn9jEuUHNKin5uQy027i5F5E9L',NULL),('ec2b8ee873e54de5bbbd092d2f657781','04.00.00','material_default.usda','cis-7000-usd-assets-versioned/Assets/sittingMoomin/contrib/material/default/material_default.usda','c0e55d851ea64aa4aeec27c29594a555',NULL,'wJe5mqJ1a8t9dUKf9SGMrwco_85lzkDr',NULL),('ec682351cd1d486dbd7f4962a7ba9a21','04.00.00','material_default.usda','cis-7000-usd-assets-versioned/Assets/yugiohClockArc/contrib/material/default/material_default.usda','4be817e19e11426ebeede52145732e77',NULL,'6ZKrw48V.zNFrRKM37b_7Cjtc8zCJ5..',NULL),('ec9c6a0594304635a028980dd6eb9745','04.00.00','geometry_LOD1.usda','cis-7000-usd-assets-versioned/Assets/bookStack/contrib/geometry/LOD1/geometry_LOD1.usda','082f328bf76a4d48be255c620a8cd280',NULL,'HJZ8cDhx26uHjUy9wX0jFZaacRf9XbIJ',NULL),('ed2b1e16b09f429fa770dbcd7bf56c9d','04.00.00','material.usda','cis-7000-usd-assets-versioned/Assets/cartoonFish/contrib/material/material.usda','f08cf286cf1b4110bdb5c6d03dfad92a',NULL,'hGdG4sxajyGC4Mhuswg1gk1D0ZRJ3hn1',NULL),('ed575d7777f347769d5f1cfc64532bac','04.00.00','material_default.usda','cis-7000-usd-assets-versioned/Assets/beegCrab/contrib/material/default/material_default.usda','f175fbe4933944a69d06e86c906622d6',NULL,'qQ1LRIJDfC745NzAMRMnBM2smzqj6zud',NULL),('ed5e2fa3588f403d8dbca6a533c0bf32','03.00.00','beegCrab_LOD0.usda','usd-asset-versions-dump/2025-assets-03.00.00/beegCrab/LODs/beegCrab_LOD0.usda','f175fbe4933944a69d06e86c906622d6',NULL,'odVEBeoZ2HdGhqRc9rB2n.7qZ9UBoBBT',NULL),('ee6af650b7674010bd8163aec0c365c5','04.00.00','default.png','cis-7000-usd-assets-versioned/Assets/yugiohClockArc/contrib/material/default/texture/default.png','4be817e19e11426ebeede52145732e77',NULL,'uPgh42tTETXSZ.K.dIgsCr6ul2DawDNU',NULL),('ee8c2c296c9d4bd7b37632509b0922ba','03.00.00','campfire_LOD1.usda','usd-asset-versions-dump/2025-assets-03.00.00/campfire/LODs/campfire_LOD1.usda','6f6441599cc045ae91530ecd6cc5a81e',NULL,'Sq.kEMerwmdfNAWbrq5ql._MKQvYsR74',NULL),('ef3595c308144eeeaf8155763abde9f8','05.00.00','geometry_bbox.usda','cis-7000-usd-assets-versioned/Assets/oldTelevision/contrib/geometry/bbox/geometry_bbox.usda','b6234f0922c94798ba12257342157faa',NULL,'4yuYq8QiBYpzPSZhFbO0YKiFwAsVqtG5',NULL),('ef3770bdb9bc4e29b21e142a1424f995','04.00.00','thumbnail.png','cis-7000-usd-assets-versioned/Assets/bookStack/contrib/.thumbs/thumbnail.png','082f328bf76a4d48be255c620a8cd280',NULL,'WSGLaWaqgju2AGBILZBxsdf5ejHmxdMp',NULL),('ef3ec2d02bdb433eb561af585800616d','04.00.00','teapot.usd','cis-7000-usd-assets-versioned/Assets/teapot/teapot.usd','f5e189a845fb4ed3930a81263a21bf99',NULL,'haucTJYMaOd_9AggUDodNf_JJoW3TMdi',NULL),('efa1f79f98914b9aa9cf923f5688444f','01.00.00','metadata.json','usd-asset-versions-dump/2025-assets-01.00.00/parkBench/metadata.json','2df25bd14a5542aab9eaa23f1c3ccd1e',NULL,'FEkPV9zSrU6sNt7HiPeuOBh63RC8tooC',NULL),('f00554b692884d969c5350100c950009','02.00.00','sittingMoomin_LOD2.usda','usd-asset-versions-dump/2025-assets-02.00.00/sittingMoomin/LODs/sittingMoomin_LOD2.usda','c0e55d851ea64aa4aeec27c29594a555',NULL,'ncgjhjzv9GNyJOKgo_WPQRfomqF1LrxB',NULL),('f03a775e84a6475591703dc5c19ff311','04.00.00','default.png','cis-7000-usd-assets-versioned/Assets/yellowDuck/contrib/material/default/texture/default.png','39338164bc7f4fcaa1a14bc30beae3fe',NULL,'R_KPwkE3S7xc82IPhuCFty.nKU1R0giP',NULL),('f08eff053ca043fb96887f69a3ce6b05','03.00.00','bookStack.usda','usd-asset-versions-dump/2025-assets-03.00.00/bookStack/bookStack.usda','082f328bf76a4d48be255c620a8cd280',NULL,'0gBZoIEk_gYhG3X_u_Ss75RrIoBxnm6e',NULL),('f0e8be28359c434cb70a0de6f9fe82cf','05.00.00','geometry_bbox.usda','cis-7000-usd-assets-versioned/Assets/carrot/contrib/geometry/bbox/geometry_bbox.usda','6188a79945fa415f906a1c6463a497eb',NULL,'bv6DZnNeiThAzB3UJybMGcRbEv69ZXLn',NULL),('f11847db15de4ae69fe1d1067c836240','04.00.00','geometry_bbox.usda','cis-7000-usd-assets-versioned/Assets/campfire/contrib/geometry/bbox/geometry_bbox.usda','6f6441599cc045ae91530ecd6cc5a81e',NULL,'MNkLU6vBLmg48sMo_PsCyN7g4ie8_XNY',NULL),('f1b8bfb6ae894763b0c9627a5dee83e8','04.00.00','geometry_LOD1.usda','cis-7000-usd-assets-versioned/Assets/campfire/contrib/geometry/LOD1/geometry_LOD1.usda','6f6441599cc045ae91530ecd6cc5a81e',NULL,'q.3CqAn7RI11JTR5L6sWNXWLAUO2UiG7',NULL),('f21992b45b154d818afd7dcf9f0f7ddd','04.00.00','geometry.usda','cis-7000-usd-assets-versioned/Assets/teapot/contrib/geometry/geometry.usda','f5e189a845fb4ed3930a81263a21bf99',NULL,'JHgROPvnKUzloCZSzYrz_Jhe7elLCfYK',NULL),('f234feb6b0624defa6552a096f85e912','04.00.00','rocks.png','cis-7000-usd-assets-versioned/Assets/campfire/contrib/material/rocks/texture/rocks.png','6f6441599cc045ae91530ecd6cc5a81e',NULL,'pDg36jRUONsN7SjuCBB37Ss45NB0qhY2',NULL),('f288b5f24de4418ba51a0231578e08e4','03.00.00','thumbnail.png','usd-asset-versions-dump/2025-assets-03.00.00/yellowDuck/thumbnail.png','39338164bc7f4fcaa1a14bc30beae3fe',NULL,'3iPm9krmAWR_dpoX02m_FJHIPc2eVT7S',NULL),('f28d9d926ded4b7ea52c1b8a4b981c0e','06.00.00','geometry_bbox.usda','cis-7000-usd-assets-versioned/Assets/kitchenaid/contrib/geometry/bbox/geometry_bbox.usda','66b74b32abd8459cbe41f434285a7691',NULL,'4cAehokgmOTGuZHRAYClJK1gTL9SUYHk',NULL),('f2b18a7e57ce4302b513e0de4d0cf209','04.00.00','geometry_bbox.usda','cis-7000-usd-assets-versioned/Assets/bookStack/contrib/geometry/bbox/geometry_bbox.usda','082f328bf76a4d48be255c620a8cd280',NULL,'6uOpeFKr8LqFuol9KcsDqpag1hidw7ay',NULL),('f351626e2e2940e0bc11adf3c83d61bc','04.00.00','geometry_LOD2.usda','cis-7000-usd-assets-versioned/Assets/campfire/contrib/geometry/LOD2/geometry_LOD2.usda','6f6441599cc045ae91530ecd6cc5a81e',NULL,'PNVauLZll9mAoBdJRmEg7h1Z2Ti69i7k',NULL),('f38bb7aee72f41a9871dafd164bb5f4c','05.00.00','geometry_LOD1.usda','cis-7000-usd-assets-versioned/Assets/wineGlass/contrib/geometry/LOD1/geometry_LOD1.usda','31c39c346b394a1f90cf0a00f1c4a6ef',NULL,'l7Mr6qBnmZLSWG22nO6LAl9n3yl0t8LJ',NULL),('f3b20911dd514171aa913296b90726c3','03.00.00','teapot_LOD2.usda','usd-asset-versions-dump/2025-assets-03.00.00/teapot/LODs/teapot_LOD2.usda','f5e189a845fb4ed3930a81263a21bf99',NULL,'79mJ7x2dX7cUijXh7huwPVWK7bq_yi_e',NULL),('f42c73add9da46e6a74c93c3ce876e0a','04.00.00','geometry_LOD2.usda','cis-7000-usd-assets-versioned/Assets/yugiohClockArc/contrib/geometry/LOD2/geometry_LOD2.usda','4be817e19e11426ebeede52145732e77',NULL,'7LZ98IOEvAfY3ZCWoYVlJlr6L74on1zW',NULL),('f459c5f83b154a51907e26ed4a1141d8','04.00.00','vintageLamp_LOD1.usda','usd-asset-versions-dump/2025-assets-03.00.00/vintageLamp/LODs/vintageLamp_LOD1.usda','c4449799e71a4ce88999ea44a86e067b',NULL,'gm7c6EU4AoaY8SXCvngwYzOtJlEMKLOw',NULL),('f489b40609f241609d313f59a3bd2be0','04.00.00','material_default.usda','cis-7000-usd-assets-versioned/Assets/sittingMoomin/contrib/material/default/material_default.usda','c0e55d851ea64aa4aeec27c29594a555',NULL,'QINUJqFyu2xCWuglVjDm5l6AYjeK49uA',NULL),('f4972b1dfbc049bb9fcb8180e0ee92b2','01.00.00','metadata.json','usd-asset-versions-dump/2025-assets-01.00.00/teapot/metadata.json','f5e189a845fb4ed3930a81263a21bf99',NULL,'kAAL3Lay_ASEuVZLHiPKTc8y4cSJv78U',NULL),('f49d2e43251441b3b6276972d8504425','04.00.00','penTabletLOD1.usda','usd-asset-versions-dump/2024-assets-acquisition/penTablet/penTabletLOD1.usda','db17d0c2030049769e1ba2ea54d86114',NULL,'Ji7kAD4rZ1qrNJAbpwp7oKwp_.OwNyUz',NULL),('f55c2b5e468246ea8463c4d24e4fb528','03.00.00','yellowDuck_LOD0.usda','usd-asset-versions-dump/2025-assets-03.00.00/yellowDuck/LODs/yellowDuck_LOD0.usda','39338164bc7f4fcaa1a14bc30beae3fe',NULL,'Cy.AmDIbFExQINb4GG8gftbixbjErkuq',NULL),('f57c9deb98fc46a693dc32b5bd6b7217','04.00.00','geometry_bbox.usda','cis-7000-usd-assets-versioned/Assets/bookStack/contrib/geometry/bbox/geometry_bbox.usda','082f328bf76a4d48be255c620a8cd280',NULL,'aouVra5IvUrzuL28ZUxm2wfc4xh..Tsd',NULL),('f5876d2148b343abb7debb064f8a2331','02.00.00','metadata.json','usd-asset-versions-dump/2025-assets-02.00.00/cartoonFish/metadata.json','f08cf286cf1b4110bdb5c6d03dfad92a',NULL,'iTBZA7KsJrzqSYOxYidYEKVl3_Xa7r0V',NULL),('f66001bd0b384dae88059be396ed9f55','04.00.00','default.png','cis-7000-usd-assets-versioned/Assets/parkBench/contrib/material/default/texture/default.png','2df25bd14a5542aab9eaa23f1c3ccd1e',NULL,'9qqBvQc.TI6eJuz_77H2C8Wvdrsjyl2w',NULL),('f682e6aa37ad4a30b8ec13716bcbb927','03.00.00','yellowDuck.usda','usd-asset-versions-dump/2025-assets-03.00.00/yellowDuck/yellowDuck.usda','39338164bc7f4fcaa1a14bc30beae3fe',NULL,'TXzx2CQNGi3ZAjYfHjIBbWL8dIPpzghH',NULL),('f69939bfdeec4dc8991d58ea62dadffa','04.00.00','default.png','cis-7000-usd-assets-versioned/Assets/cafeTable/contrib/material/default/texture/default.png','579fe0bad3f84b7babc143ab2952234e',NULL,'bTk7.OECfb1bZKo3pg_94i84mBZUOnHY',NULL),('f6fc431c912542a889e2562652393058','04.00.00','sushi_material.usda','usd-asset-versions-dump/2024-assets-acquisition/sushi/sushi_material.usda','2c7ef29f88474ded95eb449ebb264ead',NULL,'Vl36TaobWBwnwvzOHbkxcDUTkp8b7Qdj',NULL),('f721d4d57f7344bcbe071582f332623d','04.00.00','default.png','cis-7000-usd-assets-versioned/Assets/pickleBarrels/contrib/material/default/texture/default.png','a0d5c1f281f046cd9ff2287dfed6cd63',NULL,'WCX1G460_jBSTsC6lpmD_zPw8.SMGLsA',NULL),('f7243291d64849b8b35aa7bcf81bce02','05.00.00','woodenChair.usd','cis-7000-usd-assets-versioned/Assets/woodenChair/woodenChair.usd','b7d69121f36340adbdb7bed776c42a8d',NULL,'8VLEnY3Mmb42oJ9BMbU6gIhFKT5Xitil',NULL),('f7e6e3a992414a17abb896af4d5d29b2','04.00.00','geometry.usda','cis-7000-usd-assets-versioned/Assets/pickleBarrels/contrib/geometry/geometry.usda','a0d5c1f281f046cd9ff2287dfed6cd63',NULL,'c42QdK0QbIwzEqTO2y9pfOS4lpgi09Sq',NULL),('f84088e39af8454b857649f65673ae69','04.00.00','geometry_bbox.usda','cis-7000-usd-assets-versioned/Assets/teapot/contrib/geometry/bbox/geometry_bbox.usda','f5e189a845fb4ed3930a81263a21bf99',NULL,'7V55Wc1EuUjjiVv2VvN0XSphJoFCOJ6m',NULL),('f877ba15ed6b4119ab2371b97e4a4182','05.00.00','material_default.usda','cis-7000-usd-assets-versioned/Assets/sushi/contrib/material/default/material_default.usda','2c7ef29f88474ded95eb449ebb264ead',NULL,'LW0fa2i3PqANDvtv6xVIB8nZj7uzLWK8',NULL),('f89e4d0d1d594f3f84986799fa362bc4','02.00.00','thumbnail.png','usd-asset-versions-dump/2025-assets-02.00.00/bookStack/thumbnail.png','082f328bf76a4d48be255c620a8cd280',NULL,'AqdNuphviQqFeLU1aoYvlIOFyfl.wAzb',NULL),('f8c53253a4ef40f3bc9489736a470c5f','04.00.00','material.usda','cis-7000-usd-assets-versioned/Assets/flatTeapot/contrib/material/material.usda','3d283193f6b54cf0a233a5b83ed95819',NULL,'iTgVykb68Jo49xnNCcy97llkmnXeMp4N',NULL),('f9d6da0df0524634bf86743c198b5a15','05.00.00','geometry.usda','cis-7000-usd-assets-versioned/Assets/oldTelevision/contrib/geometry/geometry.usda','b6234f0922c94798ba12257342157faa',NULL,'gRbGDarOS4EG_uX1FsMJjmZfWHrW5FiE',NULL),('f9de3c3082e242c68625359970f85686','03.00.00','teapot_LOD1.usda','usd-asset-versions-dump/2025-assets-03.00.00/teapot/LODs/teapot_LOD1.usda','f5e189a845fb4ed3930a81263a21bf99',NULL,'y2noQJpkKw_L89zQvkFeP0gc6n1QMl1.',NULL),('fa18326764e946fea777e4a2a67bc549','01.00.00','metadata.json','usd-asset-versions-dump/2025-assets-01.00.00/cartoonFish/metadata.json','f08cf286cf1b4110bdb5c6d03dfad92a',NULL,'lmuRVhHkop.IhzeXD5YB3XH4xf7YL65b',NULL),('fa7c142f4c3c4a3c97c407202eb0bbc9','01.00.00','metadata.json','usd-asset-versions-dump/2025-assets-01.00.00/yugiohClockArc/metadata.json','4be817e19e11426ebeede52145732e77',NULL,'xqEx0SZHbDE9mlpGgzErjkBblh4mGsKb',NULL),('fa85d6b8909542cea5d0a3aa8364196d','05.00.00','default.png','cis-7000-usd-assets-versioned/Assets/sushi/contrib/material/default/texture/default.png','2c7ef29f88474ded95eb449ebb264ead',NULL,'vU.Bo.nH9Sz7aA9x442uKj5eHHEeqkri',NULL),('fa91348aa5024fa18ed2d78ecde3a356','05.00.00','geometry_LOD1.usda','cis-7000-usd-assets-versioned/Assets/sushi/contrib/geometry/LOD1/geometry_LOD1.usda','2c7ef29f88474ded95eb449ebb264ead',NULL,'tGj8wkRfbp3hf_SiO3ZzWdpSYHD_RTI_',NULL),('fb4a8ee196ae487caaf148ef6929e617','05.00.00','geometry_LOD2.usda','cis-7000-usd-assets-versioned/Assets/wineGlass/contrib/geometry/LOD2/geometry_LOD2.usda','31c39c346b394a1f90cf0a00f1c4a6ef',NULL,'0cQmvfaoKxFClMQwGmZt4.IU_xh7N78z',NULL),('fb94db9b7d66424a92ae2ff63e1a0cb7','04.00.00','geometry.usda','cis-7000-usd-assets-versioned/Assets/beegCrab/contrib/geometry/geometry.usda','f175fbe4933944a69d06e86c906622d6',NULL,'Fy8mtRcti6XOqwsSCTXsOu5jYmljzBz2',NULL),('fba72acb7fad470680258b508d3e2424','05.00.00','geometry_LOD0.usda','cis-7000-usd-assets-versioned/Assets/woodenChair/contrib/geometry/LOD0/geometry_LOD0.usda','b7d69121f36340adbdb7bed776c42a8d',NULL,'ZgUfntZ4WXMLWYz2AVfLBGcvzhYrsIqT',NULL),('fbc3ffec12884eb9803960c37842f2c9','03.00.00','vintageLamp.fbx','usd-asset-versions-dump/2025-assets-02.00.00/vintageLamp/vintageLamp.fbx','c4449799e71a4ce88999ea44a86e067b',NULL,'oJnYgnQGbJxQw4hDlWrGRHpheq9ddYQF',NULL),('fc5ea5c410c047f7a0f17089363b4bc3','01.00.00','metadata.json','usd-asset-versions-dump/2025-assets-01.00.00/beegCrab/metadata.json','f175fbe4933944a69d06e86c906622d6',NULL,'.cHCzYIR25er5O6ocIbJ98kDJi2DetFD',NULL),('fc8626e426164d9281a6b7d16c323edd','03.00.00','teapot.usda','usd-asset-versions-dump/2025-assets-03.00.00/teapot/teapot.usda','f5e189a845fb4ed3930a81263a21bf99',NULL,'xdttkKhcqX3aObSqdxF2pgTOHLjQxwkW',NULL),('fcc917b1576946aeb7cc97e6305568ce','05.00.00','woodenChair.usd','cis-7000-usd-assets-versioned/Assets/woodenChair/woodenChair.usd','b7d69121f36340adbdb7bed776c42a8d',NULL,'Hz7rFXeKzU8BnHi72DM.KdqNrTdpNdDn',NULL),('fd886ed9beec4c308334b5c07e2ac639','04.00.00','geometry_bbox.usda','cis-7000-usd-assets-versioned/Assets/cafeTable/contrib/geometry/bbox/geometry_bbox.usda','579fe0bad3f84b7babc143ab2952234e',NULL,'2a.DaXuPq46pMU8tSq0dVIKN.b9.0Kf2',NULL),('fdcefd4625a94361b10c0726c9d68059','03.00.00','thumbnail.png','usd-asset-versions-dump/2025-assets-03.00.00/cafeTable/thumbnail.png','579fe0bad3f84b7babc143ab2952234e',NULL,'2FIuC_9WbvAGenOKC3rl9_dEneaG2D5z',NULL),('fe3c3e86f78445dc87243f48f1a2a99a','04.00.00','default.png','cis-7000-usd-assets-versioned/Assets/parkBench/contrib/material/default/texture/default.png','2df25bd14a5542aab9eaa23f1c3ccd1e',NULL,'4KCLTNNBUSZD4gzG_uXUAtX60azOoA32',NULL),('fe44e87b1b41426282362ee7db1f0319','02.00.00','thumbnail.png','usd-asset-versions-dump/2025-assets-02.00.00/parkBench/thumbnail.png','2df25bd14a5542aab9eaa23f1c3ccd1e',NULL,'AAvRemuts4BMba.aFNbxi1vgJ0VmEghR',NULL),('ff21cfde082f43758f1efe816b5e6020','05.00.00','kitchenaid.usda','usd-asset-versions-dump/2024-assets-acquisition/kitchenaid/kitchenaid.usda','66b74b32abd8459cbe41f434285a7691',NULL,'.rsdeCqNNyEwWq.PUUOK0QfVRTNLbWQY',NULL),('ff51fd7c19a34f42a8786dfd9af5bc4f','04.00.00','penTablet_model.usda','usd-asset-versions-dump/2024-assets-acquisition/penTablet/penTablet_model.usda','db17d0c2030049769e1ba2ea54d86114',NULL,'6k0LqJvnxGKOBaa6JiGotX2U28_aPGfj',NULL);
/*!40000 ALTER TABLE `library_sublayer` ENABLE KEYS */;
UNLOCK TABLES;

--
-- Table structure for table `library_sublayer_externalDependencies`
--

DROP TABLE IF EXISTS `library_sublayer_externalDependencies`;
/*!40101 SET @saved_cs_client     = @@character_set_client */;
/*!50503 SET character_set_client = utf8mb4 */;
CREATE TABLE `library_sublayer_externalDependencies` (
  `id` bigint NOT NULL AUTO_INCREMENT,
  `sublayer_id` char(32) NOT NULL,
  `asset_id` char(32) NOT NULL,
  PRIMARY KEY (`id`),
  UNIQUE KEY `library_sublayer_externa_sublayer_id_asset_id_89427688_uniq` (`sublayer_id`,`asset_id`),
  KEY `library_sublayer_ext_asset_id_1ef00df2_fk_library_a` (`asset_id`),
  CONSTRAINT `library_sublayer_ext_asset_id_1ef00df2_fk_library_a` FOREIGN KEY (`asset_id`) REFERENCES `library_asset` (`id`),
  CONSTRAINT `library_sublayer_ext_sublayer_id_874345ae_fk_library_s` FOREIGN KEY (`sublayer_id`) REFERENCES `library_sublayer` (`id`)
) ENGINE=InnoDB DEFAULT CHARSET=utf8mb4 COLLATE=utf8mb4_0900_ai_ci;
/*!40101 SET character_set_client = @saved_cs_client */;

--
-- Dumping data for table `library_sublayer_externalDependencies`
--

LOCK TABLES `library_sublayer_externalDependencies` WRITE;
/*!40000 ALTER TABLE `library_sublayer_externalDependencies` DISABLE KEYS */;
/*!40000 ALTER TABLE `library_sublayer_externalDependencies` ENABLE KEYS */;
UNLOCK TABLES;

--
-- Table structure for table `library_sublayer_internalDependencies`
--

DROP TABLE IF EXISTS `library_sublayer_internalDependencies`;
/*!40101 SET @saved_cs_client     = @@character_set_client */;
/*!50503 SET character_set_client = utf8mb4 */;
CREATE TABLE `library_sublayer_internalDependencies` (
  `id` bigint NOT NULL AUTO_INCREMENT,
  `from_sublayer_id` char(32) NOT NULL,
  `to_sublayer_id` char(32) NOT NULL,
  PRIMARY KEY (`id`),
  UNIQUE KEY `library_sublayer_interna_from_sublayer_id_to_subl_fab47004_uniq` (`from_sublayer_id`,`to_sublayer_id`),
  KEY `library_sublayer_int_to_sublayer_id_c5994e73_fk_library_s` (`to_sublayer_id`),
  CONSTRAINT `library_sublayer_int_from_sublayer_id_9a6e664f_fk_library_s` FOREIGN KEY (`from_sublayer_id`) REFERENCES `library_sublayer` (`id`),
  CONSTRAINT `library_sublayer_int_to_sublayer_id_c5994e73_fk_library_s` FOREIGN KEY (`to_sublayer_id`) REFERENCES `library_sublayer` (`id`)
) ENGINE=InnoDB DEFAULT CHARSET=utf8mb4 COLLATE=utf8mb4_0900_ai_ci;
/*!40101 SET character_set_client = @saved_cs_client */;

--
-- Dumping data for table `library_sublayer_internalDependencies`
--

LOCK TABLES `library_sublayer_internalDependencies` WRITE;
/*!40000 ALTER TABLE `library_sublayer_internalDependencies` DISABLE KEYS */;
/*!40000 ALTER TABLE `library_sublayer_internalDependencies` ENABLE KEYS */;
UNLOCK TABLES;

--
-- Table structure for table `library_sublayer_status`
--

DROP TABLE IF EXISTS `library_sublayer_status`;
/*!40101 SET @saved_cs_client     = @@character_set_client */;
/*!50503 SET character_set_client = utf8mb4 */;
CREATE TABLE `library_sublayer_status` (
  `id` bigint NOT NULL AUTO_INCREMENT,
  `sublayer_id` char(32) NOT NULL,
  `statustag_id` bigint NOT NULL,
  PRIMARY KEY (`id`),
  UNIQUE KEY `library_sublayer_status_sublayer_id_statustag_id_a6ddc361_uniq` (`sublayer_id`,`statustag_id`),
  KEY `library_sublayer_sta_statustag_id_c09f5b25_fk_library_s` (`statustag_id`),
  CONSTRAINT `library_sublayer_sta_statustag_id_c09f5b25_fk_library_s` FOREIGN KEY (`statustag_id`) REFERENCES `library_statustag` (`id`),
  CONSTRAINT `library_sublayer_sta_sublayer_id_2abc5d82_fk_library_s` FOREIGN KEY (`sublayer_id`) REFERENCES `library_sublayer` (`id`)
) ENGINE=InnoDB AUTO_INCREMENT=1001 DEFAULT CHARSET=utf8mb4 COLLATE=utf8mb4_0900_ai_ci;
/*!40101 SET character_set_client = @saved_cs_client */;

--
-- Dumping data for table `library_sublayer_status`
--

LOCK TABLES `library_sublayer_status` WRITE;
/*!40000 ALTER TABLE `library_sublayer_status` DISABLE KEYS */;
INSERT INTO `library_sublayer_status` VALUES (885,'00bdc51277754fd08faa83ae020f7740',2),(886,'00bdc51277754fd08faa83ae020f7740',3),(89,'00e8a5b23397433996c025db38a14596',1),(947,'02be432d29d04f05a95cd6c692a13bef',2),(948,'02be432d29d04f05a95cd6c692a13bef',3),(759,'03714a629e754fe0ae8864d6c30dbf28',2),(760,'03714a629e754fe0ae8864d6c30dbf28',3),(257,'044c7bf3b2d24e5a96d72658e8a1451b',1),(275,'0471910665e5468980f5e4081f1fbfa6',2),(276,'0471910665e5468980f5e4081f1fbfa6',3),(379,'04a9b863a2a9415a81f9af8496a1dd0f',1),(907,'05dd0f5e75a342daa91f25b72669d375',2),(908,'05dd0f5e75a342daa91f25b72669d375',3),(717,'06e2765e503048e285e9526856ffa577',2),(718,'06e2765e503048e285e9526856ffa577',3),(631,'07334c51a3df4e36b7cb39a48c4dc6f3',2),(632,'07334c51a3df4e36b7cb39a48c4dc6f3',3),(899,'082526dbe3ed44f088d767de324e52f7',2),(900,'082526dbe3ed44f088d767de324e52f7',3),(450,'0973bfbd7460432a93107d36dd49ceb9',2),(451,'0973bfbd7460432a93107d36dd49ceb9',3),(62,'0999d71e69eb433fb183cf445942aed8',2),(63,'0999d71e69eb433fb183cf445942aed8',3),(893,'0aa360bddc964210832e6813f1378b94',2),(894,'0aa360bddc964210832e6813f1378b94',3),(58,'0af48450c891478c8ebd2bec761dbffb',2),(59,'0af48450c891478c8ebd2bec761dbffb',3),(150,'0b01df064c164df7a7ea850f58f158e7',2),(151,'0b01df064c164df7a7ea850f58f158e7',3),(825,'0bcea527322d44a8abc7ff1c677a8736',2),(826,'0bcea527322d44a8abc7ff1c677a8736',3),(889,'0c248cd88c224d9998471fa44dc6228e',2),(890,'0c248cd88c224d9998471fa44dc6228e',3),(230,'0cd6e274afd54daaae98dda4a24d045b',1),(442,'0d068999162b4639b91e6201c09daede',2),(443,'0d068999162b4639b91e6201c09daede',3),(477,'0d6760c48b3348d5975190d49b8d8a36',2),(478,'0d6760c48b3348d5975190d49b8d8a36',3),(287,'0d6a67f7c2e04d9ba7094a554aef5e65',2),(288,'0d6a67f7c2e04d9ba7094a554aef5e65',3),(326,'0e3c2629d4be44f18444ffc82fbd4bd3',2),(327,'0e3c2629d4be44f18444ffc82fbd4bd3',3),(177,'0e8c4e962d924bd88b096fca61c52a5e',2),(178,'0e8c4e962d924bd88b096fca61c52a5e',3),(939,'0f6214dc34504c10938ebb874e8a90ae',2),(940,'0f6214dc34504c10938ebb874e8a90ae',3),(191,'0f977376176f4cacb0dd5e388ee292e8',2),(192,'0f977376176f4cacb0dd5e388ee292e8',3),(813,'0facb9393f9a4e35bb75c5f46d7d7a8c',2),(814,'0facb9393f9a4e35bb75c5f46d7d7a8c',3),(84,'10e9983ac06e493fadc1571d1759ac1c',2),(85,'10e9983ac06e493fadc1571d1759ac1c',3),(877,'1317b5e8b993488dba088ec532b1daa4',2),(878,'1317b5e8b993488dba088ec532b1daa4',3),(997,'13cc3cd59f064aa8a12d7fda153738df',2),(998,'13cc3cd59f064aa8a12d7fda153738df',3),(571,'144a69c97af7498fa7ecf527dc510a3d',2),(572,'144a69c97af7498fa7ecf527dc510a3d',3),(127,'14ea0602ddaa43f09d8f656a1538641d',2),(128,'14ea0602ddaa43f09d8f656a1538641d',3),(348,'155fe32a11f945aab30f4cc351443f6c',2),(349,'155fe32a11f945aab30f4cc351443f6c',3),(743,'15b99bd50fc849f088ea634b394691a5',2),(744,'15b99bd50fc849f088ea634b394691a5',3),(595,'16c21e481acd4ad393db97b2f5aae91d',2),(596,'16c21e481acd4ad393db97b2f5aae91d',3),(641,'17c47250003d4649a550318f4a01ecb1',2),(642,'17c47250003d4649a550318f4a01ecb1',3),(125,'17e6d2d9889441deb9130d0a879afd3a',2),(126,'17e6d2d9889441deb9130d0a879afd3a',3),(236,'18b2b5525f7a4d9599c0dbe029a1c926',2),(237,'18b2b5525f7a4d9599c0dbe029a1c926',3),(262,'18d99b4b317f4dd7ac683732d822140d',1),(376,'1918ef6e12d1425ca0ee245f240f92a5',1),(167,'196d0687229b414eb9e61aea2ee1b189',1),(505,'197feb8e4a5a416cb14fc6dfb9b385c5',2),(506,'197feb8e4a5a416cb14fc6dfb9b385c5',3),(399,'199ff1d5f0164f2682e2acb5fff17c1d',1),(951,'1b457f71a7cf4463b78410c7db6536a4',2),(952,'1b457f71a7cf4463b78410c7db6536a4',3),(557,'1c559b960a344fd696982fc13842df1e',2),(558,'1c559b960a344fd696982fc13842df1e',3),(19,'1c82399215254ea09dd7cc704874f531',1),(497,'1ce67609267c4bfd86ba1094bf21d094',2),(498,'1ce67609267c4bfd86ba1094bf21d094',3),(401,'1d724c39e4704147b8576a5c7f5bdfc2',1),(841,'1d8aebae1c69434991895fa3089c1d9e',2),(842,'1d8aebae1c69434991895fa3089c1d9e',3),(553,'1e300aef29244c009f4a7a420d39cbed',2),(554,'1e300aef29244c009f4a7a420d39cbed',3),(256,'1e4a31e3763d4d4eb8f0f9b1cdc6f4ce',1),(228,'1edd3b9caf294d0985d217808af802c6',1),(853,'1f03c01f3dcf44e1be3189794b47d1b6',2),(854,'1f03c01f3dcf44e1be3189794b47d1b6',3),(819,'1fbf243d2d92454b91504f384227f0b8',2),(820,'1fbf243d2d92454b91504f384227f0b8',3),(205,'201ead12b274406b92314826cd38ffeb',2),(206,'201ead12b274406b92314826cd38ffeb',3),(509,'2040f1019ebf4901b5e7f35275fe1928',2),(510,'2040f1019ebf4901b5e7f35275fe1928',3),(86,'20b06fbe1e2646a48fb12a59027add9f',1),(52,'21a409930c2641d896d3ea33ae086c0f',2),(53,'21a409930c2641d896d3ea33ae086c0f',3),(575,'21c09de93c1644249496f07bb8200bf8',2),(576,'21c09de93c1644249496f07bb8200bf8',3),(154,'229dcef855874811942c6a424b759f19',2),(155,'229dcef855874811942c6a424b759f19',3),(43,'22bd359023be4ea9a1430b002e7754c2',1),(402,'22c57368c3b54d89a64b5f47e07161d6',1),(142,'240795cb50204e6bac396296e43707ba',2),(143,'240795cb50204e6bac396296e43707ba',3),(965,'24cebd8487334d4fa5f4e0266fc46398',2),(966,'24cebd8487334d4fa5f4e0266fc46398',3),(891,'24ebb0cbd1a04acd8b0af9a4f7c3fcbc',2),(892,'24ebb0cbd1a04acd8b0af9a4f7c3fcbc',3),(619,'251b88a71b3e4294bea213769efdfd33',2),(620,'251b88a71b3e4294bea213769efdfd33',3),(913,'25da7eb8743f4a6488466666fbf42b23',2),(914,'25da7eb8743f4a6488466666fbf42b23',3),(953,'26cc63266c6348ca948a84daa9cb46cf',2),(954,'26cc63266c6348ca948a84daa9cb46cf',3),(113,'2788ad36be4b446f9d691186e25102b8',1),(977,'2880dd4a09dc40219d8b3e2e15acdef0',2),(978,'2880dd4a09dc40219d8b3e2e15acdef0',3),(5,'29acecbc2fe444bf8fdda66587d13606',2),(6,'29acecbc2fe444bf8fdda66587d13606',3),(199,'2a4f75f13afb4c84bbe3495f656cb2cd',2),(200,'2a4f75f13afb4c84bbe3495f656cb2cd',3),(577,'2a5561669adf4c62a53a0405586d4840',2),(578,'2a5561669adf4c62a53a0405586d4840',3),(82,'2b2df44740f3423cbc48b959a3eae909',2),(83,'2b2df44740f3423cbc48b959a3eae909',3),(797,'2b4a2e3ea0e648888aa410d0b80eb75d',2),(798,'2b4a2e3ea0e648888aa410d0b80eb75d',3),(414,'2b8aee9780a54593993f9523eebd8bdd',2),(415,'2b8aee9780a54593993f9523eebd8bdd',3),(821,'2b94961ec244444185023357a7263f8b',2),(822,'2b94961ec244444185023357a7263f8b',3),(843,'2bb3563d79af48a98bfaaea8ca777a34',2),(844,'2bb3563d79af48a98bfaaea8ca777a34',3),(393,'2c3f09b59eb049918f66c4e00ebf1a62',2),(394,'2c3f09b59eb049918f66c4e00ebf1a62',3),(521,'2c4d6b617c5d4c07a083cb57def43d0b',2),(522,'2c4d6b617c5d4c07a083cb57def43d0b',3),(368,'2d76cd1b76714cb2860fc1e0ee68d666',2),(369,'2d76cd1b76714cb2860fc1e0ee68d666',3),(328,'2dd34414c53f45798923f82afc3bff83',2),(329,'2dd34414c53f45798923f82afc3bff83',3),(543,'2ee3c49cb8724e6a8f49f7ce92855dcd',2),(544,'2ee3c49cb8724e6a8f49f7ce92855dcd',3),(955,'2f73f174d6234e458105b4698513b3a2',2),(956,'2f73f174d6234e458105b4698513b3a2',3),(263,'30c5fb1366024230acdbaea5c310ee6c',2),(264,'30c5fb1366024230acdbaea5c310ee6c',3),(412,'31453591a8c94ad3b04eb4299ae6700d',2),(413,'31453591a8c94ad3b04eb4299ae6700d',3),(282,'31949ff56cd84ed08bc36fda80fa6c07',1),(403,'3225012ff11f49b9815161768efc01a5',1),(406,'32c37c9962c44814a7041566293e0558',1),(559,'338b0af6b46a454381a1e14f78a52443',2),(560,'338b0af6b46a454381a1e14f78a52443',3),(387,'33a7065d5f6f4177923327fcd6d3b776',2),(388,'33a7065d5f6f4177923327fcd6d3b776',3),(188,'33d1336a8487400f9b970df309effd06',1),(527,'33f4a2237d2342a1adbc6b8e562522f6',2),(528,'33f4a2237d2342a1adbc6b8e562522f6',3),(427,'347e8495f19344ff9c5e5d835bc9ba2e',1),(432,'34827e20920a4aae8415053472ecb911',2),(433,'34827e20920a4aae8415053472ecb911',3),(519,'34ad02514cbe4cf7ba2ea083f1570a58',2),(520,'34ad02514cbe4cf7ba2ea083f1570a58',3),(374,'34b9f8ebebeb447fac5fe1ac6f58c185',1),(993,'3520886754df41a6b6fb36b7e3c252c7',2),(994,'3520886754df41a6b6fb36b7e3c252c7',3),(849,'35afceb6bcbd479b890224a15c7397f5',2),(850,'35afceb6bcbd479b890224a15c7397f5',3),(735,'3613fc0c419549e5834ee331db511ce9',2),(736,'3613fc0c419549e5834ee331db511ce9',3),(827,'3772f6ef08b34c0a9cf6f910b210fcee',2),(828,'3772f6ef08b34c0a9cf6f910b210fcee',3),(407,'37bb7cbace6a4d6dbcdda75600557ba5',1),(621,'37ea8ba54e004e4882dfc1254c7e4de5',2),(622,'37ea8ba54e004e4882dfc1254c7e4de5',3),(845,'38a6121bd3444d7ab5759be1c702b08a',2),(846,'38a6121bd3444d7ab5759be1c702b08a',3),(20,'38e6b85ce5034999ab8e0382457af21a',1),(677,'39ebc668c8db4fe08f183abd6cdb697d',2),(678,'39ebc668c8db4fe08f183abd6cdb697d',3),(745,'3a029cbfbbf14efc94c3a1cb5e1b9412',2),(746,'3a029cbfbbf14efc94c3a1cb5e1b9412',3),(579,'3ac0e9158802486e9bc3c3241f7eb095',2),(580,'3ac0e9158802486e9bc3c3241f7eb095',3),(107,'3ac6eb23b78e49d49eda2ed965d0720e',2),(108,'3ac6eb23b78e49d49eda2ed965d0720e',3),(723,'3baaa8f68f6c4bbab1e0277cd9b2b34e',2),(724,'3baaa8f68f6c4bbab1e0277cd9b2b34e',3),(260,'3bded8793d9b41d1b3ea004dd9848e30',1),(381,'3c28e572e0fe4645ba50ff3c4d5315e5',2),(382,'3c28e572e0fe4645ba50ff3c4d5315e5',3),(753,'3c3f19f802be44678ff29fa8f1383a21',2),(754,'3c3f19f802be44678ff29fa8f1383a21',3),(168,'3c841015c8f9440889bee2410f9d6cbb',1),(623,'3cadbf0bebcb47cfb568386a015f7c96',2),(624,'3cadbf0bebcb47cfb568386a015f7c96',3),(39,'3d15c0a7c70b4b6aa7715eb83436210b',1),(567,'3dada67323124499b22a752b58f8e117',2),(568,'3dada67323124499b22a752b58f8e117',3),(211,'3e72b78191644d14819dd7579fba07ee',2),(212,'3e72b78191644d14819dd7579fba07ee',3),(474,'3ec5b83c4d0e47edbc06c5a94e0e9031',1),(981,'3eeb31b6a06c45cf9dadd85a9757653b',2),(982,'3eeb31b6a06c45cf9dadd85a9757653b',3),(416,'3f64a1aae72f466fa84bfe81d5c69b5a',2),(417,'3f64a1aae72f466fa84bfe81d5c69b5a',3),(462,'3f9e65863e3049e0b83e11eb5f18b09d',2),(463,'3f9e65863e3049e0b83e11eb5f18b09d',3),(835,'3fa803fc87154f0481d95b91c1f89baf',2),(836,'3fa803fc87154f0481d95b91c1f89baf',3),(769,'3ff062a50af747d598b7a2d4897eb1e5',2),(770,'3ff062a50af747d598b7a2d4897eb1e5',3),(605,'4025102dcb894c6f9acf326d1eae4b92',2),(606,'4025102dcb894c6f9acf326d1eae4b92',3),(903,'402944843138422c96ffcacb7051e2b3',2),(904,'402944843138422c96ffcacb7051e2b3',3),(208,'403056f991b7432585eade02945d479c',1),(375,'41287c8a04ef488495b4b9be243ac4e8',1),(366,'421b43c06b094e109b6dece0e8544c13',2),(367,'421b43c06b094e109b6dece0e8544c13',3),(380,'42f0f3b661464e45a77dfca83910d570',1),(269,'432d5c5a7d1845bd9aa58c0a1cd3f044',2),(270,'432d5c5a7d1845bd9aa58c0a1cd3f044',3),(181,'43e6e80cb41a4143aca284c3622b53ee',2),(182,'43e6e80cb41a4143aca284c3622b53ee',3),(259,'44264b1451d846b4aa9491aba509b145',1),(601,'443407e33eb64c4cb7f11c0807d0dfff',2),(602,'443407e33eb64c4cb7f11c0807d0dfff',3),(565,'4442e0d763e245b1a9d87c0ac69312ad',2),(566,'4442e0d763e245b1a9d87c0ac69312ad',3),(227,'4474d3ba0b2e49c7a59fd757c1a82f1d',1),(475,'451b80a699f9481f8e15f43563dd8057',2),(476,'451b80a699f9481f8e15f43563dd8057',3),(691,'4666e87cc16948749b755ac3d1d991ee',2),(692,'4666e87cc16948749b755ac3d1d991ee',3),(957,'46bb380410a14a0c8c85a80fabe612fa',2),(958,'46bb380410a14a0c8c85a80fabe612fa',3),(649,'470f94aabd12454b88826d204e20ef29',2),(650,'470f94aabd12454b88826d204e20ef29',3),(29,'47ac105c75ca496ea345dd45a9fa1619',2),(30,'47ac105c75ca496ea345dd45a9fa1619',3),(234,'47d182d5c42446668b7a57f7c7d1532a',1),(831,'47dbc3caf83742dc809a2e30a388c9e1',2),(832,'47dbc3caf83742dc809a2e30a388c9e1',3),(671,'48f9163070714abd9938849849fd04ba',2),(672,'48f9163070714abd9938849849fd04ba',3),(481,'4922ff35a39a4c9a8e91fe12594c26d1',2),(482,'4922ff35a39a4c9a8e91fe12594c26d1',3),(91,'495f31afbaf547dcabbf4b0620fd7709',1),(90,'49db2b2780ca4719b39b11716ef90dbc',1),(511,'4a97a927f55b452c909662c2728fa6f3',2),(512,'4a97a927f55b452c909662c2728fa6f3',3),(364,'4c100fe803aa4533a2bffa34b0e9e9c6',2),(365,'4c100fe803aa4533a2bffa34b0e9e9c6',3),(643,'4ddf1425dded4f9a9e8940ba1b05fa3f',2),(644,'4ddf1425dded4f9a9e8940ba1b05fa3f',3),(223,'4e2601ba093c402cb133999df42ac524',2),(224,'4e2601ba093c402cb133999df42ac524',3),(573,'5036103a272d4605b9cd7784a4eaa51b',2),(574,'5036103a272d4605b9cd7784a4eaa51b',3),(525,'5040428d94e244f8bc20c91501834ac9',2),(526,'5040428d94e244f8bc20c91501834ac9',3),(44,'51101d1af8c3434b928aa4cec7149d54',1),(11,'511495b833dd4920b3d6ca7ad8fabd10',2),(12,'511495b833dd4920b3d6ca7ad8fabd10',3),(430,'51b5d718340e4f79bdee656047d2ea54',2),(431,'51b5d718340e4f79bdee656047d2ea54',3),(46,'51f4a02e7d50436f87a2b37e467a2024',1),(165,'5299ec675647431181b24fd4d490b300',1),(293,'539c6e05f49743048fc690358f95e688',2),(294,'539c6e05f49743048fc690358f95e688',3),(531,'53e0c071450b4cc19ccdc89d3c5afb3b',2),(532,'53e0c071450b4cc19ccdc89d3c5afb3b',3),(207,'543316c6499c49f4b86a6e1141a9fbb3',1),(70,'54494070a9804eb6abfa349bdf94e882',2),(71,'54494070a9804eb6abfa349bdf94e882',3),(729,'558d4c6a9fe04f379e1de81eda4be4ac',2),(730,'558d4c6a9fe04f379e1de81eda4be4ac',3),(144,'558fe9fd5b81459ca39faf21cf4fbef3',2),(145,'558fe9fd5b81459ca39faf21cf4fbef3',3),(711,'5601ec73389f466dbe741ded28b253ed',2),(712,'5601ec73389f466dbe741ded28b253ed',3),(152,'5674de5ba5e14ba9bdcecbf965aee2a4',2),(153,'5674de5ba5e14ba9bdcecbf965aee2a4',3),(721,'569f7856e53748899e79bdbf026dbd6a',2),(722,'569f7856e53748899e79bdbf026dbd6a',3),(763,'56c7edbd65064b55aea9c9ed19a794ab',2),(764,'56c7edbd65064b55aea9c9ed19a794ab',3),(555,'5743be84a7c74363813960c893a32267',2),(556,'5743be84a7c74363813960c893a32267',3),(469,'5773876e9c2745f5990750514f451e4b',1),(352,'57a8df70c5d94d3f813e907d0aa2cb28',2),(353,'57a8df70c5d94d3f813e907d0aa2cb28',3),(17,'57d6ae5501094a9c9f9c692b073d3356',2),(18,'57d6ae5501094a9c9f9c692b073d3356',3),(295,'586ff6ef88e547d790ff80907d4ba37f',2),(296,'586ff6ef88e547d790ff80907d4ba37f',3),(265,'588aadd1509e49fda3868b0b819d5e8e',2),(266,'588aadd1509e49fda3868b0b819d5e8e',3),(438,'58b06dda19254ca6b4c1d9d447e4885e',2),(439,'58b06dda19254ca6b4c1d9d447e4885e',3),(839,'58d306301a724bb2869fd61635696017',2),(840,'58d306301a724bb2869fd61635696017',3),(633,'59c8ec0797fd41e890bca79cac6f8558',2),(634,'59c8ec0797fd41e890bca79cac6f8558',3),(446,'5a062ea7eafb4fe4a7c60e03443e17f8',1),(54,'5a13d82bc035439ca87e136fbac3254c',2),(55,'5a13d82bc035439ca87e136fbac3254c',3),(158,'5a9f7dcbe44e4261bd2661c386ed9247',2),(159,'5a9f7dcbe44e4261bd2661c386ed9247',3),(48,'5c5bffb1fa5748cc92f0952ee0205397',2),(49,'5c5bffb1fa5748cc92f0952ee0205397',3),(607,'5ca846a3677d4b2aaebf4a38cdf86634',2),(608,'5ca846a3677d4b2aaebf4a38cdf86634',3),(929,'5cc5e718d8e1445882a1d0188f67a61e',2),(930,'5cc5e718d8e1445882a1d0188f67a61e',3),(160,'5da457f5ccdd4dbe92c9438a8513c5ad',1),(156,'5e9664c8a6534149bdc1e3d6f0e6f72e',2),(157,'5e9664c8a6534149bdc1e3d6f0e6f72e',3),(305,'5f6ba0decd1648d786e2c0f3412a9147',1),(95,'5f8496b2beff47d680ba7fc358f4e30f',2),(96,'5f8496b2beff47d680ba7fc358f4e30f',3),(139,'60226c8f10564fa99411cf6e8e55182d',1),(164,'612831e6397f46ed99c20390ebe6dbbd',1),(428,'6284eeef74dc44bd81fa0534c516d219',2),(429,'6284eeef74dc44bd81fa0534c516d219',3),(773,'6394795361df45be941d60f0ad220d7a',2),(774,'6394795361df45be941d60f0ad220d7a',3),(447,'63c624388f3e4e218aa0aeaf5cf70aab',1),(76,'63ed07b79f7f470eabb42033dde0bd3f',2),(77,'63ed07b79f7f470eabb42033dde0bd3f',3),(316,'645cfa246f1f4b4d8b74bac25101a54d',2),(317,'645cfa246f1f4b4d8b74bac25101a54d',3),(987,'64803182d08b48378714a0cece4c41af',2),(988,'64803182d08b48378714a0cece4c41af',3),(534,'64e992a624a04aa0846a4ee7b26e87a8',1),(148,'657a57a6d3fa415ebdee15de013562b0',2),(149,'657a57a6d3fa415ebdee15de013562b0',3),(815,'65c80d35ddf64fc4a2de5a1b75836859',2),(816,'65c80d35ddf64fc4a2de5a1b75836859',3),(350,'65fc6973a0f74d4c8cf6fa2001cd144c',2),(351,'65fc6973a0f74d4c8cf6fa2001cd144c',3),(517,'669146bdc5cb4525a2ecd4e8b20a98d7',2),(518,'669146bdc5cb4525a2ecd4e8b20a98d7',3),(485,'6717e115d21743678bcaf53f4350c653',2),(486,'6717e115d21743678bcaf53f4350c653',3),(56,'67f919f4438845cab5547669b18d2e57',2),(57,'67f919f4438845cab5547669b18d2e57',3),(312,'68381189e5ee49678fd0a249db4ba506',2),(313,'68381189e5ee49678fd0a249db4ba506',3),(404,'68ac7428b1c145a0a924ec2417c61f75',1),(301,'68c0bfa7259c42cb835aeef2873d0584',1),(667,'68cda689d76e4ee391de9bc542e03322',2),(668,'68cda689d76e4ee391de9bc542e03322',3),(434,'699e71b7ac0a4ee6ba1163cbce0a81dc',2),(435,'699e71b7ac0a4ee6ba1163cbce0a81dc',3),(103,'6a7c5abde36442da9a91abdd0d87b6e8',2),(104,'6a7c5abde36442da9a91abdd0d87b6e8',3),(669,'6b1989f5c4b14d42b1a8f68d1265447e',2),(670,'6b1989f5c4b14d42b1a8f68d1265447e',3),(93,'6ce4f1e504054938a2f87b31abe6d6a9',1),(561,'6d235eeedaa2460c8dac7669a5f06edd',2),(562,'6d235eeedaa2460c8dac7669a5f06edd',3),(479,'6db92e9ec58a465b9f26e071b631135e',2),(480,'6db92e9ec58a465b9f26e071b631135e',3),(291,'6df4e80257354f05bb09b5ce63bf933d',2),(292,'6df4e80257354f05bb09b5ce63bf933d',3),(661,'6ed0247a1a23490f8cf00783d67c885a',2),(662,'6ed0247a1a23490f8cf00783d67c885a',3),(213,'6f586168488a401eb9fc13ae1c6a4316',2),(214,'6f586168488a401eb9fc13ae1c6a4316',3),(883,'6ffc803d30924593969421a2e040d47e',2),(884,'6ffc803d30924593969421a2e040d47e',3),(141,'7006246dafdd4d2faeb9a6065e56c2e5',1),(195,'70812ef092a44717a988247c1850a9a1',2),(196,'70812ef092a44717a988247c1850a9a1',3),(809,'709f534f9ff44e23958cdd7667aaa9be',2),(810,'709f534f9ff44e23958cdd7667aaa9be',3),(283,'70aa18fad0e74ed38bf12c046ad4eab9',2),(284,'70aa18fad0e74ed38bf12c046ad4eab9',3),(757,'70e39cf40baa4a2d9f2e0f8f2a898439',2),(758,'70e39cf40baa4a2d9f2e0f8f2a898439',3),(27,'7127d1aaa5ba4895bae7f3e521dddb7e',2),(28,'7127d1aaa5ba4895bae7f3e521dddb7e',3),(791,'71ed1f12d82d49b88a7d466edacc9126',2),(792,'71ed1f12d82d49b88a7d466edacc9126',3),(342,'72045075e874425c9a11f2ccf1e27b7e',2),(343,'72045075e874425c9a11f2ccf1e27b7e',3),(344,'7214af5c217f4ad085e045054b270966',2),(345,'7214af5c217f4ad085e045054b270966',3),(105,'728de35400194a6c83e437e281d26484',2),(106,'728de35400194a6c83e437e281d26484',3),(829,'72a760469da54d5594ed0e3a2314a565',2),(830,'72a760469da54d5594ed0e3a2314a565',3),(719,'72df0eb8d4f74e49b414d5d277b15a21',2),(720,'72df0eb8d4f74e49b414d5d277b15a21',3),(937,'72fa8062630245fba798fa5f4f0cba00',2),(938,'72fa8062630245fba798fa5f4f0cba00',3),(501,'7322aeca54224f719a72f7edfb8a6572',2),(502,'7322aeca54224f719a72f7edfb8a6572',3),(873,'736612ecc56d44859033ca9b073b69f7',2),(874,'736612ecc56d44859033ca9b073b69f7',3),(927,'73f63871e97749bab044e0757f3b0de7',2),(928,'73f63871e97749bab044e0757f3b0de7',3),(861,'744f01e6b30246b2927c572815c34f49',2),(862,'744f01e6b30246b2927c572815c34f49',3),(21,'74e978aa27ac4f5693e53ad5c84776ed',2),(22,'74e978aa27ac4f5693e53ad5c84776ed',3),(871,'7545d997957b4ef2b2665314e7b61bee',2),(872,'7545d997957b4ef2b2665314e7b61bee',3),(279,'754f055551374d5abb2c20c7df1f5ab0',2),(280,'754f055551374d5abb2c20c7df1f5ab0',3),(267,'757ba94e012d41e3a0eb00400dc0baeb',2),(268,'757ba94e012d41e3a0eb00400dc0baeb',3),(41,'75a35af5505c43508e455438e13bf716',1),(233,'75ca0da1c74b49efab40cf7b3d586cd8',1),(135,'75fca4590d5f4d9d9c93f24fb8f8f6d0',1),(197,'762562b0e9ea4e3c97415282807b0191',2),(198,'762562b0e9ea4e3c97415282807b0191',3),(440,'76d98884586148ebbf717321121bc9b6',2),(441,'76d98884586148ebbf717321121bc9b6',3),(859,'78f7b23515064cebb2b0216090015b9a',2),(860,'78f7b23515064cebb2b0216090015b9a',3),(493,'79d05ef40e53422aafb23322a00fc804',1),(925,'7ab296be64d54c87ae23ed5e0881af71',2),(926,'7ab296be64d54c87ae23ed5e0881af71',3),(277,'7acd873304bc4d059e1218fba4521376',2),(278,'7acd873304bc4d059e1218fba4521376',3),(436,'7ad20efb02e948f7834799f96e30ac7b',2),(437,'7ad20efb02e948f7834799f96e30ac7b',3),(405,'7aded2453d7a4d9db35a04deb9baec85',1),(781,'7bcc3f20bad140c08e7240bb3d4b37cd',2),(782,'7bcc3f20bad140c08e7240bb3d4b37cd',3),(609,'7c2f5164a40542f68fca1687595c325a',2),(610,'7c2f5164a40542f68fca1687595c325a',3),(109,'7de4f95a14884d438960b092bfa5c7b1',2),(110,'7de4f95a14884d438960b092bfa5c7b1',3),(583,'7eb8b48fabea43949f5cab187ff8c668',2),(584,'7eb8b48fabea43949f5cab187ff8c668',3),(378,'7ec888888f4c451885a15e33a9e0d9f6',1),(161,'7f1cc6683c054558a5e49a44738e87cc',1),(969,'80cde3c1b2da4ca7a485ee1f04faf1fc',2),(970,'80cde3c1b2da4ca7a485ee1f04faf1fc',3),(489,'80f58a14a32546f192e0c3542f8ab2a5',2),(490,'80f58a14a32546f192e0c3542f8ab2a5',3),(697,'81337c5a3a0e4a738b6181b167c117f5',2),(698,'81337c5a3a0e4a738b6181b167c117f5',3),(695,'82aa28c4b2e24da1a25e995f6df92f92',2),(696,'82aa28c4b2e24da1a25e995f6df92f92',3),(119,'82c488f44ddb418b9fa9a6c252ec4559',2),(120,'82c488f44ddb418b9fa9a6c252ec4559',3),(777,'82d7675c6c654d0fb2aeee6f5adf4eda',2),(778,'82d7675c6c654d0fb2aeee6f5adf4eda',3),(219,'8325baba24624a70bae186d57cc380b1',2),(220,'8325baba24624a70bae186d57cc380b1',3),(911,'838901e5fd3c44b9ae632990f5122dc2',2),(912,'838901e5fd3c44b9ae632990f5122dc2',3),(395,'8498ec38c2454e849ef2bf121951bf42',2),(396,'8498ec38c2454e849ef2bf121951bf42',3),(713,'85ce0e3be20348dfb28b6a91ee857a04',2),(714,'85ce0e3be20348dfb28b6a91ee857a04',3),(131,'86a4da845d6c49c1b663d87207c339b8',2),(132,'86a4da845d6c49c1b663d87207c339b8',3),(338,'86d6a5406fab410699825d262a705ca8',2),(339,'86d6a5406fab410699825d262a705ca8',3),(134,'8759083bf3b344e88ac1e5072482985b',1),(915,'8786ef07a8ee45239c19bfadedc664e7',2),(916,'8786ef07a8ee45239c19bfadedc664e7',3),(258,'87ddf876384b4c74ab1aca32bc8a657e',1),(80,'87e14faf8d0f48138db881809365d455',2),(81,'87e14faf8d0f48138db881809365d455',3),(817,'87ebb0d8eb734c959a2114e3e2ffe3a6',2),(818,'87ebb0d8eb734c959a2114e3e2ffe3a6',3),(297,'8858856bf6b04af0b2efaa1d65801536',2),(298,'8858856bf6b04af0b2efaa1d65801536',3),(597,'88e1ec3e6562472b966a743f3ed41457',2),(598,'88e1ec3e6562472b966a743f3ed41457',3),(593,'89468d67c48b4b858bffbea9372472e4',2),(594,'89468d67c48b4b858bffbea9372472e4',3),(585,'895aa3517fcc4e3abee525da715a9d97',2),(586,'895aa3517fcc4e3abee525da715a9d97',3),(250,'8a13485e6c4945478c2de416c07a0ab1',2),(251,'8a13485e6c4945478c2de416c07a0ab1',3),(101,'8a32f25d7ad3426395f2578de5600e61',2),(102,'8a32f25d7ad3426395f2578de5600e61',3),(358,'8ae4b38b4bde49a1a5d307cb713e8127',2),(359,'8ae4b38b4bde49a1a5d307cb713e8127',3),(235,'8b14d904f6874753a2cb6cfae3a7c076',1),(539,'8b4faa4abc1b4a7c83accb08a3784815',2),(540,'8b4faa4abc1b4a7c83accb08a3784815',3),(785,'8bbc9a62b87e498f931ffd92f4be35f9',2),(786,'8bbc9a62b87e498f931ffd92f4be35f9',3),(334,'8c29b09dc94f4f319766f2dadc38905f',1),(625,'8c33c61d3f964f8db9c80b83f280ff2a',2),(626,'8c33c61d3f964f8db9c80b83f280ff2a',3),(941,'8c90182c17914243ad64ddb51ca2c428',2),(942,'8c90182c17914243ad64ddb51ca2c428',3),(452,'8c9e43eb102b43b0ad43d94d2e0ac882',2),(453,'8c9e43eb102b43b0ad43d94d2e0ac882',3),(685,'8d15c2c51f14448cb61ed5f36c163b7a',2),(686,'8d15c2c51f14448cb61ed5f36c163b7a',3),(499,'8d319395d611439bbcc676cdcebe17f7',2),(500,'8d319395d611439bbcc676cdcebe17f7',3),(454,'8d48c8b10580411994c2d431cdc3c7d0',2),(455,'8d48c8b10580411994c2d431cdc3c7d0',3),(787,'8d7f2cb2dec14f1a808b5e39bc87c20d',2),(788,'8d7f2cb2dec14f1a808b5e39bc87c20d',3),(727,'8da572a38a8e4fa4b21a5a2138fb05df',2),(728,'8da572a38a8e4fa4b21a5a2138fb05df',3),(569,'8dc1122614244420b56179879887edb1',2),(570,'8dc1122614244420b56179879887edb1',3),(372,'8e3d8134253846a2963d2a537f2366da',1),(963,'8e45973c25e3481580af66a572795448',2),(964,'8e45973c25e3481580af66a572795448',3),(749,'8e5908f64a8041cf83f3c3b0b317a136',2),(750,'8e5908f64a8041cf83f3c3b0b317a136',3),(933,'8ee13370e23b4af1aca475898a9c7ee1',2),(934,'8ee13370e23b4af1aca475898a9c7ee1',3),(949,'8f35ab2a7b6a417696a2c5a29c70e0d5',2),(950,'8f35ab2a7b6a417696a2c5a29c70e0d5',3),(88,'8f732933f3eb47978bddde91b1bc848e',1),(373,'8fc151b6e9f84884b67d5bf7ed067c74',1),(246,'8fed05b66e774f5ca574ab144a55a20d',2),(247,'8fed05b66e774f5ca574ab144a55a20d',3),(35,'90f78b81bbd74587b1f934a68c8577e7',2),(36,'90f78b81bbd74587b1f934a68c8577e7',3),(273,'914fd6dee43945d090cb5fe7f8fd2930',2),(274,'914fd6dee43945d090cb5fe7f8fd2930',3),(983,'918adab6951d49a1b6aa2e8b7559e1d8',2),(984,'918adab6951d49a1b6aa2e8b7559e1d8',3),(663,'922def5bc28942e395953b6c7e0db4d6',2),(664,'922def5bc28942e395953b6c7e0db4d6',3),(935,'92aa195abc904dacae73aba5385d175e',2),(936,'92aa195abc904dacae73aba5385d175e',3),(771,'92e3dff8cfb144efabc66a4b1217ed88',2),(772,'92e3dff8cfb144efabc66a4b1217ed88',3),(879,'934ef03a61e248f9a0ceb5053f70f649',2),(880,'934ef03a61e248f9a0ceb5053f70f649',3),(807,'93559e2e32264ee58bc471b8617533db',2),(808,'93559e2e32264ee58bc471b8617533db',3),(391,'937b5390059d4232af06e03f5e7e918f',2),(392,'937b5390059d4232af06e03f5e7e918f',3),(420,'93f83cc3c8324b538521b50492fb98c2',2),(421,'93f83cc3c8324b538521b50492fb98c2',3),(657,'94781e93d5714e7ab5c9868e5c7b80b1',2),(658,'94781e93d5714e7ab5c9868e5c7b80b1',3),(655,'94f331ff49824cb4904ff2cc879bd73d',2),(656,'94f331ff49824cb4904ff2cc879bd73d',3),(336,'950e7be39c7f4eeeb79287b80223cc05',2),(337,'950e7be39c7f4eeeb79287b80223cc05',3),(444,'955b397c4f47416c9e7607f4b4834b09',2),(445,'955b397c4f47416c9e7607f4b4834b09',3),(979,'95ac592eeaee4c82b0782eb732aa078b',2),(980,'95ac592eeaee4c82b0782eb732aa078b',3),(659,'95bc6b1a696b42b6a31e203a0c418467',2),(660,'95bc6b1a696b42b6a31e203a0c418467',3),(967,'95f979fcc51c4c368f5f790e8e61b3ba',2),(968,'95f979fcc51c4c368f5f790e8e61b3ba',3),(867,'96999c295e164bb3a2be75718d898378',2),(868,'96999c295e164bb3a2be75718d898378',3),(304,'96fb386c5696425496f3ceb03f99d1f0',1),(209,'97ab31819b7d47598cda15ead567b402',2),(210,'97ab31819b7d47598cda15ead567b402',3),(308,'99009394260d40b98d9d6ad5b9a75ccf',2),(309,'99009394260d40b98d9d6ad5b9a75ccf',3),(133,'99f361b53fa64d649d6664310cdecfa9',1),(389,'9a889355a987440bbf86cdbb70047416',2),(390,'9a889355a987440bbf86cdbb70047416',3),(335,'9aef1b1557164a6399c813c88ff311f7',1),(751,'9b2b1c5f4b2543cea59533e9a103aaf9',2),(752,'9b2b1c5f4b2543cea59533e9a103aaf9',3),(647,'9b4a21f2bf604e699afd17563bb2a23c',2),(648,'9b4a21f2bf604e699afd17563bb2a23c',3),(665,'9b5e48c171ec49d4875043c1355abb99',2),(666,'9b5e48c171ec49d4875043c1355abb99',3),(471,'9bc1704cf5c24e0097adc9bd1ca98019',1),(725,'9bc523569661429d9b98b5b8e92ef5f7',2),(726,'9bc523569661429d9b98b5b8e92ef5f7',3),(637,'9c19f3099c58409091bd1d47b2b5bb86',2),(638,'9c19f3099c58409091bd1d47b2b5bb86',3),(645,'9c97f55e7ba64940bd1765fcb1bd0037',2),(646,'9c97f55e7ba64940bd1765fcb1bd0037',3),(693,'9d5eacbb3e04497d9d52df5a4756ee78',2),(694,'9d5eacbb3e04497d9d52df5a4756ee78',3),(115,'9d95d50fa5c842f89b0d415ef09b5147',2),(116,'9d95d50fa5c842f89b0d415ef09b5147',3),(917,'9dd15c02bac74957a78f788873f33df0',2),(918,'9dd15c02bac74957a78f788873f33df0',3),(627,'9e624709e1694ff8823fe6e80f0f55e7',2),(628,'9e624709e1694ff8823fe6e80f0f55e7',3),(737,'9f133b2a743547d893dddd9dcaaa8f38',2),(738,'9f133b2a743547d893dddd9dcaaa8f38',3),(747,'9f232321c17f45498f23d5da70dbd962',2),(748,'9f232321c17f45498f23d5da70dbd962',3),(221,'9f93646cc6704e74a072beba576b8bd3',2),(222,'9f93646cc6704e74a072beba576b8bd3',3),(847,'a0ab0bf077ea4e418a6b69693e7b42dd',2),(848,'a0ab0bf077ea4e418a6b69693e7b42dd',3),(923,'a0d4d3c4ffd644e3ac289812d6b1e2aa',2),(924,'a0d4d3c4ffd644e3ac289812d6b1e2aa',3),(185,'a0d5887b8e3a44308aeb22c0e0de54b1',2),(186,'a0d5887b8e3a44308aeb22c0e0de54b1',3),(356,'a234986a23b740dfa0a3765e04c506ad',2),(357,'a234986a23b740dfa0a3765e04c506ad',3),(945,'a264712f14db4d73aecf40f6ef385056',2),(946,'a264712f14db4d73aecf40f6ef385056',3),(307,'a2c21a1ccc76405d8dc29c8696c941b7',1),(985,'a2d1223d1d694535bc2ca74ceecc9d7b',2),(986,'a2d1223d1d694535bc2ca74ceecc9d7b',3),(921,'a324b4d6b5e14de3b6f6219274142102',2),(922,'a324b4d6b5e14de3b6f6219274142102',3),(99,'a33bf09d0f7a4e8a8d5738911f13cf6f',2),(100,'a33bf09d0f7a4e8a8d5738911f13cf6f',3),(97,'a37930924d1d493e934d405a182a8035',2),(98,'a37930924d1d493e934d405a182a8035',3),(40,'a3af27b4562a40c49f449a917b6c3426',1),(961,'a4931144a23941759e99d04950cec301',2),(962,'a4931144a23941759e99d04950cec301',3),(238,'a5a802fa9c52496da8b228d8414696ae',2),(239,'a5a802fa9c52496da8b228d8414696ae',3),(42,'a62b3985d1224dc1b0e7f6f5d38415bb',1),(25,'a6a0664d2ee94791b794110911d85940',2),(26,'a6a0664d2ee94791b794110911d85940',3),(94,'a6f6880bc09a4070b5350a6e64e84d8e',1),(793,'a784756dc31541969ee08fa21f5d99a0',2),(794,'a784756dc31541969ee08fa21f5d99a0',3),(47,'a7f530c25d6442c9a4ba131794e667fd',1),(679,'a8225c3f3f0b440ba45b9d83f1995cd2',2),(680,'a8225c3f3f0b440ba45b9d83f1995cd2',3),(281,'a8872dd8e4ea476eb2c626dcf19b166f',1),(617,'a8d1fef8a0a849c1a95370581c106e15',2),(618,'a8d1fef8a0a849c1a95370581c106e15',3),(303,'a8e39336e66d4a4bba2905a1fd1205b1',1),(138,'a92269f1a7a84dc28fd5293e946ac0dc',1),(603,'a98c3f91de5144768d4bc59ab3e9ab46',2),(604,'a98c3f91de5144768d4bc59ab3e9ab46',3),(795,'a9e1449b8fe34b3894579d389a6c51a6',2),(796,'a9e1449b8fe34b3894579d389a6c51a6',3),(775,'aa06138237e0498f9364321abf181150',2),(776,'aa06138237e0498f9364321abf181150',3),(242,'aa0f1ced9d1b4a8ca2456467e60a7ea2',2),(243,'aa0f1ced9d1b4a8ca2456467e60a7ea2',3),(50,'aa62f72cb19c4944ae31f73a102c08b9',2),(51,'aa62f72cb19c4944ae31f73a102c08b9',3),(495,'aaece212150044cf83922c966acb73cd',2),(496,'aaece212150044cf83922c966acb73cd',3),(324,'ab07342f1bfd41519d4a1a9bcc89a4f1',2),(325,'ab07342f1bfd41519d4a1a9bcc89a4f1',3),(370,'ab4985c9fce84786a778b0383760af64',2),(371,'ab4985c9fce84786a778b0383760af64',3),(232,'abb67c1a44b14b3b9be6bfb715a9d009',1),(703,'ad4f4af1ada04a80ab5fa94ce78885e8',2),(704,'ad4f4af1ada04a80ab5fa94ce78885e8',3),(37,'ad638e3a2016489f88362d6214fad3ff',2),(38,'ad638e3a2016489f88362d6214fad3ff',3),(289,'ad84a7c979fe457da0363950fef5f380',2),(290,'ad84a7c979fe457da0363950fef5f380',3),(231,'ad911d80843946ba8707120412889c74',1),(383,'add588b0b36f4126ad6298ac0edba12c',2),(384,'add588b0b36f4126ad6298ac0edba12c',3),(823,'ae2624a722d74a70969ce94ada21550a',2),(824,'ae2624a722d74a70969ce94ada21550a',3),(857,'aec8de5801ca46b5b3651726756acbd6',2),(858,'aec8de5801ca46b5b3651726756acbd6',3),(285,'af56a41ed61e43b29358b986ad219cb6',2),(286,'af56a41ed61e43b29358b986ad219cb6',3),(460,'b009bcf9890b4fc5b4a1ad32774ca050',2),(461,'b009bcf9890b4fc5b4a1ad32774ca050',3),(675,'b0db1fc0323f471bae9f50df0daf0ca0',2),(676,'b0db1fc0323f471bae9f50df0daf0ca0',3),(314,'b1108efb7d3d4ca2832d4f23a781b029',2),(315,'b1108efb7d3d4ca2832d4f23a781b029',3),(855,'b12cebdedc4341aca9f14c83978d2126',2),(856,'b12cebdedc4341aca9f14c83978d2126',3),(513,'b25f413f6fb84884898af8fb020003e9',1),(448,'b2719152f54b4cd98a8dbaf7aaf8655d',2),(449,'b2719152f54b4cd98a8dbaf7aaf8655d',3),(491,'b2cfef60a60447f4ab180b677d128211',2),(492,'b2cfef60a60447f4ab180b677d128211',3),(765,'b308e80dc75d4ef396f77a629f0b64ab',2),(766,'b308e80dc75d4ef396f77a629f0b64ab',3),(114,'b312152a58f04327ae151412301a7698',1),(943,'b37595ff43bc452dbd1d2309cda7f394',2),(944,'b37595ff43bc452dbd1d2309cda7f394',3),(385,'b3f36092bf8945989a25b32955c61cda',2),(386,'b3f36092bf8945989a25b32955c61cda',3),(111,'b43d4b1fae8f42b282052080f38a90a5',2),(112,'b43d4b1fae8f42b282052080f38a90a5',3),(179,'b46e05a5f5c64c8eaac03da91c2f4cbd',2),(180,'b46e05a5f5c64c8eaac03da91c2f4cbd',3),(653,'b47d5735a72d48d789e480733b5e5978',2),(654,'b47d5735a72d48d789e480733b5e5978',3),(971,'b4a013659e3949f0b3f02acff9639a79',2),(972,'b4a013659e3949f0b3f02acff9639a79',3),(715,'b5450756291c43c5b86b609720f8ef32',2),(716,'b5450756291c43c5b86b609720f8ef32',3),(755,'b6e67dfa35f44269b1a760b8b828ccf3',2),(756,'b6e67dfa35f44269b1a760b8b828ccf3',3),(995,'b71daac7f2d04d1da7a0e1b4f6fed2c7',2),(996,'b71daac7f2d04d1da7a0e1b4f6fed2c7',3),(811,'b795c6ae29dc4fcfa87445baee6e33ef',2),(812,'b795c6ae29dc4fcfa87445baee6e33ef',3),(931,'b799564701624a549bbd902da45a8a47',2),(932,'b799564701624a549bbd902da45a8a47',3),(162,'b7dfb8cd9c0d428e8abaab0b7fdd7c59',1),(673,'b8179e4eefc640e894e016e0873bbd65',2),(674,'b8179e4eefc640e894e016e0873bbd65',3),(467,'b833bcc8ef1b42d39f55e254ab993cbd',1),(613,'b8b3cb6e4e1e4f26a1780b69299f265b',2),(614,'b8b3cb6e4e1e4f26a1780b69299f265b',3),(635,'b902751b41c94f548bd17b3e8d588190',2),(636,'b902751b41c94f548bd17b3e8d588190',3),(92,'b9358cbb57d74642ba4a5a6c0f25e843',1),(201,'b93b5be7757b4ca2a9b824f7cb289687',2),(202,'b93b5be7757b4ca2a9b824f7cb289687',3),(254,'b978b8fdc7a34ba6ab2f2df17ade014c',1),(78,'b9d416faa7b04c669ac5cddc323b3636',2),(79,'b9d416faa7b04c669ac5cddc323b3636',3),(761,'ba58fe42e7d6472babc2654f594846fa',2),(762,'ba58fe42e7d6472babc2654f594846fa',3),(591,'ba80cc6365384378a0d0fba7cd4146f4',2),(592,'ba80cc6365384378a0d0fba7cd4146f4',3),(117,'bb4d146eb29244f88d163e32904e5382',2),(118,'bb4d146eb29244f88d163e32904e5382',3),(123,'bb5bda8167364b5897289ce8c6da1fce',2),(124,'bb5bda8167364b5897289ce8c6da1fce',3),(487,'bb7455f8ac3444709397533d5d255fba',2),(488,'bb7455f8ac3444709397533d5d255fba',3),(74,'bb82416afdbc49a39a02044b92142ddf',2),(75,'bb82416afdbc49a39a02044b92142ddf',3),(779,'bbac91ba2be340ab8fcd033fdb067cb4',2),(780,'bbac91ba2be340ab8fcd033fdb067cb4',3),(252,'bbb3e6ed4dfe4652a6bfdce3b3cb3d65',2),(253,'bbb3e6ed4dfe4652a6bfdce3b3cb3d65',3),(875,'bbe99a00a8b9428f8ab37cbbb1ece193',2),(876,'bbe99a00a8b9428f8ab37cbbb1ece193',3),(741,'bcc3c848efd248e88196d5a04d878309',2),(742,'bcc3c848efd248e88196d5a04d878309',3),(299,'bda3db8fcee3481bab833b08e2c8f669',2),(300,'bda3db8fcee3481bab833b08e2c8f669',3),(225,'be6acd63b61247ac90b0af973413dd37',2),(226,'be6acd63b61247ac90b0af973413dd37',3),(1,'be734aec265d4237b70e79237571027d',2),(2,'be734aec265d4237b70e79237571027d',3),(581,'c0843bc1787644ada77758de0f26ef46',2),(582,'c0843bc1787644ada77758de0f26ef46',3),(503,'c0c25f2259474bd7ac41ce5bd83c9717',2),(504,'c0c25f2259474bd7ac41ce5bd83c9717',3),(330,'c1a34d5a1a0f4c3b870688ed12e19ca9',2),(331,'c1a34d5a1a0f4c3b870688ed12e19ca9',3),(549,'c1c17d7217ab413599eda9ed6728fd22',2),(550,'c1c17d7217ab413599eda9ed6728fd22',3),(166,'c1f0257d79af48529a1720516a5e03a7',1),(193,'c286b9b8663a40f4a768cea35e5c83a6',2),(194,'c286b9b8663a40f4a768cea35e5c83a6',3),(709,'c2abb2f2dcc2458583324c47daa2a6a6',2),(710,'c2abb2f2dcc2458583324c47daa2a6a6',3),(683,'c30276a1a06f405ab2d9d89d7a7e7249',2),(684,'c30276a1a06f405ab2d9d89d7a7e7249',3),(229,'c31fda68b3714547b50ebdece410f516',1),(424,'c320fd33b4cd44608a522ffeb8807d0b',2),(425,'c320fd33b4cd44608a522ffeb8807d0b',3),(121,'c32ad62342d941b798f624423db5db4a',2),(122,'c32ad62342d941b798f624423db5db4a',3),(137,'c383ddae633c4c47b1d08df676b4049b',1),(707,'c390c4cc2bb94f1aae2adaa19d6083eb',2),(708,'c390c4cc2bb94f1aae2adaa19d6083eb',3),(87,'c3eb1dc4760c4e138abb6da58312cc20',1),(408,'c4d43f794ec74ca9bb1fa322ac56afbf',2),(409,'c4d43f794ec74ca9bb1fa322ac56afbf',3),(7,'c5b20a2d0829412190d3d0f271dccacf',2),(8,'c5b20a2d0829412190d3d0f271dccacf',3),(863,'c6097e3f05e0418ba940e7a7c1f6c700',2),(864,'c6097e3f05e0418ba940e7a7c1f6c700',3),(869,'c61a196be20b4f57a5599806432a3937',2),(870,'c61a196be20b4f57a5599806432a3937',3),(901,'c71ffd4f4a7542319e74f39a2558b781',2),(902,'c71ffd4f4a7542319e74f39a2558b781',3),(651,'c81fb058f0ad4058b85e786275ddbc62',2),(652,'c81fb058f0ad4058b85e786275ddbc62',3),(701,'c873a3def2e443098cd57910a0656c49',2),(702,'c873a3def2e443098cd57910a0656c49',3),(400,'c88497f23d87470e9b1d3ae3535afdb2',1),(318,'c8b1c8261cad4964836202570c97c6b9',2),(319,'c8b1c8261cad4964836202570c97c6b9',3),(169,'ca6979642b1c43849885ec55c17dccd9',2),(170,'ca6979642b1c43849885ec55c17dccd9',3),(563,'caaa7da37b3b4782875f81cbf8b6f44c',2),(564,'caaa7da37b3b4782875f81cbf8b6f44c',3),(215,'cadac1ec0f1a42c48873f7fb4649c425',2),(216,'cadac1ec0f1a42c48873f7fb4649c425',3),(3,'cb3efed1b93c4c1fa3c8551a73c8066c',2),(4,'cb3efed1b93c4c1fa3c8551a73c8066c',3),(587,'cb9721a2df764657ac377466f1203b84',2),(588,'cb9721a2df764657ac377466f1203b84',3),(217,'cc1f611f03d8490fb265f106abc621f1',2),(218,'cc1f611f03d8490fb265f106abc621f1',3),(529,'cc3c143f289f41cb9c2afc46b22f2643',2),(530,'cc3c143f289f41cb9c2afc46b22f2643',3),(320,'cccbec2b4b81466bbc10ed35f6a19946',2),(321,'cccbec2b4b81466bbc10ed35f6a19946',3),(639,'cd4d8c845b284771a6e7e3a0f52dd168',2),(640,'cd4d8c845b284771a6e7e3a0f52dd168',3),(15,'cdccc145978e4d11a315e97cf9723451',2),(16,'cdccc145978e4d11a315e97cf9723451',3),(535,'cedadbd88628477f9b336f02a317778d',2),(536,'cedadbd88628477f9b336f02a317778d',3),(261,'d04f21d0bd12441cb6b301301169823c',1),(422,'d1283791e8e14e0f8134c72facdad0c7',2),(423,'d1283791e8e14e0f8134c72facdad0c7',3),(310,'d22d9eddd5c74f049119a3c9e1996667',2),(311,'d22d9eddd5c74f049119a3c9e1996667',3),(551,'d3079ac13dd349c59ffec6dc88ad3075',2),(552,'d3079ac13dd349c59ffec6dc88ad3075',3),(887,'d33c125840e54b14960050505db7308a',2),(888,'d33c125840e54b14960050505db7308a',3),(354,'d3a959d470574bd8b6bc40b365ff27ab',2),(355,'d3a959d470574bd8b6bc40b365ff27ab',3),(136,'d4000c61497441c6bf8c977dd0d7c121',1),(466,'d4f983f4c1544d8cacf867719cd16589',1),(255,'d5231acd907b455fbe8964c714d07005',1),(458,'d5fcc903069b4614955c4e8d8925a7f0',2),(459,'d5fcc903069b4614955c4e8d8925a7f0',3),(909,'d655014042bd41e78de02759d872585d',2),(910,'d655014042bd41e78de02759d872585d',3),(468,'d6759ae40b554ebebdba68b2665b9419',1),(799,'d6bf37be1aad4d9cbcb99866101492c5',2),(800,'d6bf37be1aad4d9cbcb99866101492c5',3),(991,'d7c7b08bc5a14412baa4adb322752bad',2),(992,'d7c7b08bc5a14412baa4adb322752bad',3),(905,'d80fdd2ab5914a619a5d29ea18b0ef6b',2),(906,'d80fdd2ab5914a619a5d29ea18b0ef6b',3),(163,'d85ea5535dc74f54a00b97099eab0d59',1),(611,'d95f938025274163ab6043b215c25b6c',2),(612,'d95f938025274163ab6043b215c25b6c',3),(140,'d98eeec6bc4644c5a1bdecc990e75e2b',1),(456,'d9ffed486c3d4cb98e9fde0a1bc99115',2),(457,'d9ffed486c3d4cb98e9fde0a1bc99115',3),(410,'db51708933f3483ba7d1557c98b0bc8d',2),(411,'db51708933f3483ba7d1557c98b0bc8d',3),(897,'dbdb1a48068d4cc5a143bc7f3078fedb',2),(898,'dbdb1a48068d4cc5a143bc7f3078fedb',3),(464,'dbff74e6f1e846b9b44258257c8bda53',2),(465,'dbff74e6f1e846b9b44258257c8bda53',3),(346,'dd10661da8574962976058e750ee3834',2),(347,'dd10661da8574962976058e750ee3834',3),(175,'dd10d8ffc2be4dcf9d9796e235e72116',2),(176,'dd10d8ffc2be4dcf9d9796e235e72116',3),(13,'dd1b000b1584465e870860fb71787f7d',2),(14,'dd1b000b1584465e870860fb71787f7d',3),(733,'dd2270910972423998e272729d27c2ea',2),(734,'dd2270910972423998e272729d27c2ea',3),(183,'def39b5a525c4011b3ab8d474af4c1f4',2),(184,'def39b5a525c4011b3ab8d474af4c1f4',3),(360,'df162a19f511488f91280c5a0130e43e',2),(361,'df162a19f511488f91280c5a0130e43e',3),(240,'df8feb52a2df4e1687b334ff171c3467',2),(241,'df8feb52a2df4e1687b334ff171c3467',3),(340,'dfc6efd90e854fe59aeb8c8718ea7e77',2),(341,'dfc6efd90e854fe59aeb8c8718ea7e77',3),(507,'dfccaab41a4b403a803575ca19ef732e',2),(508,'dfccaab41a4b403a803575ca19ef732e',3),(919,'dfcf569029434f74ae3a40d9f6d36ae7',2),(920,'dfcf569029434f74ae3a40d9f6d36ae7',3),(64,'e02adec794f84afdb8b9cf974ec325e0',2),(65,'e02adec794f84afdb8b9cf974ec325e0',3),(515,'e065df827cf84f1395f3c203050aa5a0',2),(516,'e065df827cf84f1395f3c203050aa5a0',3),(731,'e077a06a0f76426681bbb4cf75b9a50b',2),(732,'e077a06a0f76426681bbb4cf75b9a50b',3),(271,'e2ecc2b386ae4acfb75167f702d5f0c9',2),(272,'e2ecc2b386ae4acfb75167f702d5f0c9',3),(68,'e437d9d43de3425285a4878c048c2343',2),(69,'e437d9d43de3425285a4878c048c2343',3),(306,'e5cc85133b7b49f397bef5e7d8e6f588',1),(377,'e615adae1f8e4273a2ab9516896269a1',1),(483,'e633651647684f64ac09771db71bb8ad',2),(484,'e633651647684f64ac09771db71bb8ad',3),(547,'e63a4765ed6f4e0a936172d17101dd7e',2),(548,'e63a4765ed6f4e0a936172d17101dd7e',3),(322,'e63fa3440f5a4a9d9c96255d16c86b3a',2),(323,'e63fa3440f5a4a9d9c96255d16c86b3a',3),(789,'e67c3689d9d14b11b19dcfd880204951',2),(790,'e67c3689d9d14b11b19dcfd880204951',3),(248,'e6e45894e7f242528c19587286ec57db',2),(249,'e6e45894e7f242528c19587286ec57db',3),(739,'e71e0cdc8c7c4f3bb1f411e035b9fe80',2),(740,'e71e0cdc8c7c4f3bb1f411e035b9fe80',3),(767,'e7371595f5d04257bdfbe3f8fdd3a91c',2),(768,'e7371595f5d04257bdfbe3f8fdd3a91c',3),(189,'e7bc3b7da9674642bbe41a40fcf16601',2),(190,'e7bc3b7da9674642bbe41a40fcf16601',3),(171,'e7c4a27b5fb0488ab8074f3672dd023b',2),(172,'e7c4a27b5fb0488ab8074f3672dd023b',3),(615,'e7fc73d8e937423ca488daa1b7b43b13',2),(616,'e7fc73d8e937423ca488daa1b7b43b13',3),(146,'e868dc9a6b414f9ba6668521077ada45',2),(147,'e868dc9a6b414f9ba6668521077ada45',3),(67,'e875aaafec874e149484dd7a2e58ebad',1),(699,'ea0c16df7d57432b8ea506c0a2501ecb',2),(700,'ea0c16df7d57432b8ea506c0a2501ecb',3),(426,'ea78421d7b294325a2a40c75695b06ca',1),(472,'eaa5f6fa94fe4eadbaa173a8615314c5',1),(681,'eafb2bd22ca7456d8994e0f2320daf02',2),(682,'eafb2bd22ca7456d8994e0f2320daf02',3),(418,'ec2b8ee873e54de5bbbd092d2f657781',2),(419,'ec2b8ee873e54de5bbbd092d2f657781',3),(687,'ec682351cd1d486dbd7f4962a7ba9a21',2),(688,'ec682351cd1d486dbd7f4962a7ba9a21',3),(541,'ec9c6a0594304635a028980dd6eb9745',2),(542,'ec9c6a0594304635a028980dd6eb9745',3),(959,'ed2b1e16b09f429fa770dbcd7bf56c9d',2),(960,'ed2b1e16b09f429fa770dbcd7bf56c9d',3),(975,'ed575d7777f347769d5f1cfc64532bac',2),(976,'ed575d7777f347769d5f1cfc64532bac',3),(689,'ee6af650b7674010bd8163aec0c365c5',2),(690,'ee6af650b7674010bd8163aec0c365c5',3),(851,'ef3595c308144eeeaf8155763abde9f8',2),(852,'ef3595c308144eeeaf8155763abde9f8',3),(537,'ef3770bdb9bc4e29b21e142a1424f995',2),(538,'ef3770bdb9bc4e29b21e142a1424f995',3),(999,'ef3ec2d02bdb433eb561af585800616d',2),(1000,'ef3ec2d02bdb433eb561af585800616d',3),(66,'efa1f79f98914b9aa9cf923f5688444f',1),(629,'f03a775e84a6475591703dc5c19ff311',2),(630,'f03a775e84a6475591703dc5c19ff311',3),(244,'f0e8be28359c434cb70a0de6f9fe82cf',2),(245,'f0e8be28359c434cb70a0de6f9fe82cf',3),(805,'f11847db15de4ae69fe1d1067c836240',2),(806,'f11847db15de4ae69fe1d1067c836240',3),(801,'f1b8bfb6ae894763b0c9627a5dee83e8',2),(802,'f1b8bfb6ae894763b0c9627a5dee83e8',3),(523,'f21992b45b154d818afd7dcf9f0f7ddd',2),(524,'f21992b45b154d818afd7dcf9f0f7ddd',3),(332,'f234feb6b0624defa6552a096f85e912',2),(333,'f234feb6b0624defa6552a096f85e912',3),(783,'f28d9d926ded4b7ea52c1b8a4b981c0e',2),(784,'f28d9d926ded4b7ea52c1b8a4b981c0e',3),(545,'f2b18a7e57ce4302b513e0de4d0cf209',2),(546,'f2b18a7e57ce4302b513e0de4d0cf209',3),(803,'f351626e2e2940e0bc11adf3c83d61bc',2),(804,'f351626e2e2940e0bc11adf3c83d61bc',3),(599,'f38bb7aee72f41a9871dafd164bb5f4c',2),(600,'f38bb7aee72f41a9871dafd164bb5f4c',3),(173,'f42c73add9da46e6a74c93c3ce876e0a',2),(174,'f42c73add9da46e6a74c93c3ce876e0a',3),(895,'f489b40609f241609d313f59a3bd2be0',2),(896,'f489b40609f241609d313f59a3bd2be0',3),(533,'f4972b1dfbc049bb9fcb8180e0ee92b2',1),(470,'f49d2e43251441b3b6276972d8504425',1),(9,'f57c9deb98fc46a693dc32b5bd6b7217',2),(10,'f57c9deb98fc46a693dc32b5bd6b7217',3),(60,'f66001bd0b384dae88059be396ed9f55',2),(61,'f66001bd0b384dae88059be396ed9f55',3),(203,'f69939bfdeec4dc8991d58ea62dadffa',2),(204,'f69939bfdeec4dc8991d58ea62dadffa',3),(45,'f6fc431c912542a889e2562652393058',1),(837,'f721d4d57f7344bcbe071582f332623d',2),(838,'f721d4d57f7344bcbe071582f332623d',3),(397,'f7243291d64849b8b35aa7bcf81bce02',2),(398,'f7243291d64849b8b35aa7bcf81bce02',3),(833,'f7e6e3a992414a17abb896af4d5d29b2',2),(834,'f7e6e3a992414a17abb896af4d5d29b2',3),(989,'f84088e39af8454b857649f65673ae69',2),(990,'f84088e39af8454b857649f65673ae69',3),(31,'f877ba15ed6b4119ab2371b97e4a4182',2),(32,'f877ba15ed6b4119ab2371b97e4a4182',3),(129,'f8c53253a4ef40f3bc9489736a470c5f',2),(130,'f8c53253a4ef40f3bc9489736a470c5f',3),(362,'f9d6da0df0524634bf86743c198b5a15',2),(363,'f9d6da0df0524634bf86743c198b5a15',3),(494,'fa18326764e946fea777e4a2a67bc549',1),(187,'fa7c142f4c3c4a3c97c407202eb0bbc9',1),(33,'fa85d6b8909542cea5d0a3aa8364196d',2),(34,'fa85d6b8909542cea5d0a3aa8364196d',3),(23,'fa91348aa5024fa18ed2d78ecde3a356',2),(24,'fa91348aa5024fa18ed2d78ecde3a356',3),(72,'fb4a8ee196ae487caaf148ef6929e617',2),(73,'fb4a8ee196ae487caaf148ef6929e617',3),(973,'fb94db9b7d66424a92ae2ff63e1a0cb7',2),(974,'fb94db9b7d66424a92ae2ff63e1a0cb7',3),(865,'fba72acb7fad470680258b508d3e2424',2),(866,'fba72acb7fad470680258b508d3e2424',3),(514,'fc5ea5c410c047f7a0f17089363b4bc3',1),(881,'fcc917b1576946aeb7cc97e6305568ce',2),(882,'fcc917b1576946aeb7cc97e6305568ce',3),(705,'fd886ed9beec4c308334b5c07e2ac639',2),(706,'fd886ed9beec4c308334b5c07e2ac639',3),(589,'fe3c3e86f78445dc87243f48f1a2a99a',2),(590,'fe3c3e86f78445dc87243f48f1a2a99a',3),(302,'ff21cfde082f43758f1efe816b5e6020',1),(473,'ff51fd7c19a34f42a8786dfd9af5bc4f',1);
/*!40000 ALTER TABLE `library_sublayer_status` ENABLE KEYS */;
UNLOCK TABLES;

--
-- Table structure for table `silk_profile`
--

DROP TABLE IF EXISTS `silk_profile`;
/*!40101 SET @saved_cs_client     = @@character_set_client */;
/*!50503 SET character_set_client = utf8mb4 */;
CREATE TABLE `silk_profile` (
  `id` int NOT NULL AUTO_INCREMENT,
  `name` varchar(300) NOT NULL,
  `start_time` datetime(6) NOT NULL,
  `end_time` datetime(6) DEFAULT NULL,
  `time_taken` double DEFAULT NULL,
  `file_path` varchar(300) NOT NULL,
  `line_num` int DEFAULT NULL,
  `end_line_num` int DEFAULT NULL,
  `func_name` varchar(300) NOT NULL,
  `exception_raised` tinyint(1) NOT NULL,
  `dynamic` tinyint(1) NOT NULL,
  `request_id` varchar(36) DEFAULT NULL,
  PRIMARY KEY (`id`),
  KEY `silk_profile_request_id_7b81bd69_fk_silk_request_id` (`request_id`),
  CONSTRAINT `silk_profile_request_id_7b81bd69_fk_silk_request_id` FOREIGN KEY (`request_id`) REFERENCES `silk_request` (`id`)
) ENGINE=InnoDB DEFAULT CHARSET=utf8mb4 COLLATE=utf8mb4_0900_ai_ci;
/*!40101 SET character_set_client = @saved_cs_client */;

--
-- Dumping data for table `silk_profile`
--

LOCK TABLES `silk_profile` WRITE;
/*!40000 ALTER TABLE `silk_profile` DISABLE KEYS */;
/*!40000 ALTER TABLE `silk_profile` ENABLE KEYS */;
UNLOCK TABLES;

--
-- Table structure for table `silk_profile_queries`
--

DROP TABLE IF EXISTS `silk_profile_queries`;
/*!40101 SET @saved_cs_client     = @@character_set_client */;
/*!50503 SET character_set_client = utf8mb4 */;
CREATE TABLE `silk_profile_queries` (
  `id` bigint NOT NULL AUTO_INCREMENT,
  `profile_id` int NOT NULL,
  `sqlquery_id` int NOT NULL,
  PRIMARY KEY (`id`),
  UNIQUE KEY `silk_profile_queries_profile_id_sqlquery_id_b2403d9b_uniq` (`profile_id`,`sqlquery_id`),
  KEY `silk_profile_queries_sqlquery_id_155df455_fk_silk_sqlquery_id` (`sqlquery_id`),
  CONSTRAINT `silk_profile_queries_profile_id_a3d76db8_fk_silk_profile_id` FOREIGN KEY (`profile_id`) REFERENCES `silk_profile` (`id`),
  CONSTRAINT `silk_profile_queries_sqlquery_id_155df455_fk_silk_sqlquery_id` FOREIGN KEY (`sqlquery_id`) REFERENCES `silk_sqlquery` (`id`)
) ENGINE=InnoDB DEFAULT CHARSET=utf8mb4 COLLATE=utf8mb4_0900_ai_ci;
/*!40101 SET character_set_client = @saved_cs_client */;

--
-- Dumping data for table `silk_profile_queries`
--

LOCK TABLES `silk_profile_queries` WRITE;
/*!40000 ALTER TABLE `silk_profile_queries` DISABLE KEYS */;
/*!40000 ALTER TABLE `silk_profile_queries` ENABLE KEYS */;
UNLOCK TABLES;

--
-- Table structure for table `silk_request`
--

DROP TABLE IF EXISTS `silk_request`;
/*!40101 SET @saved_cs_client     = @@character_set_client */;
/*!50503 SET character_set_client = utf8mb4 */;
CREATE TABLE `silk_request` (
  `id` varchar(36) NOT NULL,
  `path` varchar(190) NOT NULL,
  `query_params` longtext NOT NULL,
  `raw_body` longtext NOT NULL,
  `body` longtext NOT NULL,
  `method` varchar(10) NOT NULL,
  `start_time` datetime(6) NOT NULL,
  `view_name` varchar(190) DEFAULT NULL,
  `end_time` datetime(6) DEFAULT NULL,
  `time_taken` double DEFAULT NULL,
  `encoded_headers` longtext NOT NULL,
  `meta_time` double DEFAULT NULL,
  `meta_num_queries` int DEFAULT NULL,
  `meta_time_spent_queries` double DEFAULT NULL,
  `pyprofile` longtext NOT NULL,
  `num_sql_queries` int NOT NULL,
  `prof_file` varchar(300) NOT NULL,
  PRIMARY KEY (`id`),
  KEY `silk_request_path_9f3d798e` (`path`),
  KEY `silk_request_start_time_1300bc58` (`start_time`),
  KEY `silk_request_view_name_68559f7b` (`view_name`)
) ENGINE=InnoDB DEFAULT CHARSET=utf8mb4 COLLATE=utf8mb4_0900_ai_ci;
/*!40101 SET character_set_client = @saved_cs_client */;

--
-- Dumping data for table `silk_request`
--

LOCK TABLES `silk_request` WRITE;
/*!40000 ALTER TABLE `silk_request` DISABLE KEYS */;
/*!40000 ALTER TABLE `silk_request` ENABLE KEYS */;
UNLOCK TABLES;

--
-- Table structure for table `silk_sqlquery`
--

DROP TABLE IF EXISTS `silk_sqlquery`;
/*!40101 SET @saved_cs_client     = @@character_set_client */;
/*!50503 SET character_set_client = utf8mb4 */;
CREATE TABLE `silk_sqlquery` (
  `id` int NOT NULL AUTO_INCREMENT,
  `query` longtext NOT NULL,
  `start_time` datetime(6) DEFAULT NULL,
  `end_time` datetime(6) DEFAULT NULL,
  `time_taken` double DEFAULT NULL,
  `traceback` longtext NOT NULL,
  `request_id` varchar(36) DEFAULT NULL,
  `identifier` int NOT NULL,
  `analysis` longtext,
  PRIMARY KEY (`id`),
  KEY `silk_sqlquery_request_id_6f8f0527_fk_silk_request_id` (`request_id`),
  CONSTRAINT `silk_sqlquery_request_id_6f8f0527_fk_silk_request_id` FOREIGN KEY (`request_id`) REFERENCES `silk_request` (`id`)
) ENGINE=InnoDB AUTO_INCREMENT=5597 DEFAULT CHARSET=utf8mb4 COLLATE=utf8mb4_0900_ai_ci;
/*!40101 SET character_set_client = @saved_cs_client */;

--
-- Dumping data for table `silk_sqlquery`
--

LOCK TABLES `silk_sqlquery` WRITE;
/*!40000 ALTER TABLE `silk_sqlquery` DISABLE KEYS */;
/*!40000 ALTER TABLE `silk_sqlquery` ENABLE KEYS */;
UNLOCK TABLES;
/*!40103 SET TIME_ZONE=@OLD_TIME_ZONE */;

/*!40101 SET SQL_MODE=@OLD_SQL_MODE */;
/*!40014 SET FOREIGN_KEY_CHECKS=@OLD_FOREIGN_KEY_CHECKS */;
/*!40014 SET UNIQUE_CHECKS=@OLD_UNIQUE_CHECKS */;
/*!40101 SET CHARACTER_SET_CLIENT=@OLD_CHARACTER_SET_CLIENT */;
/*!40101 SET CHARACTER_SET_RESULTS=@OLD_CHARACTER_SET_RESULTS */;
/*!40101 SET COLLATION_CONNECTION=@OLD_COLLATION_CONNECTION */;
/*!40111 SET SQL_NOTES=@OLD_SQL_NOTES */;

-- Dump completed on 2025-04-29  6:42:03
